status,momentum_lookback,sma_lookback,regime_lookback,fallback_strategy,total_lookback,train_windows,train_improvement_pct,train_extra_spd_sum_vs_dca,train_win_rate_pct,train_strategy_sats,train_dca_sats,train_fallback_days,error
success,21,60,60,sma_60d_weight,141,6,-2.0335254758343746,-1027.1897245059154,50.0,49485564.44123426,50512754.16574016,54,
success,21,60,60,stacksats_mvrv_weight,141,6,-2.3222742860608103,-1173.0447011720971,50.0,49339709.46456808,50512754.16574016,54,
success,21,60,60,stacksats_momentum_weight,141,6,-2.175912735985752,-1099.1134511895143,50.0,49413640.71455067,50512754.16574016,54,
success,21,60,90,sma_60d_weight,171,6,-2.0958174955506115,-1058.655139290051,50.0,49454099.02645012,50512754.16574016,39,
success,21,60,90,stacksats_mvrv_weight,171,6,-2.3753261706493056,-1199.842669214573,50.0,49312911.4965256,50512754.16574016,39,
success,21,60,90,stacksats_momentum_weight,171,6,-2.2192476268265704,-1121.0030980679294,50.0,49391751.067672245,50512754.16574016,39,
success,21,60,120,sma_60d_weight,201,6,-2.0714329202609516,-1046.3378187196286,50.0,49466416.34702054,50512754.16574016,49,
success,21,60,120,stacksats_mvrv_weight,201,6,-2.3406629354865593,-1182.3333144509234,50.0,49330420.851289235,50512754.16574016,49,
success,21,60,120,stacksats_momentum_weight,201,6,-2.2033879905511644,-1112.9919589845522,50.0,49399762.20675563,50512754.16574016,49,
success,21,60,150,sma_60d_weight,231,6,-2.0084643971452154,-1014.5306834363801,50.0,49498223.48230378,50512754.16574016,33,
success,21,60,150,stacksats_mvrv_weight,231,6,-2.298551134552451,-1161.061483970312,50.0,49351692.68176986,50512754.16574016,33,
success,21,60,150,stacksats_momentum_weight,231,6,-2.134162233249459,-1078.024122379371,50.0,49434730.04336081,50512754.16574016,33,
success,21,60,180,sma_60d_weight,261,6,-2.0098865586311465,-1015.2490563716055,50.0,49497505.109368555,50512754.16574016,33,
success,21,60,180,stacksats_mvrv_weight,261,6,-2.3000440110663933,-1161.8155770137964,50.0,49350938.58872638,50512754.16574016,33,
success,21,60,180,stacksats_momentum_weight,261,6,-2.1356057005687434,-1078.7532574778234,50.0,49434000.90826235,50512754.16574016,33,
success,21,60,200,sma_60d_weight,281,6,-2.0083032725383143,-1014.4492949597916,50.0,49498304.87078038,50512754.16574016,33,
success,21,60,200,stacksats_mvrv_weight,281,6,-2.298391853896886,-1160.9810269243317,50.0,49351773.138815835,50512754.16574016,33,
success,21,60,200,stacksats_momentum_weight,281,6,-2.1340009423957973,-1077.9426499269684,50.0,49434811.5158132,50512754.16574016,33,
success,21,60,210,sma_60d_weight,291,6,-2.0090651248868774,-1014.8341275637285,50.0,49497920.03817643,50512754.16574016,33,
success,21,60,210,stacksats_mvrv_weight,291,6,-2.2992012968832687,-1161.3898988701549,50.0,49351364.26687002,50512754.16574016,33,
success,21,60,210,stacksats_momentum_weight,291,6,-2.134777570322832,-1078.3349460825339,50.0,49434419.219657645,50512754.16574016,33,
success,21,60,240,sma_60d_weight,321,6,-2.010945609178949,-1015.7840119713073,50.0,49496970.15376885,50512754.16574016,33,
success,21,60,240,stacksats_mvrv_weight,321,6,-2.3011645000315606,-1162.3815668502284,50.0,49350372.59888993,50512754.16574016,33,
success,21,60,240,stacksats_momentum_weight,321,6,-2.1366834748246077,-1079.2976709381473,50.0,49433456.49480203,50512754.16574016,33,
success,21,60,270,sma_60d_weight,351,6,-2.0070115666039556,-1013.7968187166261,50.0,49498957.34702354,50512754.16574016,33,
success,21,60,270,stacksats_mvrv_weight,351,6,-2.297085528959175,-1160.3211662199392,50.0,49352432.999520235,50512754.16574016,33,
success,21,60,270,stacksats_momentum_weight,351,6,-2.132705797249246,-1077.2884364429992,50.0,49435465.72929717,50512754.16574016,33,
success,21,60,300,sma_60d_weight,381,6,-1.998120583990426,-1009.3057385261345,50.0,49503448.42721404,50512754.16574016,33,
success,21,60,300,stacksats_mvrv_weight,381,6,-2.2878699156661075,-1155.6661061323466,50.0,49357088.059607826,50512754.16574016,33,
success,21,60,300,stacksats_momentum_weight,381,6,-2.123716343898052,-1072.7476159708676,50.0,49440006.54976931,50512754.16574016,33,
success,21,60,340,sma_60d_weight,421,6,-1.991965473182311,-1006.1966225350043,50.0,49506557.543205164,50512754.16574016,33,
success,21,60,340,stacksats_mvrv_weight,421,6,-2.2815313589967134,-1152.4643265842824,50.0,49360289.83915589,50512754.16574016,33,
success,21,60,340,stacksats_momentum_weight,421,6,-2.1175070495430326,-1069.611130377889,50.0,49443143.03536229,50512754.16574016,33,
success,21,90,60,sma_90d_weight,171,6,-1.4376896925416327,-726.2166600597411,66.66666666666666,49786537.50568045,50512754.16574016,54,
success,21,90,60,stacksats_mvrv_weight,171,6,-1.7927535721855348,-905.5692047156044,50.0,49607184.961024575,50512754.16574016,54,
success,21,90,60,stacksats_momentum_weight,171,6,-1.6404416920451914,-828.6322791350976,66.66666666666666,49684121.886605084,50512754.16574016,54,
success,21,90,90,sma_90d_weight,201,6,-1.569171134248748,-792.6315574828259,66.66666666666666,49720122.60825736,50512754.16574016,35,
success,21,90,90,stacksats_mvrv_weight,201,6,-1.806888176399346,-912.7089825944277,50.0,49600045.18314575,50512754.16574016,35,
success,21,90,90,stacksats_momentum_weight,201,6,-1.6585656963791218,-837.787212889285,66.66666666666666,49674966.952850886,50512754.16574016,35,
success,21,90,120,sma_90d_weight,231,6,-1.6611558974983787,-839.0955948130504,66.66666666666666,49673658.57092712,50512754.16574016,39,
success,21,90,120,stacksats_mvrv_weight,231,6,-1.9176185459959139,-968.6419419755548,50.0,49544112.22376462,50512754.16574016,39,
success,21,90,120,stacksats_momentum_weight,231,6,-1.7821525783281333,-900.2143507492874,66.66666666666666,49612539.81499088,50512754.16574016,39,
success,21,90,150,sma_90d_weight,261,6,-1.6319494928161316,-824.3426354152543,50.0,49688411.53032492,50512754.16574016,66,
success,21,90,150,stacksats_mvrv_weight,261,6,-1.6775807488729533,-847.3922396099806,50.0,49665361.92613019,50512754.16574016,66,
success,21,90,150,stacksats_momentum_weight,261,6,-1.6918131931319969,-854.5814391903259,50.0,49658172.72654984,50512754.16574016,66,
success,21,90,180,sma_90d_weight,291,6,-1.6362969172653452,-826.5386392398286,50.0,49686215.52650036,50512754.16574016,62,
success,21,90,180,stacksats_mvrv_weight,291,6,-1.6674163102886386,-842.2579017355529,50.0,49670496.264004625,50512754.16574016,62,
success,21,90,180,stacksats_momentum_weight,291,6,-1.6941629858108431,-855.7683841895923,50.0,49656985.781550586,50512754.16574016,62,
success,21,90,200,sma_90d_weight,311,6,-1.6319391145314888,-824.3373930578455,50.0,49688416.77268233,50512754.16574016,61,
success,21,90,200,stacksats_mvrv_weight,311,6,-1.6798456950802176,-848.5363263196414,50.0,49664217.83942054,50512754.16574016,61,
success,21,90,200,stacksats_momentum_weight,311,6,-1.6943433902238514,-855.8595114272393,50.0,49656894.65431293,50512754.16574016,61,
success,21,90,210,sma_90d_weight,321,6,-1.6317670950933172,-824.2505013019254,50.0,49688503.66443825,50512754.16574016,61,
success,21,90,210,stacksats_mvrv_weight,321,6,-1.6796813158518775,-848.4532938441262,50.0,49664300.87189606,50512754.16574016,61,
success,21,90,210,stacksats_momentum_weight,321,6,-1.694175615302429,-855.7747636936328,50.0,49656979.40204654,50512754.16574016,61,
success,21,90,240,sma_90d_weight,351,6,-1.6330847882973343,-824.916104430733,50.0,49687838.06130944,50512754.16574016,61,
success,21,90,240,stacksats_mvrv_weight,351,6,-1.6810940990185652,-849.1669295320098,50.0,49663587.23620817,50512754.16574016,61,
success,21,90,240,stacksats_momentum_weight,351,6,-1.6955436707164595,-856.4658061617738,50.0,49656288.35957841,50512754.16574016,61,
success,21,90,270,sma_90d_weight,381,6,-1.7106141059757163,-864.0782980759905,50.0,49648675.86766419,50512754.16574016,61,
success,21,90,270,stacksats_mvrv_weight,381,6,-1.7560746480084877,-887.0416699154157,50.0,49625712.49582476,50512754.16574016,61,
success,21,90,270,stacksats_momentum_weight,381,6,-1.772561809861417,-895.3697894510915,50.0,49617384.37628908,50512754.16574016,61,
success,21,90,300,sma_90d_weight,411,6,-1.6320818543661075,-824.4094948796046,50.0,49688344.67086057,50512754.16574016,58,
success,21,90,300,stacksats_mvrv_weight,411,6,-1.6799991430054284,-848.6138370928747,50.0,49664140.32864731,50512754.16574016,58,
success,21,90,300,stacksats_momentum_weight,411,6,-1.6941802112726556,-855.777085244772,50.0,49656977.08049541,50512754.16574016,58,
success,21,90,340,sma_90d_weight,451,6,-1.6905042400858772,-853.9202509559909,50.0,49658833.91478417,50512754.16574016,58,
success,21,90,340,stacksats_mvrv_weight,451,6,-1.7358339068593631,-876.8175140974345,50.0,49635936.651642755,50512754.16574016,58,
success,21,90,340,stacksats_momentum_weight,451,6,-1.7518082269813329,-884.8865831502917,50.0,49627867.58258989,50512754.16574016,58,
success,21,120,60,sma_120d_weight,201,6,-0.5662378076991548,-286.02231179655064,66.66666666666666,50226731.85394364,50512754.16574016,26,
success,21,120,60,stacksats_mvrv_weight,201,6,-0.8198251040803406,-414.1162394131243,66.66666666666666,50098637.92632705,50512754.16574016,26,
success,21,120,60,stacksats_momentum_weight,201,6,-0.6946979896122585,-350.9110876871782,66.66666666666666,50161843.078053,50512754.16574016,26,
success,21,120,90,sma_120d_weight,231,6,-0.715622179113673,-361.4804720911998,66.66666666666666,50151273.69364897,50512754.16574016,38,
success,21,120,90,stacksats_mvrv_weight,231,6,-0.9590813664995368,-484.4584129093346,66.66666666666666,50028295.75283085,50512754.16574016,38,
success,21,120,90,stacksats_momentum_weight,231,6,-0.8444337846912897,-426.5467617535687,66.66666666666666,50086207.40398662,50512754.16574016,38,
success,21,120,120,sma_120d_weight,261,6,-0.9333373249483023,-471.4543884882296,66.66666666666666,50041299.77725195,50512754.16574016,51,
success,21,120,120,stacksats_mvrv_weight,261,6,-1.2595278950420674,-636.2222292715232,66.66666666666666,49876531.93646866,50512754.16574016,51,
success,21,120,120,stacksats_momentum_weight,261,6,-1.1602898252223492,-586.0943470246639,66.66666666666666,49926659.818715505,50512754.16574016,51,
success,21,120,150,sma_120d_weight,291,6,-0.9220159333238165,-465.73564176881337,66.66666666666666,50047018.52397136,50512754.16574016,23,
success,21,120,150,stacksats_mvrv_weight,291,6,-1.1710848036048382,-591.5471879172546,66.66666666666666,49921206.97782292,50512754.16574016,23,
success,21,120,150,stacksats_momentum_weight,291,6,-1.0434162458992424,-527.05828321648,66.66666666666666,49985695.88252369,50512754.16574016,23,
success,21,120,180,sma_120d_weight,321,6,-0.9114932955604726,-460.4203676236648,66.66666666666666,50052333.79811651,50512754.16574016,23,
success,21,120,180,stacksats_mvrv_weight,321,6,-1.1610121593947809,-586.4592179094398,66.66666666666666,49926294.94783073,50512754.16574016,23,
success,21,120,180,stacksats_momentum_weight,321,6,-1.0330801618271823,-521.8372424787958,66.66666666666666,49990916.92326137,50512754.16574016,23,
success,21,120,200,sma_120d_weight,341,6,-0.8676013599462462,-438.24934208826744,66.66666666666666,50074504.82365191,50512754.16574016,23,
success,21,120,200,stacksats_mvrv_weight,341,6,-1.116852971714577,-564.1531959949498,66.66666666666666,49948600.969745226,50512754.16574016,23,
success,21,120,200,stacksats_momentum_weight,341,6,-0.9891116795777144,-499.62755112971354,66.66666666666666,50013126.614610456,50512754.16574016,23,
success,21,120,210,sma_120d_weight,351,6,-0.8653337123570082,-437.1038908361661,66.66666666666666,50075650.27490401,50512754.16574016,23,
success,21,120,210,stacksats_mvrv_weight,351,6,-1.1144862696303548,-562.957709589311,66.66666666666666,49949796.45615087,50512754.16574016,23,
success,21,120,210,stacksats_momentum_weight,351,6,-0.9868084693746448,-498.46413622191903,66.66666666666666,50014290.029518254,50512754.16574016,23,
success,21,120,240,sma_120d_weight,381,6,-0.8443323378604983,-426.4955181653204,66.66666666666666,50086258.64757486,50512754.16574016,23,
success,21,120,240,stacksats_mvrv_weight,381,6,-1.093529428459017,-552.3718319275285,66.66666666666666,49960382.333812654,50512754.16574016,23,
success,21,120,240,stacksats_momentum_weight,381,6,-0.965914607127949,-487.91007094951783,66.66666666666666,50024844.09479065,50512754.16574016,23,
success,21,120,270,sma_120d_weight,411,6,-0.8490024749548519,-428.85453303499526,66.66666666666666,50083899.63270518,50512754.16574016,64,
success,21,120,270,stacksats_mvrv_weight,411,6,-1.08698851279585,-549.0678352784016,66.66666666666666,49963686.33046177,50512754.16574016,64,
success,21,120,270,stacksats_momentum_weight,411,6,-1.0636427720357111,-537.2752586400602,66.66666666666666,49975478.90710011,50512754.16574016,64,
success,21,120,300,sma_120d_weight,441,6,-0.8263584013398884,-417.4163877967585,66.66666666666666,50095337.777943425,50512754.16574016,52,
success,21,120,300,stacksats_mvrv_weight,441,6,-1.0688577532757315,-539.9094892936264,66.66666666666666,49972844.67644655,50512754.16574016,52,
success,21,120,300,stacksats_momentum_weight,441,6,-1.042942299286398,-526.8188797290568,66.66666666666666,49985935.28601111,50512754.16574016,52,
success,21,120,340,sma_120d_weight,481,6,-0.8364466150039385,-422.5122223645958,66.66666666666666,50090241.943375565,50512754.16574016,48,
success,21,120,340,stacksats_mvrv_weight,481,6,-1.076940359513956,-543.9922363129226,66.66666666666666,49968761.929427244,50512754.16574016,48,
success,21,120,340,stacksats_momentum_weight,481,6,-1.0519285798693656,-531.3580975485747,66.66666666666666,49981396.068191595,50512754.16574016,48,
success,21,150,60,sma_150d_weight,231,6,0.37325002238273175,188.5388662297628,66.66666666666666,50701293.031969935,50512754.16574016,73,
success,21,150,60,stacksats_mvrv_weight,231,6,0.3308659907342415,167.12952451762976,66.66666666666666,50679883.6902578,50512754.16574016,73,
success,21,150,60,stacksats_momentum_weight,231,6,0.30611666407325266,154.62795798369189,66.66666666666666,50667382.123723865,50512754.16574016,73,
success,21,150,90,sma_150d_weight,261,6,0.09266665392468898,46.808479090599576,66.66666666666666,50559562.64483077,50512754.16574016,93,
success,21,150,90,stacksats_mvrv_weight,261,6,0.03297534977675376,16.656757368022227,66.66666666666666,50529410.92310818,50512754.16574016,93,
success,21,150,90,stacksats_momentum_weight,261,6,-0.03666359636970151,-18.519792302548012,66.66666666666666,50494234.37343763,50512754.16574016,93,
success,21,150,120,sma_150d_weight,291,6,-0.29232601840548655,-147.6619230396609,66.66666666666666,50365092.242700495,50512754.16574016,83,
success,21,150,120,stacksats_mvrv_weight,291,6,-0.36328439813276825,-183.50495495129144,66.66666666666666,50329249.21078889,50512754.16574016,83,
success,21,150,120,stacksats_momentum_weight,291,6,-0.42054410951657406,-212.42841219860566,66.66666666666666,50300325.75354158,50512754.16574016,83,
success,21,150,150,sma_150d_weight,321,6,-0.41167795447555333,-207.94987309878343,66.66666666666666,50304804.29264139,50512754.16574016,82,
success,21,150,150,stacksats_mvrv_weight,321,6,-0.4870305155912136,-246.01252705272782,66.66666666666666,50266741.63868745,50512754.16574016,82,
success,21,150,150,stacksats_momentum_weight,321,6,-0.5415141238378496,-273.5336981469736,66.66666666666666,50239220.4675932,50512754.16574016,82,
success,21,150,180,sma_150d_weight,351,6,-0.45102459548672647,-227.8249451452357,66.66666666666666,50284929.22059493,50512754.16574016,82,
success,21,150,180,stacksats_mvrv_weight,351,6,-0.5270012899759036,-266.2028660558062,66.66666666666666,50246551.299684376,50512754.16574016,82,
success,21,150,180,stacksats_momentum_weight,351,6,-0.581335003825667,-293.6483213618558,66.66666666666666,50219105.84437832,50512754.16574016,82,
success,21,150,200,sma_150d_weight,371,6,-0.4435357332737144,-224.04211458576174,66.66666666666666,50288712.05115441,50512754.16574016,81,
success,21,150,200,stacksats_mvrv_weight,371,6,-0.5386150214441221,-272.0692816818191,66.66666666666666,50240684.88405836,50512754.16574016,81,
success,21,150,200,stacksats_momentum_weight,371,6,-0.5801621084360886,-293.05585959709424,66.66666666666666,50219698.30614307,50512754.16574016,81,
success,21,150,210,sma_150d_weight,381,6,-0.41500359015325117,-209.62974327310803,66.66666666666666,50303124.42246706,50512754.16574016,77,
success,21,150,210,stacksats_mvrv_weight,381,6,-0.5824731574800901,-294.22323411934485,66.66666666666666,50218530.93162082,50512754.16574016,77,
success,21,150,210,stacksats_momentum_weight,381,6,-0.580688847884947,-293.3219301999925,66.66666666666666,50219432.235540174,50512754.16574016,77,
success,21,150,240,sma_150d_weight,411,6,-0.319630651882008,-161.45424542351248,66.66666666666666,50351299.92031667,50512754.16574016,66,
success,21,150,240,stacksats_mvrv_weight,411,6,-0.6526513787415089,-329.6721865030122,66.66666666666666,50183081.97923716,50512754.16574016,66,
success,21,150,240,stacksats_momentum_weight,411,6,-0.5480852901972755,-276.8529752559334,66.66666666666666,50235901.19048424,50512754.16574016,66,
success,21,150,270,sma_150d_weight,441,6,-0.2653391388263593,-134.0301069008492,66.66666666666666,50378724.05883932,50512754.16574016,60,
success,21,150,270,stacksats_mvrv_weight,441,6,-0.6092374469546691,-307.7426138658411,66.66666666666666,50205011.55187433,50512754.16574016,60,
success,21,150,270,stacksats_momentum_weight,441,6,-0.5173815495653988,-261.34367023086816,66.66666666666666,50251410.495509304,50512754.16574016,60,
success,21,150,300,sma_150d_weight,471,6,2.211869017181134,1117.2759591168797,66.66666666666666,51630030.12485704,50512754.16574016,82,
success,21,150,300,stacksats_mvrv_weight,471,6,1.9312947219706222,975.5501551249326,66.66666666666666,51488304.320865124,50512754.16574016,82,
success,21,150,300,stacksats_momentum_weight,471,6,1.9727861950433967,996.5086409179348,66.66666666666666,51509262.80665811,50512754.16574016,82,
success,21,150,340,sma_150d_weight,511,6,2.2308715537719292,1126.874663710245,66.66666666666666,51639628.82945042,50512754.16574016,76,
success,21,150,340,stacksats_mvrv_weight,511,6,1.9443586890973252,982.1491247239392,66.66666666666666,51494903.29046412,50512754.16574016,76,
success,21,150,340,stacksats_momentum_weight,511,6,1.9813145881458771,1000.8165671600727,66.66666666666666,51513570.73290025,50512754.16574016,76,
success,21,180,60,sma_180d_weight,261,6,2.044849666223736,1032.909884958557,83.33333333333334,51545664.05069872,50512754.16574016,27,
success,21,180,60,stacksats_mvrv_weight,261,6,1.9172477792073872,968.4546574591368,83.33333333333334,51481208.82319931,50512754.16574016,27,
success,21,180,60,stacksats_momentum_weight,261,6,2.01359893498958,1017.1242799152533,83.33333333333334,51529878.44565542,50512754.16574016,27,
success,21,180,90,sma_180d_weight,291,6,1.5126978121666967,764.1053271302953,83.33333333333334,51276859.492870465,50512754.16574016,24,
success,21,180,90,stacksats_mvrv_weight,291,6,1.3558348904686879,684.8695451157837,83.33333333333334,51197623.71085595,50512754.16574016,24,
success,21,180,90,stacksats_momentum_weight,291,6,1.427104687262526,720.86988236467,83.33333333333334,51233624.04810483,50512754.16574016,24,
success,21,180,120,sma_180d_weight,321,6,0.7924660518879856,400.2964286371207,83.33333333333334,50913050.594377294,50512754.16574016,14,
success,21,180,120,stacksats_mvrv_weight,321,6,0.6390893048757507,322.82160947142256,83.33333333333334,50835575.7752116,50512754.16574016,14,
success,21,180,120,stacksats_momentum_weight,321,6,0.718279890079554,362.8229550978358,83.33333333333334,50875577.12083801,50512754.16574016,14,
success,21,180,150,sma_180d_weight,351,6,0.5250732875637487,265.22897893704794,83.33333333333334,50777983.14467722,50512754.16574016,13,
success,21,180,150,stacksats_mvrv_weight,351,6,0.37208696424038123,187.95137352951133,83.33333333333334,50700705.539269686,50512754.16574016,13,
success,21,180,150,stacksats_momentum_weight,351,6,0.45192609484756563,228.280317301178,83.33333333333334,50741034.483041346,50512754.16574016,13,
success,21,180,180,sma_180d_weight,381,6,0.38564937212570705,194.8021192835804,83.33333333333334,50707556.28502376,50512754.16574016,13,
success,21,180,180,stacksats_mvrv_weight,381,6,0.23233553911872207,117.3590797146826,83.33333333333334,50630113.24545486,50512754.16574016,13,
success,21,180,180,stacksats_momentum_weight,381,6,0.3113179337190797,157.2552625333774,83.33333333333334,50670009.42827356,50512754.16574016,13,
success,21,180,200,sma_180d_weight,401,6,0.4237012651518546,214.02317846328515,83.33333333333334,50726777.34420346,50512754.16574016,13,
success,21,180,200,stacksats_mvrv_weight,401,6,0.272548108013404,137.6715557841817,83.33333333333334,50650425.72152436,50512754.16574016,13,
success,21,180,200,stacksats_momentum_weight,401,6,0.3494323824769774,176.50792033608013,83.33333333333334,50689262.08607626,50512754.16574016,13,
success,21,180,210,sma_180d_weight,411,6,0.33460856393925376,169.02000132014655,83.33333333333334,50681774.16706032,50512754.16574016,13,
success,21,180,210,stacksats_mvrv_weight,411,6,0.18185460310995438,91.8597686080102,83.33333333333334,50604613.93434819,50512754.16574016,13,
success,21,180,210,stacksats_momentum_weight,411,6,0.2603287460085202,131.49921949404234,83.33333333333334,50644253.38523423,50512754.16574016,13,
success,21,180,240,sma_180d_weight,441,6,0.5090599506550886,257.1402014306441,83.33333333333334,50769894.36717082,50512754.16574016,13,
success,21,180,240,stacksats_mvrv_weight,441,6,0.356129226725832,179.89068080837023,83.33333333333334,50692644.84654855,50512754.16574016,13,
success,21,180,240,stacksats_momentum_weight,441,6,0.4347660124857988,219.61228708314593,83.33333333333334,50732366.452823326,50512754.16574016,13,
success,21,180,270,sma_180d_weight,471,6,0.7237933891753867,365.60797534204175,83.33333333333334,50878362.14108223,50512754.16574016,36,
success,21,180,270,stacksats_mvrv_weight,471,6,0.5944719970675472,300.28417846289085,83.33333333333334,50813038.34420306,50512754.16574016,36,
success,21,180,270,stacksats_momentum_weight,471,6,0.6658569893803756,336.34270414111234,83.33333333333334,50849096.869881295,50512754.16574016,36,
success,21,180,300,sma_180d_weight,501,6,0.7051374676882993,356.184355583915,83.33333333333334,50868938.52132409,50512754.16574016,73,
success,21,180,300,stacksats_mvrv_weight,501,6,0.5295164344945702,267.47333482343674,83.33333333333334,50780227.50056361,50512754.16574016,73,
success,21,180,300,stacksats_momentum_weight,501,6,0.5650356582947991,285.4150730232286,83.33333333333334,50798169.23876341,50512754.16574016,73,
success,21,180,340,sma_180d_weight,541,6,4.056606319822853,2049.1035778040023,83.33333333333334,52561857.74354417,50512754.16574016,69,
success,21,180,340,stacksats_mvrv_weight,541,6,3.8952612419718147,1967.6037352705825,83.33333333333334,52480357.90101076,50512754.16574016,69,
success,21,180,340,stacksats_momentum_weight,541,6,3.9177220540107305,1978.949310039432,83.33333333333334,52491703.47577961,50512754.16574016,69,
success,21,200,60,sma_200d_weight,281,6,4.272425380840916,2158.119729538863,83.33333333333334,52670873.89527904,50512754.16574016,35,
success,21,200,60,stacksats_mvrv_weight,281,6,4.132240553916389,2087.308512536809,83.33333333333334,52600062.678276986,50512754.16574016,35,
success,21,200,60,stacksats_momentum_weight,281,6,4.230796891071242,2137.0920328385982,83.33333333333334,52649846.19857878,50512754.16574016,35,
success,21,200,90,sma_200d_weight,311,6,3.6664695299525984,1852.0347402267216,83.33333333333334,52364788.90596689,50512754.16574016,21,
success,21,200,90,stacksats_mvrv_weight,311,6,3.498230872326591,1767.0527606883625,83.33333333333334,52279806.926428534,50512754.16574016,21,
success,21,200,90,stacksats_momentum_weight,311,6,3.568521459914531,1802.5584723983047,83.33333333333334,52315312.63813848,50512754.16574016,21,
success,21,200,120,sma_200d_weight,341,6,2.804565790966418,1416.6634234073135,83.33333333333334,51929417.589147486,50512754.16574016,11,
success,21,200,120,stacksats_mvrv_weight,341,6,2.6498719758175415,1338.5233168515551,83.33333333333334,51851277.48259173,50512754.16574016,11,
success,21,200,120,stacksats_momentum_weight,341,6,2.726998797063551,1377.4821984634036,83.33333333333334,51890236.36420359,50512754.16574016,11,
success,21,200,150,sma_200d_weight,371,6,2.0911291736131155,1056.2869387552637,83.33333333333334,51569041.10449544,50512754.16574016,10,
success,21,200,150,stacksats_mvrv_weight,371,6,1.9403571870933778,980.1278558537524,83.33333333333334,51492882.02159393,50512754.16574016,10,
success,21,200,150,stacksats_momentum_weight,371,6,2.0166248034200196,1018.6527293968902,83.33333333333334,51531406.895137064,50512754.16574016,10,
success,21,200,180,sma_200d_weight,401,6,1.9521349306427016,986.0771184990954,83.33333333333334,51498831.28423926,50512754.16574016,10,
success,21,200,180,stacksats_mvrv_weight,401,6,1.8038274283095346,911.1629144361868,83.33333333333334,51423917.08017637,50512754.16574016,10,
success,21,200,180,stacksats_momentum_weight,401,6,1.8787075759401306,948.9869393277695,83.33333333333334,51461741.10506794,50512754.16574016,10,
success,21,200,200,sma_200d_weight,421,6,1.9164635505241279,968.0585219522691,83.33333333333334,51480812.68769244,50512754.16574016,10,
success,21,200,200,stacksats_mvrv_weight,421,6,1.768526186815933,893.3312851030714,83.33333333333334,51406085.45084325,50512754.16574016,10,
success,21,200,200,stacksats_momentum_weight,421,6,1.843064220411872,930.9824987733591,83.33333333333334,51443736.66451354,50512754.16574016,10,
success,21,200,210,sma_200d_weight,431,6,1.8296181452935434,924.1905159039015,83.33333333333334,51436944.681644075,50512754.16574016,10,
success,21,200,210,stacksats_mvrv_weight,431,6,1.6816312789045496,849.4382738872446,83.33333333333334,51362192.43962742,50512754.16574016,10,
success,21,200,210,stacksats_momentum_weight,431,6,1.7562161222680173,887.1131324603339,83.33333333333334,51399867.2982005,50512754.16574016,10,
success,21,200,240,sma_200d_weight,461,6,1.849843221028391,934.4067586896854,83.33333333333334,51447160.92442985,50512754.16574016,10,
success,21,200,240,stacksats_mvrv_weight,461,6,1.7016203643293482,859.535311467851,83.33333333333334,51372289.477208026,50512754.16574016,10,
success,21,200,240,stacksats_momentum_weight,461,6,1.776441391131578,897.3294728007531,83.33333333333334,51410083.63854092,50512754.16574016,10,
success,21,200,270,sma_200d_weight,491,6,2.0916659155682193,1056.5580618995518,83.33333333333334,51569312.227639735,50512754.16574016,10,
success,21,200,270,stacksats_mvrv_weight,491,6,1.94423525770957,982.0867761304762,83.33333333333334,51494840.94187065,50512754.16574016,10,
success,21,200,270,stacksats_momentum_weight,491,6,2.0185529895478727,1019.6267093155111,83.33333333333334,51532380.875055686,50512754.16574016,10,
success,21,200,300,sma_200d_weight,521,6,2.1611587952877542,1091.6608293949757,83.33333333333334,51604414.995135136,50512754.16574016,39,
success,21,200,300,stacksats_mvrv_weight,521,6,1.9515585282459114,985.7859617733993,83.33333333333334,51498540.127513565,50512754.16574016,39,
success,21,200,300,stacksats_momentum_weight,521,6,2.0184067993164634,1019.5528646033054,83.33333333333334,51532307.03034347,50512754.16574016,39,
success,21,200,340,sma_200d_weight,561,6,7.430037945167767,3753.116801663811,83.33333333333334,54265870.967403986,50512754.16574016,33,
success,21,200,340,stacksats_mvrv_weight,561,6,7.201809027369976,3637.8320894814824,83.33333333333334,54150586.25522165,50512754.16574016,33,
success,21,200,340,stacksats_momentum_weight,561,6,7.278839838621565,3676.7424738008704,83.33333333333334,54189496.63954105,50512754.16574016,33,
success,21,210,60,sma_210d_weight,291,6,3.865566901910489,1952.6043062742683,83.33333333333334,52465358.47201444,50512754.16574016,5,
success,21,210,60,stacksats_mvrv_weight,291,6,3.6934898170805086,1865.6834314385196,83.33333333333334,52378437.5971787,50512754.16574016,5,
success,21,210,60,stacksats_momentum_weight,291,6,3.7851975224996393,1912.0075192279328,83.33333333333334,52424761.684968114,50512754.16574016,5,
success,21,210,90,sma_210d_weight,321,6,3.309895771482907,1671.9195141913951,83.33333333333334,52184673.67993156,50512754.16574016,23,
success,21,210,90,stacksats_mvrv_weight,321,6,3.1450264414362605,1588.6394748102248,83.33333333333334,52101393.6405504,50512754.16574016,23,
success,21,210,90,stacksats_momentum_weight,321,6,3.210792401529572,1621.8596725569005,83.33333333333334,52134613.83829707,50512754.16574016,23,
success,21,210,120,sma_210d_weight,351,6,2.509234536217897,1267.483472721593,83.33333333333334,51780237.63846176,50512754.16574016,13,
success,21,210,120,stacksats_mvrv_weight,351,6,2.3606464982281583,1192.4275623721478,83.33333333333334,51705181.72811232,50512754.16574016,13,
success,21,210,120,stacksats_momentum_weight,351,6,2.4331310068439027,1229.0414840174635,83.33333333333334,51741795.64975764,50512754.16574016,13,
success,21,210,150,sma_210d_weight,381,6,1.8374898625212133,928.1667370757423,83.33333333333334,51440920.90281592,50512754.16574016,12,
success,21,210,150,stacksats_mvrv_weight,381,6,1.6930834868605915,855.2230995386271,83.33333333333334,51367977.2652788,50512754.16574016,12,
success,21,210,150,stacksats_momentum_weight,381,6,1.7646989019902692,891.3980181278603,83.33333333333334,51404152.183868036,50512754.16574016,12,
success,21,210,180,sma_210d_weight,411,6,1.6901641820738833,853.7484782883766,83.33333333333334,51366502.64402855,50512754.16574016,12,
success,21,210,180,stacksats_mvrv_weight,411,6,1.5484970180045243,782.188491968438,83.33333333333334,51294942.6577086,50512754.16574016,12,
success,21,210,180,stacksats_momentum_weight,411,6,1.6185604604935566,817.5794664329806,83.33333333333334,51330333.63217316,50512754.16574016,12,
success,21,210,200,sma_210d_weight,431,6,1.647657725257412,832.2772962521049,83.33333333333334,51345031.46199228,50512754.16574016,12,
success,21,210,200,stacksats_mvrv_weight,431,6,1.50644761566896,760.9481807385164,83.33333333333334,51273702.346478686,50512754.16574016,12,
success,21,210,200,stacksats_momentum_weight,431,6,1.5761607298675484,796.162194734934,83.33333333333334,51308916.36047511,50512754.16574016,12,
success,21,210,210,sma_210d_weight,441,6,1.5642197540257419,790.1304789629648,83.33333333333334,51302884.644703135,50512754.16574016,12,
success,21,210,210,stacksats_mvrv_weight,441,6,1.4229271986564873,718.7597178148062,83.33333333333334,51231513.88355497,50512754.16574016,12,
success,21,210,210,stacksats_momentum_weight,441,6,1.4927047466857468,754.0062791137098,83.33333333333334,51266760.44485389,50512754.16574016,12,
success,21,210,240,sma_210d_weight,471,6,1.563839630364794,789.9384680325893,83.33333333333334,51302692.63377276,50512754.16574016,12,
success,21,210,240,stacksats_mvrv_weight,471,6,1.422087826177787,718.3357276581082,83.33333333333334,51231089.893398285,50512754.16574016,12,
success,21,210,240,stacksats_momentum_weight,471,6,1.4922366761874084,753.7698438135558,83.33333333333334,51266524.00955372,50512754.16574016,12,
success,21,210,270,sma_210d_weight,501,6,1.7845667321559455,901.4338063375108,83.33333333333334,51414187.97207769,50512754.16574016,12,
success,21,210,270,stacksats_mvrv_weight,501,6,1.643701667806896,830.2789826774679,83.33333333333334,51343033.14841764,50512754.16574016,12,
success,21,210,270,stacksats_momentum_weight,501,6,1.7133213228394784,865.4457878751127,83.33333333333334,51378199.95361528,50512754.16574016,12,
success,21,210,300,sma_210d_weight,531,6,1.8443147708825158,931.6141862583245,83.33333333333334,51444368.3519985,50512754.16574016,35,
success,21,210,300,stacksats_mvrv_weight,531,6,1.6480021225175001,832.4512607934448,83.33333333333334,51345205.42653362,50512754.16574016,35,
success,21,210,300,stacksats_momentum_weight,531,6,1.7113903642673955,864.4704075185582,83.33333333333334,51377224.57325873,50512754.16574016,35,
success,21,210,340,sma_210d_weight,571,6,7.418400420382798,3747.238367378195,83.33333333333334,54259992.533118375,50512754.16574016,26,
success,21,210,340,stacksats_mvrv_weight,571,6,7.212171066375106,3643.0662407706986,83.33333333333334,54155820.406510875,50512754.16574016,26,
success,21,210,340,stacksats_momentum_weight,571,6,7.28537682926178,3680.0444878128037,83.33333333333334,54192798.65355298,50512754.16574016,26,
success,21,240,60,sma_240d_weight,321,6,4.850595886593934,2450.1695757686975,83.33333333333334,52962923.74150887,50512754.16574016,39,
success,21,240,60,stacksats_mvrv_weight,321,6,4.6731621187172445,2360.542892794132,83.33333333333334,52873297.05853432,50512754.16574016,39,
success,21,240,60,stacksats_momentum_weight,321,6,4.744841950305001,2396.7503499104714,83.33333333333334,52909504.515650645,50512754.16574016,39,
success,21,240,90,sma_240d_weight,351,6,4.342058727202436,2193.2934506038364,83.33333333333334,52706047.616344005,50512754.16574016,63,
success,21,240,90,stacksats_mvrv_weight,351,6,4.091087149783901,2066.5207946765295,83.33333333333334,52579274.96041671,50512754.16574016,63,
success,21,240,90,stacksats_momentum_weight,351,6,4.157492455111789,2100.0639433098186,83.33333333333334,52612818.10904999,50512754.16574016,63,
success,21,240,120,sma_240d_weight,381,6,3.518380685248368,1777.2309861543981,83.33333333333334,52289985.15189457,50512754.16574016,55,
success,21,240,120,stacksats_mvrv_weight,381,6,3.285682795763467,1659.6888732900188,83.33333333333334,52172443.039030194,50512754.16574016,55,
success,21,240,120,stacksats_momentum_weight,381,6,3.36092856346748,1697.6975829504736,83.33333333333334,52210451.74869064,50512754.16574016,55,
success,21,240,150,sma_240d_weight,411,6,2.7808125895149916,1404.6650271516555,83.33333333333334,51917419.19289182,50512754.16574016,61,
success,21,240,150,stacksats_mvrv_weight,411,6,2.5222317940172267,1274.0487456020637,83.33333333333334,51786802.91134223,50512754.16574016,61,
success,21,240,150,stacksats_momentum_weight,411,6,2.59861378685855,1312.6313938728854,83.33333333333334,51825385.55961308,50512754.16574016,61,
success,21,240,180,sma_240d_weight,441,6,2.6002326491090244,1313.4491257817572,83.33333333333334,51826203.29152192,50512754.16574016,4,
success,21,240,180,stacksats_mvrv_weight,441,6,2.434837780145882,1229.9036222196592,83.33333333333334,51742657.78795982,50512754.16574016,4,
success,21,240,180,stacksats_momentum_weight,441,6,2.520745227439636,1273.297839881212,83.33333333333334,51786052.00562137,50512754.16574016,4,
success,21,240,200,sma_240d_weight,461,6,2.540523784556048,1283.28853381495,83.33333333333334,51796042.69955513,50512754.16574016,4,
success,21,240,200,stacksats_mvrv_weight,461,6,2.3753694818163584,1199.864546877914,83.33333333333334,51712618.7126181,50512754.16574016,4,
success,21,240,200,stacksats_momentum_weight,461,6,2.4611516694865276,1243.1954924537422,83.33333333333334,51755949.65819393,50512754.16574016,4,
success,21,240,210,sma_240d_weight,471,6,2.4447031291676913,1234.8868817186303,83.33333333333334,51747641.04745881,50512754.16574016,4,
success,21,240,210,stacksats_mvrv_weight,471,6,2.279658075364055,1151.5180794280895,83.33333333333334,51664272.245168276,50512754.16574016,4,
success,21,240,210,stacksats_momentum_weight,471,6,2.365383379747432,1194.8202916891023,83.33333333333334,51707574.457429275,50512754.16574016,4,
success,21,240,240,sma_240d_weight,501,6,2.505504393086011,1265.5992746913544,83.33333333333334,51778353.44043153,50512754.16574016,4,
success,21,240,240,stacksats_mvrv_weight,501,6,2.340524997290516,1182.2636380690528,83.33333333333334,51695017.80380922,50512754.16574016,4,
success,21,240,240,stacksats_momentum_weight,501,6,2.4262160986394887,1225.5485734353715,83.33333333333334,51738302.739175536,50512754.16574016,4,
success,21,240,270,sma_240d_weight,531,6,2.600485716654566,1313.5769571689088,83.33333333333334,51826331.12290908,50512754.16574016,4,
success,21,240,270,stacksats_mvrv_weight,531,6,2.4354406628509295,1230.208154878368,83.33333333333334,51742962.32061854,50512754.16574016,4,
success,21,240,270,stacksats_momentum_weight,531,6,2.5211659672343067,1273.5103671393663,83.33333333333334,51786264.53287954,50512754.16574016,4,
success,21,240,300,sma_240d_weight,561,6,2.6337774113405654,1330.3935090632585,83.33333333333334,51843147.67480345,50512754.16574016,37,
success,21,240,300,stacksats_mvrv_weight,561,6,2.392972982721675,1208.756560014779,83.33333333333334,51721510.72575496,50512754.16574016,37,
success,21,240,300,stacksats_momentum_weight,561,6,2.4687873611536126,1247.0524906143837,83.33333333333334,51759806.65635455,50512754.16574016,37,
success,21,240,340,sma_240d_weight,601,6,6.323065242668902,3193.9544017687076,83.33333333333334,53706708.56750889,50512754.16574016,20,
success,21,240,340,stacksats_mvrv_weight,601,6,6.118552455195525,3090.6493601947805,83.33333333333334,53603403.52593495,50512754.16574016,20,
success,21,240,340,stacksats_momentum_weight,601,6,6.192957564520718,3128.2334301549636,83.33333333333334,53640987.59589515,50512754.16574016,20,
success,21,270,60,sma_270d_weight,351,6,5.335750649497806,2695.234608477709,83.33333333333334,53207988.774217896,50512754.16574016,21,
success,21,270,60,stacksats_mvrv_weight,351,6,5.160865009442239,2606.8950550452646,83.33333333333334,53119649.22078543,50512754.16574016,21,
success,21,270,60,stacksats_momentum_weight,351,6,5.2336070474428675,2643.6390618756704,83.33333333333334,53156393.227615856,50512754.16574016,21,
success,21,270,90,sma_270d_weight,381,6,5.022406691582426,2536.9559453227193,83.33333333333334,53049710.111062884,50512754.16574016,42,
success,21,270,90,stacksats_mvrv_weight,381,6,4.768672417063202,2408.7877750005937,83.33333333333334,52921541.94074077,50512754.16574016,42,
success,21,270,90,stacksats_momentum_weight,381,6,4.835305935398693,2442.4462003093795,83.33333333333334,52955200.36604956,50512754.16574016,42,
success,21,270,120,sma_270d_weight,411,6,4.222670726144284,2132.9872831259345,83.33333333333334,52645741.448866114,50512754.16574016,33,
success,21,270,120,stacksats_mvrv_weight,411,6,3.9812751542101177,2011.0517313078453,83.33333333333334,52523805.897048034,50512754.16574016,33,
success,21,270,120,stacksats_momentum_weight,411,6,4.057267481398408,2049.437548725291,83.33333333333334,52562191.71446546,50512754.16574016,33,
success,21,270,150,sma_270d_weight,441,6,3.5187663405393366,1777.4257912634494,83.33333333333334,52290179.957003616,50512754.16574016,4,
success,21,270,150,stacksats_mvrv_weight,441,6,3.346009969471031,1690.1617902400612,83.33333333333334,52202915.955980234,50512754.16574016,4,
success,21,270,150,stacksats_momentum_weight,441,6,3.432726335875147,1733.9646152232308,83.33333333333334,52246718.7809634,50512754.16574016,4,
success,21,270,180,sma_270d_weight,471,6,3.3121662663774476,1673.0664036958187,83.33333333333334,52185820.56943599,50512754.16574016,4,
success,21,270,180,stacksats_mvrv_weight,471,6,3.141553781791395,1586.8853387807976,83.33333333333334,52099639.50452096,50512754.16574016,4,
success,21,270,180,stacksats_momentum_weight,471,6,3.2271891558364185,1630.1421247510734,83.33333333333334,52142896.290491246,50512754.16574016,4,
success,21,270,200,sma_270d_weight,491,6,3.242127505096515,1637.687896389245,83.33333333333334,52150442.062129416,50512754.16574016,4,
success,21,270,200,stacksats_mvrv_weight,491,6,3.071731909736619,1551.6163881958564,83.33333333333334,52064370.553936034,50512754.16574016,4,
success,21,270,200,stacksats_momentum_weight,491,6,3.157258122304718,1594.8180336976438,83.33333333333334,52107572.19943781,50512754.16574016,4,
success,21,270,210,sma_270d_weight,501,6,3.1380715736697207,1585.1263795527557,83.33333333333334,52097880.54529293,50512754.16574016,4,
success,21,270,210,stacksats_mvrv_weight,501,6,2.967744743557299,1499.0896065797715,83.33333333333334,52011843.77231994,50512754.16574016,4,
success,21,270,210,stacksats_momentum_weight,501,6,3.0532363370900706,1542.2737650533527,83.33333333333334,52055027.930793524,50512754.16574016,4,
success,21,270,240,sma_270d_weight,531,6,3.1810286585952863,1606.8251862579782,83.33333333333334,52119579.35199815,50512754.16574016,4,
success,21,270,240,stacksats_mvrv_weight,531,6,3.0107931684995703,1520.8345516430927,83.33333333333334,52033588.717383265,50512754.16574016,4,
success,21,270,240,stacksats_momentum_weight,531,6,3.0962387706365613,1563.995478595978,83.33333333333334,52076749.64433616,50512754.16574016,4,
success,21,270,270,sma_270d_weight,561,6,3.2245112261773956,1628.7894287256859,83.33333333333334,52141543.59446587,50512754.16574016,4,
success,21,270,270,stacksats_mvrv_weight,561,6,3.054184396064996,1542.752655752709,83.33333333333334,52055506.82149288,50512754.16574016,4,
success,21,270,270,stacksats_momentum_weight,561,6,3.1396759895977677,1585.9368142262902,83.33333333333334,52098690.97996646,50512754.16574016,4,
success,21,270,300,sma_270d_weight,591,6,3.2473229519004887,1640.3122596611502,83.33333333333334,52153066.425401315,50512754.16574016,4,
success,21,270,300,stacksats_mvrv_weight,591,6,3.0766360178833496,1554.0935882880367,83.33333333333334,52066847.7540282,50512754.16574016,4,
success,21,270,300,stacksats_momentum_weight,591,6,3.1623088470641214,1597.3692938789536,83.33333333333334,52110123.45961912,50512754.16574016,4,
success,21,270,340,sma_270d_weight,631,6,6.903670631568892,3487.2341745367958,83.33333333333334,53999988.34027697,50512754.16574016,19,
success,21,270,340,stacksats_mvrv_weight,631,6,6.702554447119491,3385.6448506983506,83.33333333333334,53898399.01643852,50512754.16574016,19,
success,21,270,340,stacksats_momentum_weight,631,6,6.776275038857982,3422.8831519727464,83.33333333333334,53935637.317712925,50512754.16574016,19,
success,21,300,60,sma_300d_weight,381,6,6.541049669693866,3304.064339511424,83.33333333333334,53816818.5052516,50512754.16574016,65,
success,21,300,60,stacksats_mvrv_weight,381,6,5.97791188934973,3019.607936911787,83.33333333333334,53532362.10265195,50512754.16574016,65,
success,21,300,60,stacksats_momentum_weight,381,6,6.394433049200066,3230.0042464352737,83.33333333333334,53742758.41217545,50512754.16574016,65,
success,21,300,90,sma_300d_weight,411,6,5.772882050464423,2916.041718429231,83.33333333333334,53428795.88416941,50512754.16574016,34,
success,21,300,90,stacksats_mvrv_weight,411,6,5.5312339271812005,2793.978595969056,83.33333333333334,53306732.761709236,50512754.16574016,34,
success,21,300,90,stacksats_momentum_weight,411,6,5.595095836336017,2826.237005145973,83.33333333333334,53338991.170886144,50512754.16574016,34,
success,21,300,120,sma_300d_weight,441,6,5.012518376821484,2531.961085196388,83.33333333333334,53044715.25093657,50512754.16574016,25,
success,21,300,120,stacksats_mvrv_weight,441,6,4.785134097775678,2417.103023310432,83.33333333333334,52929857.189050615,50512754.16574016,25,
success,21,300,120,stacksats_momentum_weight,441,6,4.857907685307716,2453.8629666780835,83.33333333333334,52966617.132418275,50512754.16574016,25,
success,21,300,150,sma_300d_weight,471,6,4.2403148811513525,2141.899831769275,83.33333333333334,52654653.99750945,50512754.16574016,24,
success,21,300,150,stacksats_mvrv_weight,471,6,4.014575355814243,2027.8725802808403,83.33333333333334,52540626.74602102,50512754.16574016,24,
success,21,300,150,stacksats_momentum_weight,471,6,4.088726898269557,2065.3285666313895,83.33333333333334,52578082.73237157,50512754.16574016,24,
success,21,300,180,sma_300d_weight,501,6,3.9823942159264325,2011.6170002015788,83.33333333333334,52524371.16594175,50512754.16574016,24,
success,21,300,180,stacksats_mvrv_weight,501,6,3.7596595165193314,1899.1075690482685,83.33333333333334,52411861.73478844,50512754.16574016,24,
success,21,300,180,stacksats_momentum_weight,501,6,3.832862300884332,1936.0843115570387,83.33333333333334,52448838.47729722,50512754.16574016,24,
success,21,300,200,sma_300d_weight,521,6,3.918690852337492,1979.4386767565811,83.33333333333334,52492192.842496745,50512754.16574016,24,
success,21,300,200,stacksats_mvrv_weight,521,6,3.696106156284218,1867.0050164286367,83.33333333333334,52379759.1821688,50512754.16574016,24,
success,21,300,200,stacksats_momentum_weight,521,6,3.7692890182295935,1903.9716955745535,83.33333333333334,52416725.86131472,50512754.16574016,24,
success,21,300,210,sma_300d_weight,531,6,3.8010126145908707,1919.996157817055,83.33333333333334,52432750.32355722,50512754.16574016,24,
success,21,300,210,stacksats_mvrv_weight,531,6,3.5778131174827976,1807.251944543692,83.33333333333334,52320006.11028385,50512754.16574016,24,
success,21,300,210,stacksats_momentum_weight,531,6,3.6512378142970814,1844.3407811424258,83.33333333333334,52357094.94688258,50512754.16574016,24,
success,21,300,240,sma_300d_weight,561,6,3.8132165542676955,1926.1607038645525,83.33333333333334,52438914.86960472,50512754.16574016,24,
success,21,300,240,stacksats_mvrv_weight,561,6,3.591638740606462,1814.2356475640263,83.33333333333334,52326989.813304186,50512754.16574016,24,
success,21,300,240,stacksats_momentum_weight,561,6,3.6644459994914724,1851.012599259433,83.33333333333334,52363766.7649996,50512754.16574016,24,
success,21,300,270,sma_300d_weight,591,6,3.8117461508499595,1925.417962600899,83.33333333333334,52438172.12834107,50512754.16574016,24,
success,21,300,270,stacksats_mvrv_weight,591,6,3.5913777660681934,1814.1038221370763,83.33333333333334,52326857.98787724,50512754.16574016,24,
success,21,300,270,stacksats_momentum_weight,591,6,3.6636871553838324,1850.629286200834,83.33333333333334,52363383.451941006,50512754.16574016,24,
success,21,300,300,sma_300d_weight,621,6,3.8010635507471857,1920.0218870724857,83.33333333333334,52432776.05281265,50512754.16574016,24,
success,21,300,300,stacksats_mvrv_weight,621,6,3.5809104754225274,1808.816505345414,83.33333333333334,52321570.67108558,50512754.16574016,24,
success,21,300,300,stacksats_momentum_weight,621,6,3.653065934276234,1845.264214893352,83.33333333333334,52358018.38063352,50512754.16574016,24,
success,21,300,340,sma_300d_weight,661,6,7.193666076866756,3633.718860911955,83.33333333333334,54146473.02665212,50512754.16574016,20,
success,21,300,340,stacksats_mvrv_weight,661,6,6.974292548358729,3522.907249751981,83.33333333333334,54035661.415492155,50512754.16574016,20,
success,21,300,340,stacksats_momentum_weight,661,6,7.052398472334853,3562.3607031189167,83.33333333333334,54075114.8688591,50512754.16574016,20,
success,21,340,60,sma_340d_weight,421,6,6.523617197349063,3295.2587176108864,83.33333333333334,53808012.883351065,50512754.16574016,37,
success,21,340,60,stacksats_mvrv_weight,421,6,5.940172429611046,3000.544696390505,83.33333333333334,53513298.86213068,50512754.16574016,37,
success,21,340,60,stacksats_momentum_weight,421,6,5.884734095579391,2972.5412670075093,83.33333333333334,53485295.432747684,50512754.16574016,37,
success,21,340,90,sma_340d_weight,451,6,6.18105364235062,3122.2204312130925,83.33333333333334,53634974.596953265,50512754.16574016,49,
success,21,340,90,stacksats_mvrv_weight,451,6,5.561828477853914,2809.4327461384746,83.33333333333334,53322186.91187864,50512754.16574016,49,
success,21,340,90,stacksats_momentum_weight,451,6,5.496058026890105,2776.21027992943,83.33333333333334,53288964.44566961,50512754.16574016,49,
success,21,340,120,sma_340d_weight,481,6,5.538224605947972,2797.509780349028,83.33333333333334,53310263.94608919,50512754.16574016,39,
success,21,340,120,stacksats_mvrv_weight,481,6,4.945828839454358,2498.274363131859,83.33333333333334,53011028.52887202,50512754.16574016,39,
success,21,340,120,stacksats_momentum_weight,481,6,4.891147454393718,2470.6532895217533,83.33333333333334,52983407.45526192,50512754.16574016,39,
success,21,340,150,sma_340d_weight,511,6,5.132953141950725,2592.7960020362007,83.33333333333334,53105550.167776376,50512754.16574016,38,
success,21,340,150,stacksats_mvrv_weight,511,6,4.54954317495222,2298.09955962783,83.33333333333334,52810853.72536799,50512754.16574016,38,
success,21,340,150,stacksats_momentum_weight,511,6,4.498618034765145,2272.375868756564,83.33333333333334,52785130.03449674,50512754.16574016,38,
success,21,340,180,sma_340d_weight,541,6,4.276609377637053,2160.233181554795,83.33333333333334,52672987.347294964,50512754.16574016,38,
success,21,340,180,stacksats_mvrv_weight,541,6,3.696773028319633,1867.3418718604808,83.33333333333334,52380096.03760066,50512754.16574016,38,
success,21,340,180,stacksats_momentum_weight,541,6,3.6460698186995932,1841.7302842309728,83.33333333333334,52354484.44997115,50512754.16574016,38,
success,21,340,200,sma_340d_weight,561,6,3.2360253713075604,1634.6055405495645,83.33333333333334,52147359.70628973,50512754.16574016,38,
success,21,340,200,stacksats_mvrv_weight,561,6,2.5849206486503684,1305.7146126322114,83.33333333333334,51818468.77837238,50512754.16574016,38,
success,21,340,200,stacksats_momentum_weight,561,6,2.5280896463308444,1277.007708140627,83.33333333333334,51789761.87388079,50512754.16574016,38,
success,21,340,210,sma_340d_weight,571,6,3.1675708309595985,1600.02726686831,83.33333333333334,52112781.43260849,50512754.16574016,38,
success,21,340,210,stacksats_mvrv_weight,571,6,2.516168465307689,1270.9859912767497,83.33333333333334,51783740.157016926,50512754.16574016,38,
success,21,340,210,stacksats_momentum_weight,571,6,2.459645836563751,1242.434854771309,83.33333333333334,51755189.02051148,50512754.16574016,38,
success,21,340,240,sma_340d_weight,601,6,3.991447975284501,2016.1903034088755,83.33333333333334,52528944.469149046,50512754.16574016,38,
success,21,340,240,stacksats_mvrv_weight,601,6,3.41369129097584,1724.3494897879064,83.33333333333334,52237103.655528076,50512754.16574016,38,
success,21,340,240,stacksats_momentum_weight,601,6,3.362937624994844,1698.7124152608303,83.33333333333334,52211466.581001006,50512754.16574016,38,
success,21,340,270,sma_340d_weight,631,6,5.204218599211186,2628.7941472672755,83.33333333333334,53141548.313007444,50512754.16574016,38,
success,21,340,270,stacksats_mvrv_weight,631,6,4.631938550325465,2339.7197330340496,83.33333333333334,52852473.898774214,50512754.16574016,38,
success,21,340,270,stacksats_momentum_weight,631,6,4.581258437611124,2314.119812287732,83.33333333333334,52826873.978027895,50512754.16574016,38,
success,21,340,300,sma_340d_weight,661,6,3.910175645617131,1975.1374113192287,83.33333333333334,52487891.5770594,50512754.16574016,38,
success,21,340,300,stacksats_mvrv_weight,661,6,3.337301562194983,1685.7629338809566,83.33333333333334,52198517.09962113,50512754.16574016,38,
success,21,340,300,stacksats_momentum_weight,661,6,3.286190645682141,1659.9454022709688,83.33333333333334,52172699.56801114,50512754.16574016,38,
success,21,340,340,sma_340d_weight,701,6,8.829904391206389,4460.227898199977,83.33333333333334,54972982.06394014,50512754.16574016,38,
success,21,340,340,stacksats_mvrv_weight,701,6,8.203814374012852,4143.972586958764,83.33333333333334,54656726.75269893,50512754.16574016,38,
success,21,340,340,stacksats_momentum_weight,701,6,8.135289238727083,4109.358653830124,83.33333333333334,54622112.819570296,50512754.16574016,38,
success,30,60,60,sma_60d_weight,150,6,-2.055162892981588,-1038.119379837306,50.0,49474634.78590287,50512754.16574016,30,
success,30,60,60,stacksats_mvrv_weight,150,6,-2.365787685018672,-1195.0245174168376,50.0,49317729.648323335,50512754.16574016,30,
success,30,60,60,stacksats_momentum_weight,150,6,-2.2014446108639008,-1112.0103043806157,50.0,49400743.86135957,50512754.16574016,30,
success,30,60,90,sma_60d_weight,180,6,-2.1045619790837633,-1063.072218760215,50.0,49449681.94697996,50512754.16574016,82,
success,30,60,90,stacksats_mvrv_weight,180,6,-2.2765827000230554,-1149.9646226424156,50.0,49362789.54309776,50512754.16574016,82,
success,30,60,90,stacksats_momentum_weight,180,6,-2.292162684639798,-1157.8345019709304,50.0,49354919.66376924,50512754.16574016,82,
success,30,60,120,sma_60d_weight,210,6,-2.0802987633371406,-1050.816200237423,50.0,49461937.965502754,50512754.16574016,90,
success,30,60,120,stacksats_mvrv_weight,210,6,-2.2967070919624244,-1160.1300072700978,50.0,49352624.15847007,50512754.16574016,90,
success,30,60,120,stacksats_momentum_weight,210,6,-2.2811911112792127,-1152.2924580911858,50.0,49360461.70764898,50512754.16574016,90,
success,30,60,150,sma_60d_weight,240,6,-2.096054661690583,-1058.7749384393028,50.0,49453979.22730087,50512754.16574016,73,
success,30,60,150,stacksats_mvrv_weight,240,6,-2.3540468798900704,-1189.0939133851498,50.0,49323660.25235502,50512754.16574016,73,
success,30,60,150,stacksats_momentum_weight,240,6,-2.288590169592797,-1156.029926227704,50.0,49356724.239512466,50512754.16574016,73,
success,30,60,180,sma_60d_weight,270,6,-2.0962013541869218,-1058.8490368593557,50.0,49453905.12888081,50512754.16574016,73,
success,30,60,180,stacksats_mvrv_weight,270,6,-2.354280606675596,-1189.2119752217404,50.0,49323542.19051844,50512754.16574016,73,
success,30,60,180,stacksats_momentum_weight,270,6,-2.2887906096209942,-1156.1311740063975,50.0,49356622.991733775,50512754.16574016,73,
success,30,60,200,sma_60d_weight,290,6,-2.0946859833564258,-1058.0835813170488,50.0,49454670.58442313,50512754.16574016,73,
success,30,60,200,stacksats_mvrv_weight,290,6,-2.3526659477527856,-1188.3963665294432,50.0,49324357.79921073,50512754.16574016,73,
success,30,60,200,stacksats_momentum_weight,290,6,-2.2872133677789175,-1155.3344657121124,50.0,49357419.70002806,50512754.16574016,73,
success,30,60,210,sma_60d_weight,300,6,-2.095410100971329,-1058.4493530677355,50.0,49454304.812672436,50512754.16574016,73,
success,30,60,210,stacksats_mvrv_weight,300,6,-2.3534542445916573,-1188.794556973764,50.0,49323959.608766414,50512754.16574016,73,
success,30,60,210,stacksats_momentum_weight,300,6,-2.2879783325490455,-1155.7208704859004,50.0,49357033.295254275,50512754.16574016,73,
success,30,60,240,sma_60d_weight,330,6,-2.097214818513693,-1059.3609656032932,50.0,49453393.20013688,50512754.16574016,73,
success,30,60,240,stacksats_mvrv_weight,330,6,-2.3553754409392558,-1189.7650061618624,50.0,49322989.1595783,50512754.16574016,73,
success,30,60,240,stacksats_momentum_weight,330,6,-2.289855581240252,-1156.6691205023672,50.0,49356085.04523781,50512754.16574016,73,
success,30,60,270,sma_60d_weight,360,6,-2.093418786057444,-1057.4434850606194,50.0,49455310.68067957,50512754.16574016,73,
success,30,60,270,stacksats_mvrv_weight,360,6,-2.351372593097345,-1187.7430574718528,50.0,49325011.10826832,50512754.16574016,73,
success,30,60,270,stacksats_momentum_weight,360,6,-2.285934280334445,-1154.6883634157202,50.0,49358065.80232445,50512754.16574016,73,
success,30,60,300,sma_60d_weight,390,6,-2.084538074998976,-1052.9575933154847,50.0,49459796.57242469,50512754.16574016,73,
success,30,60,300,stacksats_mvrv_weight,390,6,-2.342021967495733,-1183.0197989487497,50.0,49329734.36679142,50512754.16574016,73,
success,30,60,300,stacksats_momentum_weight,390,6,-2.276764654878971,-1150.05653305148,50.0,49362697.6326887,50512754.16574016,73,
success,30,60,340,sma_60d_weight,430,6,-2.078862339346299,-1050.0906229181492,50.0,49462663.54282203,50512754.16574016,73,
success,30,60,340,stacksats_mvrv_weight,430,6,-2.3360735317612846,-1180.015080229503,50.0,49332739.08551066,50512754.16574016,73,
success,30,60,340,stacksats_momentum_weight,430,6,-2.270927334466033,-1147.107941741422,50.0,49365646.223998755,50512754.16574016,73,
success,30,90,60,sma_90d_weight,180,6,-1.4376896925416327,-726.2166600597411,66.66666666666666,49786537.50568045,50512754.16574016,17,
success,30,90,60,stacksats_mvrv_weight,180,6,-1.6444894639493501,-830.6769202062351,50.0,49682077.245533936,50512754.16574016,17,
success,30,90,60,stacksats_momentum_weight,180,6,-1.502406848571336,-758.9070779880858,66.66666666666666,49753847.08775209,50512754.16574016,17,
success,30,90,90,sma_90d_weight,210,6,-1.569171134248748,-792.6315574828259,66.66666666666666,49720122.60825736,50512754.16574016,28,
success,30,90,90,stacksats_mvrv_weight,210,6,-1.7666305817345629,-892.3737627683659,50.0,49620380.402971804,50512754.16574016,28,
success,30,90,90,stacksats_momentum_weight,210,6,-1.6330805678585247,-824.9139725708519,66.66666666666666,49687840.19316933,50512754.16574016,28,
success,30,90,120,sma_90d_weight,240,6,-1.6611558974983787,-839.0955948130504,66.66666666666666,49673658.57092712,50512754.16574016,76,
success,30,90,120,stacksats_mvrv_weight,240,6,-1.5628247698577957,-789.4258340395609,50.0,49723328.33170061,50512754.16574016,76,
success,30,90,120,stacksats_momentum_weight,240,6,-1.7176794936730633,-867.6472199944037,66.66666666666666,49645106.94574576,50512754.16574016,76,
success,30,90,150,sma_90d_weight,270,6,-1.609110669097935,-812.806116536136,66.66666666666666,49699948.04920404,50512754.16574016,57,
success,30,90,150,stacksats_mvrv_weight,270,6,-1.6109381350838947,-813.7292199370859,50.0,49699024.94580308,50512754.16574016,57,
success,30,90,150,stacksats_momentum_weight,270,6,-1.6431909119811627,-830.0209858428279,66.66666666666666,49682733.17989735,50512754.16574016,57,
success,30,90,180,sma_90d_weight,300,6,-1.6364329551033285,-826.6073556984993,50.0,49686146.81004168,50512754.16574016,53,
success,30,90,180,stacksats_mvrv_weight,300,6,-1.627197180049822,-821.9421113504213,50.0,49690812.05438975,50512754.16574016,53,
success,30,90,180,stacksats_momentum_weight,300,6,-1.6685076372417562,-842.80916103653,50.0,49669945.00470365,50512754.16574016,53,
success,30,90,200,sma_90d_weight,320,6,-1.632075152369472,-824.4061095165234,50.0,49688348.05622365,50512754.16574016,52,
success,30,90,200,stacksats_mvrv_weight,320,6,-1.6396377758492564,-828.2261989233448,50.0,49684527.96681683,50512754.16574016,52,
success,30,90,200,stacksats_momentum_weight,320,6,-1.6686827848466756,-842.8976329156285,50.0,49669856.53282454,50512754.16574016,52,
success,30,90,210,sma_90d_weight,330,6,-1.6319031329313116,-824.3192177606034,50.0,49688434.94797957,50512754.16574016,52,
success,30,90,210,stacksats_mvrv_weight,330,6,-1.639473396620894,-828.1431664478223,50.0,49684610.999292344,50512754.16574016,52,
success,30,90,210,stacksats_momentum_weight,330,6,-1.6685150099252644,-842.812885182022,50.0,49669941.28055815,50512754.16574016,52,
success,30,90,240,sma_90d_weight,360,6,-1.6332208261353287,-824.9848208894109,50.0,49687769.34485076,50512754.16574016,52,
success,30,90,240,stacksats_mvrv_weight,360,6,-1.6408861797875929,-828.8568021357132,50.0,49683897.363604456,50512754.16574016,52,
success,30,90,240,stacksats_momentum_weight,360,6,-1.6698830653392949,-843.503927650163,50.0,49669250.23809001,50512754.16574016,52,
success,30,90,270,sma_90d_weight,390,6,-1.7106373576351808,-864.090043129574,50.0,49648664.122610606,50512754.16574016,52,
success,30,90,270,stacksats_mvrv_weight,390,6,-1.7154366338504645,-866.5142897259357,50.0,49646239.87601423,50512754.16574016,52,
success,30,90,270,stacksats_momentum_weight,390,6,-1.7463670623704353,-882.1381010466357,50.0,49630616.06469353,50512754.16574016,52,
success,30,90,300,sma_90d_weight,420,6,-1.659089840878647,-838.0519727118008,66.66666666666666,49674702.19302837,50512754.16574016,52,
success,30,90,300,stacksats_mvrv_weight,420,6,-1.6654178997293378,-841.2484495225144,50.0,49671505.71621767,50512754.16574016,52,
success,30,90,300,stacksats_momentum_weight,420,6,-1.6954713774927632,-856.4292888634081,66.66666666666666,49656324.876876764,50512754.16574016,52,
success,30,90,340,sma_90d_weight,460,6,-1.6891952428825685,-853.2590404166476,50.0,49659495.12532352,50512754.16574016,52,
success,30,90,340,stacksats_mvrv_weight,460,6,-1.6939803723459046,-855.6761410989784,50.0,49657078.024641186,50512754.16574016,52,
success,30,90,340,stacksats_momentum_weight,460,6,-1.7248163943178074,-871.2522650721367,50.0,49641501.90066803,50512754.16574016,52,
success,30,120,60,sma_120d_weight,210,6,-0.5662378076991548,-286.02231179655064,66.66666666666666,50226731.85394364,50512754.16574016,25,
success,30,120,60,stacksats_mvrv_weight,210,6,-0.8142227185258255,-411.286320170555,66.66666666666666,50101467.845569625,50512754.16574016,25,
success,30,120,60,stacksats_momentum_weight,210,6,-0.6953758406318622,-351.2534889063245,66.66666666666666,50161500.67683385,50512754.16574016,25,
success,30,120,90,sma_120d_weight,240,6,-0.715622179113673,-361.4804720911998,66.66666666666666,50151273.69364897,50512754.16574016,37,
success,30,120,90,stacksats_mvrv_weight,240,6,-0.9534789809450217,-481.6284936667653,66.66666666666666,50031125.672073424,50512754.16574016,37,
success,30,120,90,stacksats_momentum_weight,240,6,-0.8451116357109045,-426.889162972715,66.66666666666666,50085865.00276747,50512754.16574016,37,
success,30,120,120,sma_120d_weight,270,6,-0.9162363808914553,-462.8162306567756,66.66666666666666,50049937.9350834,50512754.16574016,51,
success,30,120,120,stacksats_mvrv_weight,270,6,-1.241691998331096,-627.2128266126529,66.66666666666666,49885541.33912752,50512754.16574016,51,
success,30,120,120,stacksats_momentum_weight,270,6,-1.1430963916706283,-577.4094702020302,66.66666666666666,49935344.69553814,50512754.16574016,51,
success,30,120,150,sma_120d_weight,300,6,-0.9349863376405199,-472.2873502156144,66.66666666666666,50040466.81552456,50512754.16574016,22,
success,30,120,150,stacksats_mvrv_weight,300,6,-1.1783112755220926,-595.1974779116717,66.66666666666666,49917556.6878285,50512754.16574016,22,
success,30,120,150,stacksats_momentum_weight,300,6,-1.0570814694492614,-533.9609639944974,66.66666666666666,49978793.201745674,50512754.16574016,22,
success,30,120,180,sma_120d_weight,330,6,-0.9305374997916172,-470.04011968976556,66.66666666666666,50042714.04605042,50512754.16574016,22,
success,30,120,180,stacksats_mvrv_weight,330,6,-1.1743124169843244,-593.1775443290535,66.66666666666666,49919576.621411115,50512754.16574016,22,
success,30,120,180,stacksats_momentum_weight,330,6,-1.0528191881732152,-531.8079683316755,66.66666666666666,49980946.1974085,50512754.16574016,22,
success,30,120,200,sma_120d_weight,350,6,-0.9127026116331538,-461.03122647854616,66.66666666666666,50051722.93926162,50512754.16574016,22,
success,30,120,200,stacksats_mvrv_weight,350,6,-1.1562388792201506,-584.0481026291818,66.66666666666666,49928706.063110985,50512754.16574016,22,
success,30,120,200,stacksats_momentum_weight,350,6,-1.0349030780077317,-522.7580476477233,66.66666666666666,49989996.11809245,50512754.16574016,22,
success,30,120,210,sma_120d_weight,360,6,-0.8979382173272099,-453.5733242787246,66.66666666666666,50059180.84146145,50512754.16574016,22,
success,30,120,210,stacksats_mvrv_weight,360,6,-1.1413754304192225,-576.5401652758228,66.66666666666666,49936214.00046435,50512754.16574016,22,
success,30,120,210,stacksats_momentum_weight,360,6,-1.0201031210879563,-515.2821817922013,66.66666666666666,49997471.98394798,50512754.16574016,22,
success,30,120,240,sma_120d_weight,390,6,-0.8615642789888467,-435.19984622547054,66.66666666666666,50077554.31951471,50512754.16574016,22,
success,30,120,240,stacksats_mvrv_weight,390,6,-1.105046025406009,-558.1891822316175,66.66666666666666,49954564.98350856,50512754.16574016,22,
success,30,120,240,stacksats_momentum_weight,390,6,-0.9838366949993849,-496.96301113738446,66.66666666666666,50015791.15460278,50512754.16574016,22,
success,30,120,270,sma_120d_weight,420,6,-0.866105813613538,-437.49390044579195,66.66666666666666,50075260.26529439,50512754.16574016,22,
success,30,120,270,stacksats_mvrv_weight,420,6,-1.1078567893120006,-559.6089764936332,66.66666666666666,49953145.189246535,50512754.16574016,22,
success,30,120,270,stacksats_momentum_weight,420,6,-0.9884766641724108,-499.3067873591208,66.66666666666666,50013447.37838106,50512754.16574016,22,
success,30,120,300,sma_120d_weight,450,6,-0.8435903424682256,-426.12071585690137,66.66666666666666,50086633.449883275,50512754.16574016,51,
success,30,120,300,stacksats_mvrv_weight,450,6,-1.0702594813717492,-540.6175407608389,66.66666666666666,49972136.624979325,50512754.16574016,51,
success,30,120,300,stacksats_momentum_weight,450,6,-1.0618101072200403,-536.3495291670406,66.66666666666666,49976404.63657313,50512754.16574016,51,
success,30,120,340,sma_120d_weight,490,6,-0.8535351316638184,-431.1441027755718,66.66666666666666,50081610.0629646,50512754.16574016,46,
success,30,120,340,stacksats_mvrv_weight,490,6,-1.0780049309702444,-544.5299806755575,66.66666666666666,49968224.185064614,50512754.16574016,46,
success,30,120,340,stacksats_momentum_weight,490,6,-1.070535641271253,-540.7570367319786,66.66666666666666,49971997.1290082,50512754.16574016,46,
success,30,150,60,sma_150d_weight,240,6,0.37325002238273175,188.5388662297628,66.66666666666666,50701293.031969935,50512754.16574016,67,
success,30,150,60,stacksats_mvrv_weight,240,6,0.3730194232094197,188.42238423623348,66.66666666666666,50701176.5499764,50512754.16574016,67,
success,30,150,60,stacksats_momentum_weight,240,6,0.3056911883489777,154.41303847705422,66.66666666666666,50667167.204217225,50512754.16574016,67,
success,30,150,90,sma_150d_weight,270,6,0.09266665392468898,46.808479090599576,66.66666666666666,50559562.64483077,50512754.16574016,87,
success,30,150,90,stacksats_mvrv_weight,270,6,0.07304100628364729,36.895023944241984,66.66666666666666,50549649.18968442,50512754.16574016,87,
success,30,150,90,stacksats_momentum_weight,270,6,-0.036812910006800426,-18.595214732988097,66.66666666666666,50494158.95100719,50512754.16574016,87,
success,30,150,120,sma_150d_weight,300,6,-0.29232601840548655,-147.6619230396609,66.66666666666666,50365092.242700495,50512754.16574016,77,
success,30,150,120,stacksats_mvrv_weight,300,6,-0.32471757925367495,-164.02379254135303,66.66666666666666,50348730.37319882,50512754.16574016,77,
success,30,150,120,stacksats_momentum_weight,300,6,-0.4205045676742958,-212.4084385250244,66.66666666666666,50300345.72721515,50512754.16574016,77,
success,30,150,150,sma_150d_weight,330,6,-0.41167795447555333,-207.94987309878343,66.66666666666666,50304804.29264139,50512754.16574016,76,
success,30,150,150,stacksats_mvrv_weight,330,6,-0.44902696695729993,-226.81588795701828,66.66666666666666,50285938.27778315,50512754.16574016,76,
success,30,150,150,stacksats_momentum_weight,330,6,-0.5413979454684803,-273.4750132528643,66.66666666666666,50239279.1524873,50512754.16574016,76,
success,30,150,180,sma_150d_weight,360,6,-0.45102459548672647,-227.8249451452357,66.66666666666666,50284929.22059493,50512754.16574016,76,
success,30,150,180,stacksats_mvrv_weight,360,6,-0.48900152375198624,-247.00813755956187,66.66666666666666,50265746.02818061,50512754.16574016,76,
success,30,150,180,stacksats_momentum_weight,360,6,-0.5812201926289173,-293.59032706428843,66.66666666666666,50219163.83867588,50512754.16574016,76,
success,30,150,200,sma_150d_weight,380,6,-0.4435357332737144,-224.04211458576174,66.66666666666666,50288712.05115441,50512754.16574016,75,
success,30,150,200,stacksats_mvrv_weight,380,6,-0.5007448850535057,-252.94003278459422,66.66666666666666,50259814.13295558,50512754.16574016,75,
success,30,150,200,stacksats_momentum_weight,380,6,-0.5800776340593061,-293.01318926281965,66.66666666666666,50219740.976477355,50512754.16574016,75,
success,30,150,210,sma_150d_weight,390,6,-0.41500359015325117,-209.62974327310803,66.66666666666666,50303124.42246706,50512754.16574016,71,
success,30,150,210,stacksats_mvrv_weight,390,6,-0.5449119532602853,-275.25003537010343,66.66666666666666,50237504.13037007,50512754.16574016,71,
success,30,150,210,stacksats_momentum_weight,390,6,-0.5806057352211069,-293.27994770442456,66.66666666666666,50219474.21803575,50512754.16574016,71,
success,30,150,240,sma_150d_weight,420,6,-0.319630651882008,-161.45424542351248,66.66666666666666,50351299.92031667,50512754.16574016,83,
success,30,150,240,stacksats_mvrv_weight,420,6,-0.5937162532061335,-299.9024314240596,66.66666666666666,50212851.73431612,50512754.16574016,83,
success,30,150,240,stacksats_momentum_weight,420,6,-0.533752454453229,-269.6130651715648,66.66666666666666,50243141.100568615,50512754.16574016,83,
success,30,150,270,sma_150d_weight,450,6,-0.2653391388263593,-134.0301069008492,66.66666666666666,50378724.05883932,50512754.16574016,78,
success,30,150,270,stacksats_mvrv_weight,450,6,-0.5832653193839632,-294.62337691443827,66.66666666666666,50218130.78882575,50512754.16574016,78,
success,30,150,270,stacksats_momentum_weight,450,6,-0.5077496838066242,-256.47834955856524,66.66666666666666,50256275.81618161,50512754.16574016,78,
success,30,150,300,sma_150d_weight,480,6,2.211869017181134,1117.2759591168797,66.66666666666666,51630030.12485704,50512754.16574016,73,
success,30,150,300,stacksats_mvrv_weight,480,6,1.9025289530369527,961.0197729795836,66.66666666666666,51473773.93871976,50512754.16574016,73,
success,30,150,300,stacksats_momentum_weight,480,6,1.9640684710863665,992.1050784466643,66.66666666666666,51504859.24418683,50512754.16574016,73,
success,30,150,340,sma_150d_weight,520,6,2.2308715537719292,1126.874663710245,66.66666666666666,51639628.82945042,50512754.16574016,72,
success,30,150,340,stacksats_mvrv_weight,520,6,1.9221364777411987,970.9240737314249,66.66666666666666,51483678.23947161,50512754.16574016,72,
success,30,150,340,stacksats_momentum_weight,520,6,1.9832545293325454,1001.7964848826596,66.66666666666666,51514550.65062283,50512754.16574016,72,
success,30,180,60,sma_180d_weight,270,6,2.044849666223736,1032.909884958557,83.33333333333334,51545664.05069872,50512754.16574016,5,
success,30,180,60,stacksats_mvrv_weight,270,6,1.875959849708031,947.5989871310012,83.33333333333334,51460353.15287116,50512754.16574016,5,
success,30,180,60,stacksats_momentum_weight,270,6,1.9711205169750778,995.66726105009,83.33333333333334,51508421.42679025,50512754.16574016,5,
success,30,180,90,sma_180d_weight,300,6,1.5126978121666967,764.1053271302953,83.33333333333334,51276859.492870465,50512754.16574016,24,
success,30,180,90,stacksats_mvrv_weight,300,6,1.3558348904686879,684.8695451157837,83.33333333333334,51197623.71085595,50512754.16574016,24,
success,30,180,90,stacksats_momentum_weight,300,6,1.427104687262526,720.86988236467,83.33333333333334,51233624.04810483,50512754.16574016,24,
success,30,180,120,sma_180d_weight,330,6,0.7924660518879856,400.2964286371207,83.33333333333334,50913050.594377294,50512754.16574016,14,
success,30,180,120,stacksats_mvrv_weight,330,6,0.6390893048757507,322.82160947142256,83.33333333333334,50835575.7752116,50512754.16574016,14,
success,30,180,120,stacksats_momentum_weight,330,6,0.718279890079554,362.8229550978358,83.33333333333334,50875577.12083801,50512754.16574016,14,
success,30,180,150,sma_180d_weight,360,6,0.44483492513267553,224.698372175626,83.33333333333334,50737452.537915796,50512754.16574016,13,
success,30,180,150,stacksats_mvrv_weight,360,6,0.2887108003488903,145.83577683017938,83.33333333333334,50658589.94257036,50512754.16574016,13,
success,30,180,150,stacksats_momentum_weight,360,6,0.3693213778859672,186.55439969305735,83.33333333333334,50699308.565433234,50512754.16574016,13,
success,30,180,180,sma_180d_weight,390,6,0.339502663258906,171.49214567811578,83.33333333333334,50684246.311418295,50512754.16574016,13,
success,30,180,180,stacksats_mvrv_weight,390,6,0.1861358333872909,94.02233593327401,83.33333333333334,50606776.501673445,50512754.16574016,13,
success,30,180,180,stacksats_momentum_weight,390,6,0.2651765418948182,133.94797471254424,83.33333333333334,50646702.14045272,50512754.16574016,13,
success,30,180,200,sma_180d_weight,410,6,0.25633403851432757,129.48138271785137,83.33333333333334,50642235.548458025,50512754.16574016,13,
success,30,180,200,stacksats_mvrv_weight,410,6,0.10377936098726614,52.42181349027669,83.33333333333334,50565175.97923045,50512754.16574016,13,
success,30,180,200,stacksats_momentum_weight,410,6,0.18192660779696723,91.89614015855477,83.33333333333334,50604650.305898726,50512754.16574016,13,
success,30,180,210,sma_180d_weight,420,6,0.2886495862596927,145.8048559077797,83.33333333333334,50658559.021647945,50512754.16574016,13,
success,30,180,210,stacksats_mvrv_weight,420,6,0.1358396748586843,68.61636102090415,83.33333333333334,50581370.52676108,50512754.16574016,13,
success,30,180,210,stacksats_momentum_weight,420,6,0.21437478879358096,108.28661005663162,83.33333333333334,50621040.775796816,50512754.16574016,13,
success,30,180,240,sma_180d_weight,450,6,0.46160392431664476,233.16885550947336,83.33333333333334,50745923.021249644,50512754.16574016,13,
success,30,180,240,stacksats_mvrv_weight,450,6,0.3085648842559241,155.8646214259934,83.33333333333334,50668618.78716616,50512754.16574016,13,
success,30,180,240,stacksats_momentum_weight,450,6,0.38731130465969876,195.64160717887717,83.33333333333334,50708395.77291906,50512754.16574016,13,
success,30,180,270,sma_180d_weight,480,6,0.7213474144271759,364.37244613051735,83.33333333333334,50877126.6118707,50512754.16574016,41,
success,30,180,270,stacksats_mvrv_weight,480,6,0.5792724226337143,292.60645479489904,83.33333333333334,50805360.620535076,50512754.16574016,41,
success,30,180,270,stacksats_momentum_weight,480,6,0.6954399661442068,351.28588046873483,83.33333333333334,50864040.04620891,50512754.16574016,41,
success,30,180,300,sma_180d_weight,510,6,0.789258986656205,398.6764516606636,83.33333333333334,50911430.61740084,50512754.16574016,79,
success,30,180,300,stacksats_mvrv_weight,510,6,0.603664800283088,304.927716552098,83.33333333333334,50817681.88229227,50512754.16574016,79,
success,30,180,300,stacksats_momentum_weight,510,6,0.672627894569855,339.7628748342613,83.33333333333334,50852517.04057444,50512754.16574016,79,
success,30,180,340,sma_180d_weight,550,6,4.056606319822853,2049.1035778040023,83.33333333333334,52561857.74354417,50512754.16574016,70,
success,30,180,340,stacksats_mvrv_weight,550,6,3.8733924779223106,1956.557220247174,83.33333333333334,52469311.38598735,50512754.16574016,70,
success,30,180,340,stacksats_momentum_weight,550,6,3.9160490537152315,1978.104231512967,83.33333333333334,52490858.39725313,50512754.16574016,70,
success,30,200,60,sma_200d_weight,290,6,4.189674164356871,2116.3198109871155,83.33333333333334,52629073.976727284,50512754.16574016,5,
success,30,200,60,stacksats_mvrv_weight,290,6,4.0199731435458075,2030.5991515280766,83.33333333333334,52543353.317268245,50512754.16574016,5,
success,30,200,60,stacksats_momentum_weight,290,6,4.111904674492828,2077.0362997561388,83.33333333333334,52589790.46549631,50512754.16574016,5,
success,30,200,90,sma_200d_weight,320,6,3.589758723275116,1813.28599903117,83.33333333333334,52326040.16477135,50512754.16574016,21,
success,30,200,90,stacksats_mvrv_weight,320,6,3.4215699850751236,1728.3292351697528,83.33333333333334,52241083.40090992,50512754.16574016,21,
success,30,200,90,stacksats_momentum_weight,320,6,3.4917901844233823,1763.7993918412249,83.33333333333334,52276553.55758141,50512754.16574016,21,
success,30,200,120,sma_200d_weight,350,6,2.734894401831389,1381.4704858896803,83.33333333333334,51894224.65162985,50512754.16574016,11,
success,30,200,120,stacksats_mvrv_weight,350,6,2.5802653898339356,1303.3631131904913,83.33333333333334,51816117.278930664,50512754.16574016,11,
success,30,200,120,stacksats_momentum_weight,350,6,2.657337071072985,1342.294142066181,83.33333333333334,51855048.30780636,50512754.16574016,11,
success,30,200,150,sma_200d_weight,380,6,2.0449508899795354,1032.9610158654832,83.33333333333334,51545715.18160565,50512754.16574016,10,
success,30,200,150,stacksats_mvrv_weight,380,6,1.8942431286599115,956.8343748814077,83.33333333333334,51469588.540621586,50512754.16574016,10,
success,30,200,150,stacksats_momentum_weight,380,6,1.9704581282877776,995.3326702808554,83.33333333333334,51508086.836021036,50512754.16574016,10,
success,30,200,180,sma_200d_weight,410,6,1.9069582948268105,963.2571555090544,83.33333333333334,51476011.32124923,50512754.16574016,10,
success,30,200,180,stacksats_mvrv_weight,410,6,1.758717338696325,888.3765657659242,83.33333333333334,51401130.7315061,50512754.16574016,10,
success,30,200,180,stacksats_momentum_weight,410,6,1.8335421206899793,926.172623949431,83.33333333333334,51438926.78968961,50512754.16574016,10,
success,30,200,200,sma_200d_weight,430,6,1.8716762105113194,945.4352029942238,83.33333333333334,51458189.3687344,50512754.16574016,10,
success,30,200,200,stacksats_mvrv_weight,430,6,1.7238112632203206,870.7445456718197,83.33333333333334,51383498.711412,50512754.16574016,10,
success,30,200,200,stacksats_momentum_weight,430,6,1.7982883219658685,908.364959265833,83.33333333333334,51421119.12500601,50512754.16574016,10,
success,30,200,210,sma_200d_weight,440,6,1.7856376726865797,901.9747678950152,83.33333333333334,51414728.9336352,50512754.16574016,10,
success,30,200,210,stacksats_mvrv_weight,440,6,1.6377224783154842,827.2587293885736,83.33333333333334,51340012.89512875,50512754.16574016,10,
success,30,200,210,stacksats_momentum_weight,440,6,1.7122470526071298,864.9031443935673,83.33333333333334,51377657.31013375,50512754.16574016,10,
success,30,200,240,sma_200d_weight,470,6,1.7943393470807756,906.3702232900541,83.33333333333334,51419124.389030226,50512754.16574016,10,
success,30,200,240,stacksats_mvrv_weight,470,6,1.6461551884768832,831.5183235419099,83.33333333333334,51344272.48928208,50512754.16574016,10,
success,30,200,240,stacksats_momentum_weight,470,6,1.7209470901251134,869.2977729573613,83.33333333333334,51382051.93869753,50512754.16574016,10,
success,30,200,270,sma_200d_weight,500,6,2.050786455095488,1035.908720526677,83.33333333333334,51548662.88626686,50512754.16574016,41,
success,30,200,270,stacksats_mvrv_weight,500,6,1.9312368035114158,975.5208989160164,83.33333333333334,51488275.06465619,50512754.16574016,41,
success,30,200,270,stacksats_momentum_weight,500,6,2.024497294474581,1022.6293414500105,83.33333333333334,51535383.507190175,50512754.16574016,41,
success,30,200,300,sma_200d_weight,530,6,2.117869250566584,1069.794088090508,83.33333333333334,51582548.253830686,50512754.16574016,65,
success,30,200,300,stacksats_mvrv_weight,530,6,1.9559869128635388,988.0228608088146,83.33333333333334,51500777.02654899,50512754.16574016,65,
success,30,200,300,stacksats_momentum_weight,530,6,2.007576079997886,1014.0819699795393,83.33333333333334,51526836.13571972,50512754.16574016,65,
success,30,200,340,sma_200d_weight,570,6,7.395841941745651,3735.843458520685,83.33333333333334,54248597.62426087,50512754.16574016,53,
success,30,200,340,stacksats_mvrv_weight,570,6,7.218193161421249,3646.1081668369807,83.33333333333334,54158862.332577154,50512754.16574016,53,
success,30,200,340,stacksats_momentum_weight,570,6,7.2553889783828485,3664.896798418733,83.33333333333334,54177650.96415892,50512754.16574016,53,
success,30,210,60,sma_210d_weight,300,6,3.8557661122043507,1947.6536574636993,83.33333333333334,52460407.82320386,50512754.16574016,36,
success,30,210,60,stacksats_mvrv_weight,300,6,3.6395049874674568,1838.414207169284,83.33333333333334,52351168.37290946,50512754.16574016,36,
success,30,210,60,stacksats_momentum_weight,300,6,3.8094386749297104,1924.2523929618692,83.33333333333334,52437006.55870205,50512754.16574016,36,
success,30,210,90,sma_210d_weight,330,6,3.2574866287536475,1645.4462127641818,83.33333333333334,52158200.37850435,50512754.16574016,23,
success,30,210,90,stacksats_mvrv_weight,330,6,3.0926159844202106,1562.16550950057,83.33333333333334,52074919.67524074,50512754.16574016,23,
success,30,210,90,stacksats_momentum_weight,330,6,3.158462860885103,1595.4265803350936,83.33333333333334,52108180.746075265,50512754.16574016,23,
success,30,210,120,sma_210d_weight,360,6,2.4625117659178075,1243.8825146204908,83.33333333333334,51756636.68036066,50512754.16574016,13,
success,30,210,120,stacksats_mvrv_weight,360,6,2.313873611546846,1168.8012891065882,83.33333333333334,51681555.454846755,50512754.16574016,13,
success,30,210,120,stacksats_momentum_weight,360,6,2.3864107836830684,1205.4418125465381,83.33333333333334,51718195.97828671,50512754.16574016,13,
success,30,210,150,sma_210d_weight,390,6,1.7948963073088242,906.6515592408541,83.33333333333334,51419405.724981025,50512754.16574016,12,
success,30,210,150,stacksats_mvrv_weight,390,6,1.6504357484331544,833.6805522695358,83.33333333333334,51346434.7180097,50512754.16574016,12,
success,30,210,150,stacksats_momentum_weight,390,6,1.7221010720837482,869.8806810272363,83.33333333333334,51382634.84676741,50512754.16574016,12,
success,30,210,180,sma_210d_weight,420,6,1.6476347112759582,832.2656712562311,83.33333333333334,51345019.83699639,50512754.16574016,12,
success,30,210,180,stacksats_mvrv_weight,420,6,1.5059108989936343,760.6770703637449,83.33333333333334,51273431.236103915,50512754.16574016,12,
success,30,210,180,stacksats_momentum_weight,420,6,1.5760256888750046,796.0939818103434,83.33333333333334,51308848.147550516,50512754.16574016,12,
success,30,210,200,sma_210d_weight,440,6,1.6051418499016812,810.8013566522495,83.33333333333334,51323555.522392415,50512754.16574016,12,
success,30,210,200,stacksats_mvrv_weight,440,6,1.4638734862259861,739.4428153947811,83.33333333333334,51252196.98113494,50512754.16574016,12,
success,30,210,200,stacksats_momentum_weight,440,6,1.533639160374789,774.6833788696385,83.33333333333334,51287437.544609815,50512754.16574016,12,
success,30,210,210,sma_210d_weight,450,6,1.5222120338677536,768.9112225489298,83.33333333333334,51281665.388289094,50512754.16574016,12,
success,30,210,210,stacksats_mvrv_weight,450,6,1.38086155992021,697.5112051316974,83.33333333333334,51210265.37087187,50512754.16574016,12,
success,30,210,210,stacksats_momentum_weight,450,6,1.4506914055090414,732.7841833683051,83.33333333333334,51245538.34910848,50512754.16574016,12,
success,30,210,240,sma_210d_weight,480,6,1.5219169536937471,768.7621694260451,83.33333333333334,51281516.335166216,50512754.16574016,12,
success,30,210,240,stacksats_mvrv_weight,480,6,1.3800664516936845,697.1095740678866,83.33333333333334,51209863.739808045,50512754.16574016,12,
success,30,210,240,stacksats_momentum_weight,480,6,1.4502994054539364,732.5861733441416,83.33333333333334,51245340.33908431,50512754.16574016,12,
success,30,210,270,sma_210d_weight,510,6,1.7772391886987426,897.732462324595,83.33333333333334,51410486.62806477,50512754.16574016,12,
success,30,210,270,stacksats_mvrv_weight,510,6,1.636237088757797,826.5084182128849,83.33333333333334,51339262.58395306,50512754.16574016,12,
success,30,210,270,stacksats_momentum_weight,510,6,1.7059707369052823,861.7328044724345,83.33333333333334,51374486.97021261,50512754.16574016,12,
success,30,210,300,sma_210d_weight,540,6,1.8425079252438081,930.7014987626899,83.33333333333334,51443455.66450287,50512754.16574016,38,
success,30,210,300,stacksats_mvrv_weight,540,6,1.6466813745709796,831.7841146300707,83.33333333333334,51344538.280370235,50512754.16574016,38,
success,30,210,300,stacksats_momentum_weight,540,6,1.7074071863303564,862.4583946392377,83.33333333333334,51375212.5603794,50512754.16574016,38,
success,30,210,340,sma_210d_weight,580,6,7.418828141731959,3747.4544212118126,83.33333333333334,54260208.586951986,50512754.16574016,27,
success,30,210,340,stacksats_mvrv_weight,580,6,7.215158806206001,3644.575430446588,83.33333333333334,54157329.59618676,50512754.16574016,27,
success,30,210,340,stacksats_momentum_weight,580,6,7.286156291576806,3680.438215695802,83.33333333333334,54193192.381435975,50512754.16574016,27,
success,30,240,60,sma_240d_weight,330,6,4.875896800257329,2462.9497640891714,83.33333333333334,52975703.929829344,50512754.16574016,71,
success,30,240,60,stacksats_mvrv_weight,330,6,4.683353517868172,2365.690849193299,83.33333333333334,52878445.01493348,50512754.16574016,71,
success,30,240,60,stacksats_momentum_weight,330,6,4.870534866788523,2460.241303817551,83.33333333333334,52972995.469557725,50512754.16574016,71,
success,30,240,90,sma_240d_weight,360,6,4.290456237228302,2167.2276116998037,83.33333333333334,52679981.77743998,50512754.16574016,60,
success,30,240,90,stacksats_mvrv_weight,360,6,4.093454220120996,2067.716467096834,83.33333333333334,52580470.632837005,50512754.16574016,60,
success,30,240,90,stacksats_momentum_weight,360,6,4.195909665622155,2119.4695344122447,83.33333333333334,52632223.70015242,50512754.16574016,60,
success,30,240,120,sma_240d_weight,390,6,3.4699477596811024,1752.766181527324,83.33333333333334,52265520.34726749,50512754.16574016,52,
success,30,240,120,stacksats_mvrv_weight,390,6,3.2874914779887465,1660.6024884961153,83.33333333333334,52173356.65423629,50512754.16574016,52,
success,30,240,120,stacksats_momentum_weight,390,6,3.394245086811365,1714.5266764837434,83.33333333333334,52227280.84222391,50512754.16574016,52,
success,30,240,150,sma_240d_weight,420,6,2.734217184472465,1381.1284047500012,83.33333333333334,51893882.57049017,50512754.16574016,58,
success,30,240,150,stacksats_mvrv_weight,420,6,2.5227927630425473,1274.3321065067648,83.33333333333334,51787086.27224694,50512754.16574016,58,
success,30,240,150,stacksats_momentum_weight,420,6,2.627398410966819,1327.1713002862307,83.33333333333334,51839925.4660264,50512754.16574016,58,
success,30,240,180,sma_240d_weight,450,6,2.5531401533019027,1289.6614091441952,83.33333333333334,51802415.57488436,50512754.16574016,60,
success,30,240,180,stacksats_mvrv_weight,450,6,2.3394724838932124,1181.7319845641105,83.33333333333334,51694486.150304295,50512754.16574016,60,
success,30,240,180,stacksats_momentum_weight,450,6,2.4424163668743892,1233.7317751030641,83.33333333333334,51746485.940843254,50512754.16574016,60,
success,30,240,200,sma_240d_weight,470,6,2.493216875182025,1259.3925109794436,83.33333333333334,51772146.67671961,50512754.16574016,60,
success,30,240,200,stacksats_mvrv_weight,470,6,2.280009182869458,1151.695433499146,83.33333333333334,51664449.59923932,50512754.16574016,60,
success,30,240,200,stacksats_momentum_weight,470,6,2.3826939240254807,1203.5643243650193,83.33333333333334,51716318.49010519,50512754.16574016,60,
success,30,240,210,sma_240d_weight,480,6,2.397548791144244,1211.0679268743625,83.33333333333334,51723822.092614524,50512754.16574016,60,
success,30,240,210,stacksats_mvrv_weight,480,6,2.1833861058999426,1102.8884561621671,83.33333333333334,51615642.62190235,50512754.16574016,60,
success,30,240,210,stacksats_momentum_weight,480,6,2.2859095798331452,1154.6758865122174,83.33333333333334,51667430.05225239,50512754.16574016,60,
success,30,240,240,sma_240d_weight,510,6,2.4576228157000335,1241.412971215701,83.33333333333334,51754167.13695588,50512754.16574016,60,
success,30,240,240,stacksats_mvrv_weight,510,6,2.2453587622480287,1134.1925517132477,83.33333333333334,51646946.71745342,50512754.16574016,60,
success,30,240,240,stacksats_momentum_weight,510,6,2.348253010652157,1186.1672704603116,83.33333333333334,51698921.43620048,50512754.16574016,60,
success,30,240,270,sma_240d_weight,540,6,2.5490537778949385,1287.5972683805812,83.33333333333334,51800351.43412075,50512754.16574016,57,
success,30,240,270,stacksats_mvrv_weight,540,6,2.3375804813919876,1180.776281991857,83.33333333333334,51693530.44773202,50512754.16574016,57,
success,30,240,270,stacksats_momentum_weight,540,6,2.426936135729374,1225.912284000493,83.33333333333334,51738666.44974068,50512754.16574016,57,
success,30,240,300,sma_240d_weight,570,6,2.5880965180789417,1307.3188317492968,83.33333333333334,51820072.99748947,50512754.16574016,38,
success,30,240,300,stacksats_mvrv_weight,570,6,2.3909646961164377,1207.7421191389367,83.33333333333334,51720496.28487912,50512754.16574016,38,
success,30,240,300,stacksats_momentum_weight,570,6,2.4764057784025795,1250.9007629906773,83.33333333333334,51763654.92873086,50512754.16574016,38,
success,30,240,340,sma_240d_weight,610,6,6.264338858062701,3164.2900874821426,83.33333333333334,53677044.2532223,50512754.16574016,19,
success,30,240,340,stacksats_mvrv_weight,610,6,6.123370254962079,3093.082963547051,83.33333333333334,53605837.12928721,50512754.16574016,19,
success,30,240,340,stacksats_momentum_weight,610,6,6.218724957005839,3141.249249775894,83.33333333333334,53654003.41551608,50512754.16574016,19,
success,30,270,60,sma_270d_weight,360,6,5.535459930291675,2796.1132665312907,83.33333333333334,53308867.432271466,50512754.16574016,21,
success,30,270,60,stacksats_mvrv_weight,360,6,5.410455003699655,2732.9698352667983,83.33333333333334,53245724.00100697,50512754.16574016,21,
success,30,270,60,stacksats_momentum_weight,360,6,5.4982687787946904,2777.326991604212,83.33333333333334,53290081.15734439,50512754.16574016,21,
success,30,270,90,sma_270d_weight,390,6,5.200309401064529,2626.8195036175966,83.33333333333334,53139573.66935776,50512754.16574016,42,
success,30,270,90,stacksats_mvrv_weight,390,6,4.993184370177439,2522.1949459498865,83.33333333333334,53034949.11169007,50512754.16574016,42,
success,30,270,90,stacksats_momentum_weight,390,6,5.073065286331047,2562.5449967519016,83.33333333333334,53075299.162492074,50512754.16574016,42,
success,30,270,120,sma_270d_weight,420,6,4.404136195999375,2224.6504898095445,83.33333333333334,52737404.65554972,50512754.16574016,33,
success,30,270,120,stacksats_mvrv_weight,420,6,4.205974597082207,2124.553608497612,83.33333333333334,52637307.7742378,50512754.16574016,33,
success,30,270,120,stacksats_momentum_weight,420,6,4.293019257000763,2168.522263576684,83.33333333333334,52681276.42931686,50512754.16574016,33,
success,30,270,150,sma_270d_weight,450,6,3.582818666265819,1809.7803850951095,83.33333333333334,52322534.55083528,50512754.16574016,38,
success,30,270,150,stacksats_mvrv_weight,450,6,3.361790696062328,1698.1330698686943,83.33333333333334,52210887.23560885,50512754.16574016,38,
success,30,270,150,stacksats_momentum_weight,450,6,3.448430889883336,1741.897417982218,83.33333333333334,52254651.58372238,50512754.16574016,38,
success,30,270,180,sma_270d_weight,480,6,3.335625694026545,1684.9164067128877,83.33333333333334,52197670.57245307,50512754.16574016,38,
success,30,270,180,stacksats_mvrv_weight,480,6,3.117802779867729,1574.8880535671997,83.33333333333334,52087642.21930737,50512754.16574016,38,
success,30,270,180,stacksats_momentum_weight,480,6,3.2031954829820464,1618.022259766818,83.33333333333334,52130776.425506994,50512754.16574016,38,
success,30,270,200,sma_270d_weight,500,6,3.2578808368607604,1645.6453381362298,83.33333333333334,52158399.5038764,50512754.16574016,38,
success,30,270,200,stacksats_mvrv_weight,500,6,3.040268302807414,1535.7232537760356,83.33333333333334,52048477.41951621,50512754.16574016,38,
success,30,270,200,stacksats_momentum_weight,500,6,3.1255432757434143,1578.7979912200972,83.33333333333334,52091552.156960264,50512754.16574016,38,
success,30,270,210,sma_270d_weight,510,6,3.1497125464704734,1591.0065555261026,83.33333333333334,52103760.72126627,50512754.16574016,38,
success,30,270,210,stacksats_mvrv_weight,510,6,2.9311714593769578,1480.6154334514213,83.33333333333334,51993369.5991916,50512754.16574016,38,
success,30,270,210,stacksats_momentum_weight,510,6,3.016499253290683,1523.7168522261054,83.33333333333334,52036471.01796628,50512754.16574016,38,
success,30,270,240,sma_270d_weight,540,6,3.185403315623647,1609.034946008309,83.33333333333334,52121789.11174847,50512754.16574016,38,
success,30,270,240,stacksats_mvrv_weight,540,6,2.9689923468020574,1499.719805339766,83.33333333333334,52012473.97107994,50512754.16574016,38,
success,30,270,240,stacksats_momentum_weight,540,6,3.054131591925535,1542.7259829275572,83.33333333333334,52055480.14866773,50512754.16574016,38,
success,30,270,270,sma_270d_weight,570,6,3.2260737776261372,1629.5787164976937,83.33333333333334,52142332.88223787,50512754.16574016,38,
success,30,270,270,stacksats_mvrv_weight,570,6,3.011203908111715,1521.0420275336364,83.33333333333334,52033796.1932738,50512754.16574016,38,
success,30,270,270,stacksats_momentum_weight,570,6,3.096269392004003,1564.0109462920445,83.33333333333334,52076765.11203221,50512754.16574016,38,
success,30,270,300,sma_270d_weight,600,6,3.24338631091734,1638.3237538789472,83.33333333333334,52151077.91961912,50512754.16574016,37,
success,30,270,300,stacksats_mvrv_weight,600,6,3.02979147195237,1530.4311179618599,83.33333333333334,52043185.28370203,50512754.16574016,37,
success,30,270,300,stacksats_momentum_weight,600,6,3.1153666232270893,1573.6574837522203,83.33333333333334,52086411.6494924,50512754.16574016,37,
success,30,270,340,sma_270d_weight,640,6,6.863273477437026,3466.828459380209,83.33333333333334,53979582.62512038,50512754.16574016,18,
success,30,270,340,stacksats_mvrv_weight,640,6,6.7214768302493955,3395.203067571063,83.33333333333334,53907957.233311236,50512754.16574016,18,
success,30,270,340,stacksats_momentum_weight,640,6,6.816442345446272,3443.1727648046945,83.33333333333334,53955926.93054487,50512754.16574016,18,
success,30,300,60,sma_300d_weight,390,6,6.496205540804656,3281.412334927845,83.33333333333334,53794166.50066802,50512754.16574016,75,
success,30,300,60,stacksats_mvrv_weight,390,6,6.332762581243934,3198.8527945637325,83.33333333333334,53711606.9603039,50512754.16574016,75,
success,30,300,60,stacksats_momentum_weight,390,6,6.386030372091556,3225.7598228041097,83.33333333333334,53738513.98854429,50512754.16574016,75,
success,30,300,90,sma_300d_weight,420,6,5.973449335523484,3017.35377806802,83.33333333333334,53530107.94380818,50512754.16574016,35,
success,30,300,90,stacksats_mvrv_weight,420,6,5.773538018580915,2916.373065991327,83.33333333333334,53429127.23173149,50512754.16574016,35,
success,30,300,90,stacksats_momentum_weight,420,6,5.85074538355983,2955.372632460967,83.33333333333334,53468126.798201144,50512754.16574016,35,
success,30,300,120,sma_300d_weight,450,6,5.197953716735992,2625.6295825838097,83.33333333333334,53138383.74832398,50512754.16574016,26,
success,30,300,120,stacksats_mvrv_weight,450,6,5.009128844065858,2530.24893884817,83.33333333333334,53043003.10458834,50512754.16574016,26,
success,30,300,120,stacksats_momentum_weight,450,6,5.093028995633575,2572.6292161542515,83.33333333333334,53085383.381894425,50512754.16574016,26,
success,30,300,150,sma_300d_weight,480,6,4.2914359959469905,2167.7225148127836,83.33333333333334,52680476.68055296,50512754.16574016,25,
success,30,300,150,stacksats_mvrv_weight,480,6,4.101825093128109,2071.94482560044,83.33333333333334,52584698.99134061,50512754.16574016,25,
success,30,300,150,stacksats_momentum_weight,480,6,4.185445663067333,2114.183878525837,83.33333333333334,52626938.04426601,50512754.16574016,25,
success,30,300,180,sma_300d_weight,510,6,3.991021615420154,2015.9749372987353,83.33333333333334,52528729.103038915,50512754.16574016,25,
success,30,300,180,stacksats_mvrv_weight,510,6,3.8041461219769035,1921.5789786997266,83.33333333333334,52434333.144439906,50512754.16574016,25,
success,30,300,180,stacksats_momentum_weight,510,6,3.886698669691513,1963.2785441843662,83.33333333333334,52476032.70992455,50512754.16574016,25,
success,30,300,200,sma_300d_weight,530,6,3.092090651585888,1561.900149417408,83.33333333333334,52074654.31515758,50512754.16574016,25,
success,30,300,200,stacksats_mvrv_weight,530,6,2.885710042640066,1457.651619774857,83.33333333333334,51970405.78551504,50512754.16574016,25,
success,30,300,200,stacksats_momentum_weight,530,6,2.974609249528637,1502.5570576057653,83.33333333333334,52015311.223345935,50512754.16574016,25,
success,30,300,210,sma_300d_weight,540,6,3.0244343189955947,1527.7250724585247,83.33333333333334,52040479.2381987,50512754.16574016,25,
success,30,300,210,stacksats_mvrv_weight,540,6,2.8171557980122053,1423.0229827158037,83.33333333333334,51935777.14845598,50512754.16574016,25,
success,30,300,210,stacksats_momentum_weight,540,6,2.9061022261928526,1467.9522733218982,83.33333333333334,51980706.43906208,50512754.16574016,25,
success,30,300,240,sma_300d_weight,570,6,3.150766695907148,1591.5390354395931,83.33333333333334,52104293.20117977,50512754.16574016,25,
success,30,300,240,stacksats_mvrv_weight,570,6,2.945657151701475,1487.932555604515,83.33333333333334,52000686.72134469,50512754.16574016,25,
success,30,300,240,stacksats_momentum_weight,570,6,3.0343672121170284,1532.742450342499,83.33333333333334,52045496.61608267,50512754.16574016,25,
success,30,300,270,sma_300d_weight,600,6,3.7930595016755886,1915.9788214416403,83.33333333333334,52428732.98718181,50512754.16574016,25,
success,30,300,270,stacksats_mvrv_weight,600,6,3.609132418661676,1823.0721861546044,83.33333333333334,52335826.35189477,50512754.16574016,25,
success,30,300,270,stacksats_momentum_weight,600,6,3.6912826744595284,1864.568542912304,83.33333333333334,52377322.70865248,50512754.16574016,25,
success,30,300,300,sma_300d_weight,630,6,3.7808758310711177,1909.82451386084,83.33333333333334,52422578.67960102,50512754.16574016,25,
success,30,300,300,stacksats_mvrv_weight,630,6,3.5974073466971124,1817.1495293773842,83.33333333333334,52329903.695117556,50512754.16574016,25,
success,30,300,300,stacksats_momentum_weight,630,6,3.6796326593232065,1858.6837994062225,83.33333333333334,52371437.9651464,50512754.16574016,25,
success,30,300,340,sma_300d_weight,670,6,7.026935383322486,3549.498595563098,83.33333333333334,54062252.76130327,50512754.16574016,19,
success,30,300,340,stacksats_mvrv_weight,670,6,6.864018225340973,3467.2046520580843,83.33333333333334,53979958.81779826,50512754.16574016,19,
success,30,300,340,stacksats_momentum_weight,670,6,6.964225474396235,3517.822093429626,83.33333333333334,54030576.2591698,50512754.16574016,19,
success,30,340,60,sma_340d_weight,430,6,6.620092222065965,3343.990909677472,83.33333333333334,53856745.07541764,50512754.16574016,29,
success,30,340,60,stacksats_mvrv_weight,430,6,6.234673508494271,3149.305302382236,83.33333333333334,53662059.468122415,50512754.16574016,29,
success,30,340,60,stacksats_momentum_weight,430,6,6.177872888782643,3120.613744982693,83.33333333333334,53633367.91072287,50512754.16574016,29,
success,30,340,90,sma_340d_weight,460,6,6.140525541438913,3101.7485712315247,83.33333333333334,53614502.73697169,50512754.16574016,41,
success,30,340,90,stacksats_mvrv_weight,460,6,5.7159599073743905,2887.288776224297,83.33333333333334,53400042.94196446,50512754.16574016,41,
success,30,340,90,stacksats_momentum_weight,460,6,5.647118445283494,2852.5150577142194,83.33333333333334,53365269.22345439,50512754.16574016,41,
success,30,340,120,sma_340d_weight,490,6,5.4537158415076,2754.8220759187607,83.33333333333334,53267576.24165893,50512754.16574016,31,
success,30,340,120,stacksats_mvrv_weight,490,6,5.049865185997882,2550.8259871044065,83.33333333333334,53063580.15284457,50512754.16574016,31,
success,30,340,120,stacksats_momentum_weight,490,6,4.990461773891441,2520.819687581017,83.33333333333334,53033573.85332119,50512754.16574016,31,
success,30,340,150,sma_340d_weight,520,6,4.936787413568955,2493.7072899012855,83.33333333333334,53006461.45564145,50512754.16574016,30,
success,30,340,150,stacksats_mvrv_weight,520,6,4.5366085005167145,2291.5658993280813,83.33333333333334,52804320.06506824,50512754.16574016,30,
success,30,340,150,stacksats_momentum_weight,520,6,4.479905140172891,2262.9234703138936,83.33333333333334,52775677.63605406,50512754.16574016,30,
success,30,340,180,sma_340d_weight,550,6,4.094363285076796,2068.1756608431606,83.33333333333334,52580929.82658333,50512754.16574016,30,
success,30,340,180,stacksats_mvrv_weight,550,6,3.696773028319633,1867.3418718604808,83.33333333333334,52380096.03760066,50512754.16574016,30,
success,30,340,180,stacksats_momentum_weight,550,6,3.6403525127296943,1838.8423155214987,83.33333333333334,52351596.48126167,50512754.16574016,30,
success,30,340,200,sma_340d_weight,570,6,2.9314191938552447,1480.7405709594168,83.33333333333334,51993494.73669958,50512754.16574016,30,
success,30,340,200,stacksats_mvrv_weight,570,6,2.482140282989631,1253.7974191953617,83.33333333333334,51766551.58493552,50512754.16574016,30,
success,30,340,200,stacksats_momentum_weight,570,6,2.4172088959298454,1220.9987872734418,83.33333333333334,51733752.95301361,50512754.16574016,30,
success,30,340,210,sma_340d_weight,580,6,2.864142736309727,1446.7573793480333,83.33333333333334,51959511.5450882,50512754.16574016,30,
success,30,340,210,stacksats_mvrv_weight,580,6,2.414227742299291,1219.4929244687373,83.33333333333334,51732247.09020891,50512754.16574016,30,
success,30,340,210,stacksats_momentum_weight,580,6,2.3494210874597687,1186.7572982266138,83.33333333333334,51699511.46396678,50512754.16574016,30,
success,30,340,240,sma_340d_weight,610,6,3.8094527926109345,1924.2595241914823,83.33333333333334,52437013.68993165,50512754.16574016,30,
success,30,340,240,stacksats_mvrv_weight,610,6,3.41369129097584,1724.3494897879064,83.33333333333334,52237103.655528076,50512754.16574016,30,
success,30,340,240,stacksats_momentum_weight,610,6,3.3573922206619145,1695.9112788026396,83.33333333333334,52208665.44454281,50512754.16574016,30,
success,30,340,270,sma_340d_weight,640,6,5.022912167860594,2537.2112753124675,83.33333333333334,53049965.441052645,50512754.16574016,30,
success,30,340,270,stacksats_mvrv_weight,640,6,4.631938550325465,2339.7197330340496,83.33333333333334,52852473.898774214,50512754.16574016,30,
success,30,340,270,stacksats_momentum_weight,640,6,4.576075744757935,2311.501891387641,83.33333333333334,52824256.05712781,50512754.16574016,30,
success,30,340,300,sma_340d_weight,670,6,3.728092441947628,1883.162170272546,83.33333333333334,52395916.33601271,50512754.16574016,30,
success,30,340,300,stacksats_mvrv_weight,670,6,3.337301562194983,1685.7629338809566,83.33333333333334,52198517.09962113,50512754.16574016,30,
success,30,340,300,stacksats_momentum_weight,670,6,3.2810468499476553,1657.3471293768234,83.33333333333334,52170101.29511698,50512754.16574016,30,
success,30,340,340,sma_340d_weight,710,6,8.613530534532178,4350.931503899206,83.33333333333334,54863685.66963937,50512754.16574016,30,
success,30,340,340,stacksats_mvrv_weight,710,6,8.203814374012852,4143.972586958764,83.33333333333334,54656726.75269893,50512754.16574016,30,
success,30,340,340,stacksats_momentum_weight,710,6,8.137205212841048,4110.326465124192,83.33333333333334,54623080.63086435,50512754.16574016,30,
success,45,60,60,sma_60d_weight,165,6,-2.0915333169418515,-1056.4910826813866,50.0,49456263.0830588,50512754.16574016,50,
success,45,60,60,stacksats_mvrv_weight,165,6,-2.3514149457233735,-1187.7644509497186,50.0,49324989.71479045,50512754.16574016,50,
success,45,60,60,stacksats_momentum_weight,165,6,-2.240987676714201,-1131.984596023176,50.0,49380769.569717,50512754.16574016,50,
success,45,60,90,sma_60d_weight,195,6,-2.1008598296967884,-1061.2021611415257,66.66666666666666,49451552.00459864,50512754.16574016,35,
success,45,60,90,stacksats_mvrv_weight,195,6,-2.3502115111173616,-1187.1565629856414,50.0,49325597.60275453,50512754.16574016,35,
success,45,60,90,stacksats_momentum_weight,195,6,-2.230939518513264,-1126.9089945729502,50.0,49385845.171167225,50512754.16574016,35,
success,45,60,120,sma_60d_weight,225,6,-2.0714329202609516,-1046.3378187196286,50.0,49466416.34702054,50512754.16574016,67,
success,45,60,120,stacksats_mvrv_weight,225,6,-2.048466064111487,-1034.7366271332503,50.0,49478017.53860692,50512754.16574016,67,
success,45,60,120,stacksats_momentum_weight,225,6,-2.225204738282094,-1124.0121991328342,50.0,49388741.96660733,50512754.16574016,67,
success,45,60,150,sma_60d_weight,255,6,-2.087188818614416,-1054.2965569215157,50.0,49458457.60881865,50512754.16574016,50,
success,45,60,150,stacksats_mvrv_weight,255,6,-2.131765330840263,-1076.8133809578212,50.0,49435940.78478236,50512754.16574016,50,
success,45,60,150,stacksats_momentum_weight,255,6,-2.230255017883709,-1126.563234452682,50.0,49386190.9312875,50512754.16574016,50,
success,45,60,180,sma_60d_weight,285,6,-2.087335511110744,-1054.3706553415686,50.0,49458383.5103986,50512754.16574016,51,
success,45,60,180,stacksats_mvrv_weight,285,6,-2.1389787470972976,-1080.457076178689,50.0,49432297.08956148,50512754.16574016,51,
success,45,60,180,stacksats_momentum_weight,285,6,-2.2324618030657106,-1127.6779424266351,50.0,49385076.223313525,50512754.16574016,51,
success,45,60,200,sma_60d_weight,305,6,-2.085820140280259,-1053.6051997992618,50.0,49459148.965940915,50512754.16574016,52,
success,45,60,200,stacksats_mvrv_weight,305,6,-2.139219822997651,-1080.578850255588,50.0,49432175.31548459,50512754.16574016,52,
success,45,60,200,stacksats_momentum_weight,305,6,-2.2319396460592,-1127.4141865415731,50.0,49385339.979198605,50512754.16574016,52,
success,45,60,210,sma_60d_weight,315,6,-2.086544257895162,-1053.9709715499484,50.0,49458783.19419022,50512754.16574016,52,
success,45,60,210,stacksats_mvrv_weight,315,6,-2.1399939627566256,-1080.9698895689362,50.0,49431784.27617124,50512754.16574016,52,
success,45,60,210,stacksats_momentum_weight,315,6,-2.2326796893235135,-1127.7880027763968,50.0,49384966.16296378,50512754.16574016,52,
success,45,60,240,sma_60d_weight,345,6,-2.088348975437515,-1054.882584085506,50.0,49457871.58165466,50512754.16574016,52,
success,45,60,240,stacksats_mvrv_weight,345,6,-2.141886455311748,-1081.9258396809091,50.0,49430828.326059274,50512754.16574016,52,
success,45,60,240,stacksats_momentum_weight,345,6,-2.234512084040896,-1128.7135958153376,50.0,49384040.56992483,50512754.16574016,52,
success,45,60,270,sma_60d_weight,375,6,-2.084552942981255,-1052.965103542825,50.0,49459789.06219735,50512754.16574016,52,
success,45,60,270,stacksats_mvrv_weight,375,6,-2.137937564836001,-1079.9311463426202,50.0,49432823.01939756,50512754.16574016,52,
success,45,60,270,stacksats_momentum_weight,375,6,-2.230670390207612,-1126.7730504535284,50.0,49385981.11528665,50512754.16574016,52,
success,45,60,300,sma_60d_weight,405,6,-2.0759853080267177,-1048.6373551604192,50.0,49464116.81057975,50512754.16574016,52,
success,45,60,300,stacksats_mvrv_weight,405,6,-2.129024909050492,-1075.4291184360482,50.0,49437325.04730413,50512754.16574016,52,
success,45,60,300,stacksats_momentum_weight,405,6,-2.221995358011941,-1122.3910527667322,50.0,49390363.11297345,50512754.16574016,52,
success,45,60,340,sma_60d_weight,445,6,-2.0700274848300726,-1045.6278945754675,50.0,49467126.27116471,50512754.16574016,51,
success,45,60,340,stacksats_mvrv_weight,445,6,-2.123007915602182,-1072.389769327332,50.0,49440364.39641285,50512754.16574016,51,
success,45,60,340,stacksats_momentum_weight,445,6,-2.215983612021899,-1119.3543542937114,50.0,49393399.81144647,50512754.16574016,51,
success,45,90,60,sma_90d_weight,195,6,-1.4535464898748574,-734.2263651152316,50.0,49778527.800624944,50512754.16574016,41,
success,45,90,60,stacksats_mvrv_weight,195,6,-1.4041618493321528,-709.2808230422597,50.0,49803473.34269792,50512754.16574016,41,
success,45,90,60,stacksats_momentum_weight,195,6,-1.5488370640996063,-782.3602586164998,50.0,49730393.90712367,50512754.16574016,41,
success,45,90,90,sma_90d_weight,225,6,-1.584931322775518,-800.5924627694112,50.0,49712161.70297078,50512754.16574016,52,
success,45,90,90,stacksats_mvrv_weight,225,6,-1.530871000993328,-773.2851053263657,50.0,49739469.0604138,50512754.16574016,52,
success,45,90,90,stacksats_momentum_weight,225,6,-1.6794151071253816,-848.3188244845442,50.0,49664435.34125563,50512754.16574016,52,
success,45,90,120,sma_90d_weight,255,6,-1.6768605637268785,-847.0284542576046,50.0,49665725.71148257,50512754.16574016,54,
success,45,90,120,stacksats_mvrv_weight,255,6,-1.6986451833299165,-858.0324656036246,50.0,49654721.70013655,50512754.16574016,54,
success,45,90,120,stacksats_momentum_weight,255,6,-1.796934492519675,-907.6811027258518,50.0,49605073.06301432,50512754.16574016,54,
success,45,90,150,sma_90d_weight,285,6,-1.6321106201423463,-824.4240252654417,66.66666666666666,49688330.140474744,50512754.16574016,32,
success,45,90,150,stacksats_mvrv_weight,285,6,-1.8288490621693687,-923.8020308360574,50.0,49588952.134904124,50512754.16574016,32,
success,45,90,150,stacksats_momentum_weight,285,6,-1.722341606022304,-870.0021813443091,66.66666666666666,49642751.984395854,50512754.16574016,32,
success,45,90,180,sma_90d_weight,315,6,-1.6362969172653452,-826.5386392398286,50.0,49686215.52650036,50512754.16574016,32,
success,45,90,180,stacksats_mvrv_weight,315,6,-1.83487061901072,-926.8436850402795,50.0,49585910.4806999,50512754.16574016,32,
success,45,90,180,stacksats_momentum_weight,315,6,-1.7273393324776953,-872.5266706225957,50.0,49640227.49511758,50512754.16574016,32,
success,45,90,200,sma_90d_weight,335,6,-1.6319391145314888,-824.3373930578455,50.0,49688416.77268233,50512754.16574016,32,
success,45,90,200,stacksats_mvrv_weight,335,6,-1.830544758249153,-924.6585736282359,50.0,49588095.59211194,50512754.16574016,32,
success,45,90,200,stacksats_momentum_weight,335,6,-1.7230027547625593,-870.3361457821447,50.0,49642418.01995802,50512754.16574016,32,
success,45,90,210,sma_90d_weight,345,6,-1.6317670950933172,-824.2505013019254,50.0,49688503.66443825,50512754.16574016,32,
success,45,90,210,stacksats_mvrv_weight,345,6,-1.8303803790208018,-924.5755411527207,50.0,49588178.624587454,50512754.16574016,32,
success,45,90,210,stacksats_momentum_weight,345,6,-1.722834979841148,-870.2513980485382,50.0,49642502.76769163,50512754.16574016,32,
success,45,90,240,sma_90d_weight,375,6,-1.6330847882973343,-824.916104430733,50.0,49687838.06130944,50512754.16574016,32,
success,45,90,240,stacksats_mvrv_weight,375,6,-1.8317931621874894,-925.2891768406043,50.0,49587464.98889957,50512754.16574016,32,
success,45,90,240,stacksats_momentum_weight,375,6,-1.7242030352551785,-870.9424405166792,50.0,49641811.7252235,50512754.16574016,32,
success,45,90,270,sma_90d_weight,405,6,-1.7106141059757163,-864.0782980759905,50.0,49648675.86766419,50512754.16574016,32,
success,45,90,270,stacksats_mvrv_weight,405,6,-1.9082120675351977,-963.890470635044,50.0,49548863.695105135,50512754.16574016,32,
success,45,90,270,stacksats_momentum_weight,405,6,-1.8013197507324996,-909.8962174264307,50.0,49602857.94831373,50512754.16574016,32,
success,45,90,300,sma_90d_weight,435,6,-1.68190769037605,-849.57789693433,66.66666666666666,49663176.26880585,50512754.16574016,32,
success,45,90,300,stacksats_mvrv_weight,435,6,-1.8798754287707387,-949.5768539571145,50.0,49563177.31178306,50512754.16574016,32,
success,45,90,300,stacksats_momentum_weight,435,6,-1.772869547063749,-895.5252359875813,66.66666666666666,49617228.92975259,50512754.16574016,32,
success,45,90,340,sma_90d_weight,475,6,-1.6905042400858772,-853.9202509559909,50.0,49658833.91478417,50512754.16574016,32,
success,45,90,340,stacksats_mvrv_weight,475,6,-1.8878012027322866,-953.5803806740441,50.0,49559173.785066135,50512754.16574016,32,
success,45,90,340,stacksats_momentum_weight,475,6,-1.7810098200233826,-899.6371120561016,50.0,49613117.05368407,50512754.16574016,32,
success,45,120,60,sma_120d_weight,225,6,-0.5471129169069111,-276.3618027261982,66.66666666666666,50236392.36301398,50512754.16574016,44,
success,45,120,60,stacksats_mvrv_weight,225,6,-0.807962433794962,-408.1240779343789,66.66666666666666,50104630.08780579,50512754.16574016,44,
success,45,120,60,stacksats_momentum_weight,225,6,-0.6950413474159256,-351.08452717045293,66.66666666666666,50161669.63856973,50512754.16574016,44,
success,45,120,90,sma_120d_weight,255,6,-0.715622179113673,-361.4804720911998,66.66666666666666,50151273.69364897,50512754.16574016,58,
success,45,120,90,stacksats_mvrv_weight,255,6,-0.9751268751266418,-492.5634412367872,66.66666666666666,50020190.72450339,50512754.16574016,58,
success,45,120,90,stacksats_momentum_weight,255,6,-0.8907420731463112,-449.93835365921404,66.66666666666666,50062815.81208097,50512754.16574016,58,
success,45,120,120,sma_120d_weight,285,6,-0.9162363808914553,-462.8162306567756,66.66666666666666,50049937.9350834,50512754.16574016,74,
success,45,120,120,stacksats_mvrv_weight,285,6,-1.2727549400789129,-642.9035740143736,66.66666666666666,49869850.591725804,50512754.16574016,74,
success,45,120,120,stacksats_momentum_weight,285,6,-1.188735045743361,-600.4628113383442,66.66666666666666,49912291.35440183,50512754.16574016,74,
success,45,120,150,sma_120d_weight,315,6,-0.8709411046994742,-439.936339145228,66.66666666666666,50072817.82659495,50512754.16574016,43,
success,45,120,150,stacksats_mvrv_weight,315,6,-1.1359941503953919,-573.8219325264145,66.66666666666666,49938932.23321376,50512754.16574016,43,
success,45,120,150,stacksats_momentum_weight,315,6,-1.0389688674316222,-524.8117898643104,66.66666666666666,49987942.37587585,50512754.16574016,43,
success,45,120,180,sma_120d_weight,345,6,-0.8725423227352702,-440.7451584753071,66.66666666666666,50072009.007264875,50512754.16574016,43,
success,45,120,180,stacksats_mvrv_weight,345,6,-1.1381388235587764,-574.9052660090892,66.66666666666666,49937848.89973109,50512754.16574016,43,
success,45,120,180,stacksats_momentum_weight,345,6,-1.0408937372307192,-525.7840946139404,66.66666666666666,49986970.07112624,50512754.16574016,43,
success,45,120,200,sma_120d_weight,365,6,-0.8676013599462462,-438.24934208826744,66.66666666666666,50074504.82365191,50512754.16574016,43,
success,45,120,200,stacksats_mvrv_weight,365,6,-1.1328928452426612,-572.2553778786823,66.66666666666666,49940498.787861496,50512754.16574016,43,
success,45,120,200,stacksats_momentum_weight,365,6,-1.0357769097755654,-523.1994441404313,66.66666666666666,49989554.72159974,50512754.16574016,43,
success,45,120,210,sma_120d_weight,375,6,-0.8653337123570082,-437.1038908361661,66.66666666666666,50075650.27490401,50512754.16574016,43,
success,45,120,210,stacksats_mvrv_weight,375,6,-1.1304968725628806,-571.04510608907,66.66666666666666,49941709.05965111,50512754.16574016,43,
success,45,120,210,stacksats_momentum_weight,375,6,-1.0334338725677017,-522.015911515613,66.66666666666666,49990738.25422456,50512754.16574016,43,
success,45,120,240,sma_120d_weight,405,6,-0.8443323378604983,-426.4955181653204,66.66666666666666,50086258.64757486,50512754.16574016,43,
success,45,120,240,stacksats_mvrv_weight,405,6,-1.1095458798363267,-560.4621826378207,66.66666666666666,49952291.98310237,50512754.16574016,43,
success,45,120,240,stacksats_momentum_weight,405,6,-1.012536824160326,-511.4602368256965,66.66666666666666,50001293.92891448,50512754.16574016,43,
success,45,120,270,sma_120d_weight,435,6,-0.8490024749548519,-428.85453303499526,66.66666666666666,50083899.63270518,50512754.16574016,42,
success,45,120,270,stacksats_mvrv_weight,435,6,-1.1121727495480571,-561.7890868775648,66.66666666666666,49950965.078862615,50512754.16574016,42,
success,45,120,270,stacksats_momentum_weight,435,6,-1.0165118257192463,-513.4681195912417,66.66666666666666,49999286.04614893,50512754.16574016,42,
success,45,120,300,sma_120d_weight,465,6,-0.8263584013398884,-417.4163877967585,66.66666666666666,50095337.777943425,50512754.16574016,33,
success,45,120,300,stacksats_mvrv_weight,465,6,-1.0928501485466313,-552.028708935286,66.66666666666666,49960725.4568049,50512754.16574016,33,
success,45,120,300,stacksats_momentum_weight,465,6,-0.994753444730212,-502.47736209180584,66.66666666666666,50010276.803648375,50512754.16574016,33,
success,45,120,340,sma_120d_weight,505,6,-0.8364466150039385,-422.5122223645958,66.66666666666666,50090241.943375565,50512754.16574016,30,
success,45,120,340,stacksats_mvrv_weight,505,6,-1.10201164287822,-556.6564320449106,66.66666666666666,49956097.73369527,50512754.16574016,30,
success,45,120,340,stacksats_momentum_weight,505,6,-1.0047467659750842,-507.525263885218,66.66666666666666,50005228.90185497,50512754.16574016,30,
success,45,150,60,sma_150d_weight,255,6,0.37325002238273175,188.5388662297628,66.66666666666666,50701293.031969935,50512754.16574016,69,
success,45,150,60,stacksats_mvrv_weight,255,6,0.17532718093868915,88.56258789327694,66.66666666666666,50601316.75363346,50512754.16574016,69,
success,45,150,60,stacksats_momentum_weight,255,6,0.22428919750137055,113.29465095417982,66.66666666666666,50626048.81669435,50512754.16574016,69,
success,45,150,90,sma_150d_weight,285,6,0.09266665392468898,46.808479090599576,66.66666666666666,50559562.64483077,50512754.16574016,85,
success,45,150,90,stacksats_mvrv_weight,285,6,-0.11743518283673371,-59.319745210406836,66.66666666666666,50453434.42052976,50512754.16574016,85,
success,45,150,90,stacksats_momentum_weight,285,6,-0.09001212979159456,-45.46760584097501,66.66666666666666,50467286.55989921,50512754.16574016,85,
success,45,150,120,sma_150d_weight,315,6,-0.29232601840548655,-147.6619230396609,66.66666666666666,50365092.242700495,50512754.16574016,76,
success,45,150,120,stacksats_mvrv_weight,315,6,-0.5133070520503269,-259.28552931758895,66.66666666666666,50253468.63642259,50512754.16574016,76,
success,45,150,120,stacksats_momentum_weight,315,6,-0.4661426605943708,-235.46149620767392,66.66666666666666,50277292.66953251,50512754.16574016,76,
success,45,150,150,sma_150d_weight,345,6,-0.41167795447555333,-207.94987309878343,66.66666666666666,50304804.29264139,50512754.16574016,75,
success,45,150,150,stacksats_mvrv_weight,345,6,-0.6354140892399607,-320.9651568322588,66.66666666666666,50191789.00890793,50512754.16574016,75,
success,45,150,150,stacksats_momentum_weight,345,6,-0.5857432646584226,-295.87505531928764,66.66666666666666,50216879.11042089,50512754.16574016,75,
success,45,150,180,sma_150d_weight,375,6,-0.45102459548672647,-227.8249451452357,66.66666666666666,50284929.22059493,50512754.16574016,75,
success,45,150,180,stacksats_mvrv_weight,375,6,-0.6765492534487882,-341.7436612047386,66.66666666666666,50171010.50453544,50512754.16574016,75,
success,45,150,180,stacksats_momentum_weight,375,6,-0.6255117082867745,-315.96319148482144,66.66666666666666,50196790.97425535,50512754.16574016,75,
success,45,150,200,sma_150d_weight,395,6,-0.4435357332737144,-224.04211458576174,66.66666666666666,50288712.05115441,50512754.16574016,75,
success,45,150,200,stacksats_mvrv_weight,395,6,-0.6691224914577965,-337.9921991777519,66.66666666666666,50174761.96656242,50512754.16574016,75,
success,45,150,200,stacksats_momentum_weight,395,6,-0.6179171688284524,-312.1269804382173,66.66666666666666,50200627.18530196,50512754.16574016,75,
success,45,150,210,sma_150d_weight,405,6,-0.41500359015325117,-209.62974327310803,66.66666666666666,50303124.42246706,50512754.16574016,75,
success,45,150,210,stacksats_mvrv_weight,405,6,-0.6404201659338415,-323.4938640459877,66.66666666666666,50189260.301694185,50512754.16574016,75,
success,45,150,210,stacksats_momentum_weight,405,6,-0.589286794558197,-297.6649898663527,66.66666666666666,50215089.17587382,50512754.16574016,75,
success,45,150,240,sma_150d_weight,435,6,-0.319630651882008,-161.45424542351248,66.66666666666666,50351299.92031667,50512754.16574016,71,
success,45,150,240,stacksats_mvrv_weight,435,6,-0.5550803719418185,-280.3863837012468,66.66666666666666,50232367.78203893,50512754.16574016,71,
success,45,150,240,stacksats_momentum_weight,435,6,-0.5045013259827758,-254.83751455658057,66.66666666666666,50257916.65118359,50512754.16574016,71,
success,45,150,270,sma_150d_weight,465,6,-0.2653391388263593,-134.0301069008492,66.66666666666666,50378724.05883932,50512754.16574016,65,
success,45,150,270,stacksats_mvrv_weight,465,6,-0.5508247521780696,-278.2367529517578,66.66666666666666,50234517.41278842,50512754.16574016,65,
success,45,150,270,stacksats_momentum_weight,465,6,-0.47149816665159605,-238.1667098166945,66.66666666666666,50274587.45592348,50512754.16574016,65,
success,45,150,300,sma_150d_weight,495,6,2.211869017181134,1117.2759591168797,66.66666666666666,51630030.12485704,50512754.16574016,63,
success,45,150,300,stacksats_mvrv_weight,495,6,1.9321398459711814,975.9770505337365,66.66666666666666,51488731.21627391,50512754.16574016,63,
success,45,150,300,stacksats_momentum_weight,495,6,2.004757327242168,1012.6581403294986,66.66666666666666,51525412.30606967,50512754.16574016,63,
success,45,150,340,sma_150d_weight,535,6,2.2308715537719292,1126.874663710245,66.66666666666666,51639628.82945042,50512754.16574016,62,
success,45,150,340,stacksats_mvrv_weight,535,6,1.9517001545181545,985.8575011041321,66.66666666666666,51498611.66684431,50512754.16574016,62,
success,45,150,340,stacksats_momentum_weight,535,6,2.0237873114826943,1022.2707094866928,66.66666666666666,51535024.87522687,50512754.16574016,62,
success,45,180,60,sma_180d_weight,285,6,2.044849666223736,1032.909884958557,83.33333333333334,51545664.05069872,50512754.16574016,78,
success,45,180,60,stacksats_mvrv_weight,285,6,1.9498196201613638,984.9075914074783,83.33333333333334,51497661.757147655,50512754.16574016,78,
success,45,180,60,stacksats_momentum_weight,285,6,2.0367378210733422,1028.8123685594328,83.33333333333334,51541566.534299605,50512754.16574016,78,
success,45,180,90,sma_180d_weight,315,6,1.5126978121666967,764.1053271302953,83.33333333333334,51276859.492870465,50512754.16574016,80,
success,45,180,90,stacksats_mvrv_weight,315,6,1.3934429183285246,703.8663957751996,83.33333333333334,51216620.56151536,50512754.16574016,80,
success,45,180,90,stacksats_momentum_weight,315,6,1.4420834463588106,728.4360661240644,83.33333333333334,51241190.231864244,50512754.16574016,80,
success,45,180,120,sma_180d_weight,345,6,0.7924660518879856,400.2964286371207,83.33333333333334,50913050.594377294,50512754.16574016,14,
success,45,180,120,stacksats_mvrv_weight,345,6,0.6390893048757507,322.82160947142256,83.33333333333334,50835575.7752116,50512754.16574016,14,
success,45,180,120,stacksats_momentum_weight,345,6,0.718279890079554,362.8229550978358,83.33333333333334,50875577.12083801,50512754.16574016,14,
success,45,180,150,sma_180d_weight,375,6,0.5250732875637487,265.22897893704794,83.33333333333334,50777983.14467722,50512754.16574016,13,
success,45,180,150,stacksats_mvrv_weight,375,6,0.37208696424038123,187.95137352951133,83.33333333333334,50700705.539269686,50512754.16574016,13,
success,45,180,150,stacksats_momentum_weight,375,6,0.45192609484756563,228.280317301178,83.33333333333334,50741034.483041346,50512754.16574016,13,
success,45,180,180,sma_180d_weight,405,6,0.4513221801378364,227.97526334848226,83.33333333333334,50740729.42908865,50512754.16574016,13,
success,45,180,180,stacksats_mvrv_weight,405,6,0.2978297986102829,150.44203400433616,83.33333333333334,50663196.1997445,50512754.16574016,13,
success,45,180,180,stacksats_momentum_weight,405,6,0.37697035595423145,190.4181091808714,83.33333333333334,50703172.274921045,50512754.16574016,13,
success,45,180,200,sma_180d_weight,425,6,0.42442126967583427,214.3868725784705,83.33333333333334,50727141.03831864,50512754.16574016,13,
success,45,180,200,stacksats_mvrv_weight,425,6,0.27148262617777696,137.1333515638762,83.33333333333334,50649887.51730405,50512754.16574016,13,
success,45,180,200,stacksats_momentum_weight,425,6,0.350120574228141,176.8555449435371,83.33333333333334,50689609.71068371,50512754.16574016,13,
success,45,180,210,sma_180d_weight,435,6,0.34949234962373676,176.53821139350475,83.33333333333334,50689292.377133675,50512754.16574016,13,
success,45,180,210,stacksats_mvrv_weight,435,6,0.19655370612567946,99.28469037891045,83.33333333333334,50612038.85611909,50512754.16574016,13,
success,45,180,210,stacksats_momentum_weight,435,6,0.2751916541760213,139.00688375857135,83.33333333333334,50651761.049498744,50512754.16574016,13,
success,45,180,240,sma_180d_weight,465,6,0.4679688329552789,236.3839461629832,83.33333333333334,50749138.11190315,50512754.16574016,13,
success,45,180,240,stacksats_mvrv_weight,465,6,0.3148027068540671,159.0155174202955,83.33333333333334,50671769.68316047,50512754.16574016,13,
success,45,180,240,stacksats_momentum_weight,465,6,0.39365046177533003,198.84369002887252,83.33333333333334,50711597.855769046,50512754.16574016,13,
success,45,180,270,sma_180d_weight,495,6,0.7282765478199726,367.8725422470452,83.33333333333334,50880626.70798722,50512754.16574016,39,
success,45,180,270,stacksats_mvrv_weight,495,6,0.5797181270150054,292.8315923533228,83.33333333333334,50805585.7580935,50512754.16574016,39,
success,45,180,270,stacksats_momentum_weight,495,6,0.7000002246234205,353.5893926236604,83.33333333333334,50866343.558363825,50512754.16574016,39,
success,45,180,300,sma_180d_weight,525,6,0.7824618731469668,395.2430424233753,83.33333333333334,50907997.208163545,50512754.16574016,76,
success,45,180,300,stacksats_mvrv_weight,525,6,0.5937619559761798,299.92551715193986,83.33333333333334,50812679.68289211,50512754.16574016,76,
success,45,180,300,stacksats_momentum_weight,525,6,0.6730166373255075,339.9592395067666,83.33333333333334,50852713.40524694,50512754.16574016,76,
success,45,180,340,sma_180d_weight,565,6,4.056606319822853,2049.1035778040023,83.33333333333334,52561857.74354417,50512754.16574016,66,
success,45,180,340,stacksats_mvrv_weight,565,6,3.86532142403746,1952.4803086397296,83.33333333333334,52465234.474379905,50512754.16574016,66,
success,45,180,340,stacksats_momentum_weight,565,6,3.917013104739575,1978.5912002369296,83.33333333333334,52491345.36597711,50512754.16574016,66,
success,45,200,60,sma_200d_weight,305,6,4.076402837771442,2059.103344248746,83.33333333333334,52571857.50998892,50512754.16574016,47,
success,45,200,60,stacksats_mvrv_weight,305,6,3.959308647013393,1999.955843528769,83.33333333333334,52512710.00926895,50512754.16574016,47,
success,45,200,60,stacksats_momentum_weight,305,6,4.029842881537871,2035.5846280168043,83.33333333333334,52548338.79375698,50512754.16574016,47,
success,45,200,90,sma_200d_weight,335,6,3.485178025294444,1760.4594081553805,83.33333333333334,52273213.57389556,50512754.16574016,65,
success,45,200,90,stacksats_mvrv_weight,335,6,3.3615416630477624,1698.007276434255,83.33333333333334,52210761.442174435,50512754.16574016,65,
success,45,200,90,stacksats_momentum_weight,335,6,3.4101406887451002,1722.5559828116966,83.33333333333334,52235310.14855187,50512754.16574016,65,
success,45,200,120,sma_200d_weight,365,6,2.6399902851465207,1333.5318027354806,83.33333333333334,51846285.96847567,50512754.16574016,61,
success,45,200,120,stacksats_mvrv_weight,365,6,2.527757383002771,1276.8398727825406,83.33333333333334,51789594.03852271,50512754.16574016,61,
success,45,200,120,stacksats_momentum_weight,365,6,2.5799808416615555,1303.2193800716923,83.33333333333334,51815973.54581187,50512754.16574016,61,
success,45,200,150,sma_200d_weight,395,6,1.956968044515106,988.5184574280138,83.33333333333334,51501272.623168185,50512754.16574016,64,
success,45,200,150,stacksats_mvrv_weight,395,6,1.8507919221471436,934.8859737535604,83.33333333333334,51447640.13949374,50512754.16574016,64,
success,45,200,150,stacksats_momentum_weight,395,6,1.8988880809671649,959.1806682214883,83.33333333333334,51471934.833961666,50512754.16574016,64,
success,45,200,180,sma_200d_weight,425,6,1.8189968552015934,918.8254097505269,83.33333333333334,51431579.5754907,50512754.16574016,64,
success,45,200,180,stacksats_mvrv_weight,425,6,1.7156460612057778,866.6200772510783,83.33333333333334,51379374.242991254,50512754.16574016,64,
success,45,200,180,stacksats_momentum_weight,425,6,1.7626274536806097,890.3516725355366,83.33333333333334,51403105.838275716,50512754.16574016,64,
success,45,200,200,sma_200d_weight,445,6,1.783791623794695,901.0422777564818,83.33333333333334,51413796.44349666,50512754.16574016,64,
success,45,200,200,stacksats_mvrv_weight,445,6,1.681986275406211,849.6175923974297,83.33333333333334,51362371.7581376,50512754.16574016,64,
success,45,200,200,stacksats_momentum_weight,445,6,1.7279285872540795,872.824319439198,83.33333333333334,51385578.48517937,50512754.16574016,64,
success,45,200,210,sma_200d_weight,455,6,1.6986686691540465,858.0443289402392,83.33333333333334,51370798.49468041,50512754.16574016,64,
success,45,200,210,stacksats_mvrv_weight,455,6,1.5957866787607689,806.0758020520589,83.33333333333334,51318829.96779224,50512754.16574016,64,
success,45,200,210,stacksats_momentum_weight,455,6,1.6418577174170945,829.3475525501344,83.33333333333334,51342101.718290314,50512754.16574016,64,
success,45,200,240,sma_200d_weight,485,6,1.8066283923226178,912.5777585023898,83.33333333333334,51425331.924242556,50512754.16574016,62,
success,45,200,240,stacksats_mvrv_weight,485,6,1.6940120704383332,855.692152678479,83.33333333333334,51368446.31841866,50512754.16574016,62,
success,45,200,240,stacksats_momentum_weight,485,6,1.744915251612511,881.4047514475387,83.33333333333334,51394158.91718771,50512754.16574016,62,
success,45,200,270,sma_200d_weight,515,6,2.0636516366924207,1042.4072780797142,83.33333333333334,51555161.443819895,50512754.16574016,45,
success,45,200,270,stacksats_mvrv_weight,515,6,1.8581717022059463,938.6137039126406,83.33333333333334,51451367.869652815,50512754.16574016,45,
success,45,200,270,stacksats_momentum_weight,515,6,1.94180054272437,980.856934535368,83.33333333333334,51493611.100275554,50512754.16574016,45,
success,45,200,300,sma_200d_weight,545,6,2.1164071264080153,1069.0555289086915,83.33333333333334,51581809.69464887,50512754.16574016,62,
success,45,200,300,stacksats_mvrv_weight,545,6,1.9643413309596403,992.2429074836691,83.33333333333334,51504997.073223844,50512754.16574016,62,
success,45,200,300,stacksats_momentum_weight,545,6,2.0278455235585247,1024.3206241760854,83.33333333333334,51537074.789916255,50512754.16574016,62,
success,45,200,340,sma_200d_weight,585,6,7.395841941745651,3735.843458520685,83.33333333333334,54248597.62426087,50512754.16574016,52,
success,45,200,340,stacksats_mvrv_weight,585,6,7.22982507349903,3651.9837659896075,83.33333333333334,54164737.931729786,50512754.16574016,52,
success,45,200,340,stacksats_momentum_weight,585,6,7.266718190278287,3670.61949537239,83.33333333333334,54183373.66111256,50512754.16574016,52,
success,45,210,60,sma_210d_weight,315,6,3.7857447284961543,1912.2839280477347,83.33333333333334,52425038.0937879,50512754.16574016,45,
success,45,210,60,stacksats_mvrv_weight,315,6,3.573633744561744,1805.140828174408,83.33333333333334,52317894.99391459,50512754.16574016,45,
success,45,210,60,stacksats_momentum_weight,315,6,3.7355571350221606,1886.9327923345118,83.33333333333334,52399686.95807468,50512754.16574016,45,
success,45,210,90,sma_210d_weight,345,6,3.241821282338253,1637.5332148401649,83.33333333333334,52150287.380580336,50512754.16574016,70,
success,45,210,90,stacksats_mvrv_weight,345,6,3.029069694452091,1530.0665282675254,83.33333333333334,52042820.6940077,50512754.16574016,70,
success,45,210,90,stacksats_momentum_weight,345,6,3.156973643055516,1594.6743353938436,83.33333333333334,52107428.50113402,50512754.16574016,70,
success,45,210,120,sma_210d_weight,375,6,2.437632086677355,1231.3151034085386,83.33333333333334,51744069.26914872,50512754.16574016,66,
success,45,210,120,stacksats_mvrv_weight,375,6,2.2498984663162913,1136.4856812691069,83.33333333333334,51649239.84700929,50512754.16574016,66,
success,45,210,120,stacksats_momentum_weight,375,6,2.3715116701505945,1197.9158599550137,83.33333333333334,51710670.02569518,50512754.16574016,66,
success,45,210,150,sma_210d_weight,405,6,1.769964389553702,894.0577609164102,83.33333333333334,51406811.92665659,50512754.16574016,12,
success,45,210,150,stacksats_mvrv_weight,405,6,1.6258003723079728,821.236545289612,83.33333333333334,51333990.71102979,50512754.16574016,12,
success,45,210,150,stacksats_momentum_weight,405,6,1.6973135984654997,857.3598454145613,83.33333333333334,51370114.011154726,50512754.16574016,12,
success,45,210,180,sma_210d_weight,435,6,1.6224953568203304,819.5670909412001,83.33333333333334,51332321.256681375,50512754.16574016,12,
success,45,210,180,stacksats_mvrv_weight,435,6,1.4810569739896362,748.1226683259301,83.33333333333334,51260876.8340661,50512754.16574016,12,
success,45,210,180,stacksats_momentum_weight,435,6,1.55102723060212,783.4665720377379,83.33333333333334,51296220.73777791,50512754.16574016,12,
success,45,210,200,sma_210d_weight,455,6,1.5800052890419858,798.1041874594739,83.33333333333334,51310858.353199646,50512754.16574016,12,
success,45,210,200,stacksats_mvrv_weight,455,6,1.439021733457202,726.8895106128039,83.33333333333334,51239643.67635297,50512754.16574016,12,
success,45,210,200,stacksats_momentum_weight,455,6,1.508643498756368,762.0573817642289,83.33333333333334,51274811.547504395,50512754.16574016,12,
success,45,210,210,sma_210d_weight,465,6,1.497190710273233,756.2722628726187,83.33333333333334,51269026.42861279,50512754.16574016,12,
success,45,210,210,stacksats_mvrv_weight,465,6,1.3561253601028112,685.0162693279926,83.33333333333334,51197770.43506816,50512754.16574016,12,
success,45,210,210,stacksats_momentum_weight,465,6,1.4258110512871403,720.2164312046298,83.33333333333334,51232970.59694479,50512754.16574016,12,
success,45,210,240,sma_210d_weight,495,6,1.593033422037471,804.6850562518666,83.33333333333334,51317439.221992046,50512754.16574016,12,
success,45,210,240,stacksats_mvrv_weight,495,6,1.451470588864856,733.1777703413245,83.33333333333334,51245931.93608149,50512754.16574016,12,
success,45,210,240,stacksats_momentum_weight,495,6,1.5215576675767117,768.5806841129961,83.33333333333334,51281334.84985316,50512754.16574016,12,
success,45,210,270,sma_210d_weight,525,6,1.8834349920489046,951.3748874051889,83.33333333333334,51464129.05314535,50512754.16574016,82,
success,45,210,270,stacksats_mvrv_weight,525,6,1.5918789777405795,804.1019146421968,83.33333333333334,51316856.08038237,50512754.16574016,82,
success,45,210,270,stacksats_momentum_weight,525,6,1.8047250616860966,911.6163337769976,83.33333333333334,51424370.499517165,50512754.16574016,82,
success,45,210,300,sma_210d_weight,555,6,1.927088655572673,973.425555145288,83.33333333333334,51486179.72088546,50512754.16574016,64,
success,45,210,300,stacksats_mvrv_weight,555,6,1.647489261842927,832.1922007416797,83.33333333333334,51344946.36648185,50512754.16574016,64,
success,45,210,300,stacksats_momentum_weight,555,6,1.8247655050952938,921.7393136900137,83.33333333333334,51434493.479430184,50512754.16574016,64,
success,45,210,340,sma_210d_weight,595,6,7.450543662174414,3763.4748040852937,83.33333333333334,54276228.96982546,50512754.16574016,50,
success,45,210,340,stacksats_mvrv_weight,595,6,7.084315104406391,3578.482673015198,83.33333333333334,54091236.83875537,50512754.16574016,50,
success,45,210,340,stacksats_momentum_weight,595,6,7.330326310694946,3702.7497088679083,83.33333333333334,54215503.87460808,50512754.16574016,50,
success,45,240,60,sma_240d_weight,345,6,5.07296602688303,2562.494858070946,83.33333333333334,53075249.02381112,50512754.16574016,58,
success,45,240,60,stacksats_mvrv_weight,345,6,4.705818145850982,2377.038351500494,83.33333333333334,52889792.51724067,50512754.16574016,58,
success,45,240,60,stacksats_momentum_weight,345,6,4.997695726084328,2524.4737560686845,83.33333333333334,53037227.92180886,50512754.16574016,58,
success,45,240,90,sma_240d_weight,375,6,4.5554083691768055,2301.062230767835,83.33333333333334,52813816.39650801,50512754.16574016,46,
success,45,240,90,stacksats_mvrv_weight,375,6,4.176257257628557,2109.5425618747977,83.33333333333334,52622296.72761496,50512754.16574016,46,
success,45,240,90,stacksats_momentum_weight,375,6,4.402471822849829,2223.809769092113,83.33333333333334,52736563.93483229,50512754.16574016,46,
success,45,240,120,sma_240d_weight,405,6,3.713724725716183,1875.9046410933297,83.33333333333334,52388658.806833506,50512754.16574016,37,
success,45,240,120,stacksats_mvrv_weight,405,6,3.373033299005357,1703.8120182551284,83.33333333333334,52216566.1839953,50512754.16574016,37,
success,45,240,120,stacksats_momentum_weight,405,6,3.588788276523136,1812.7957996490368,83.33333333333334,52325549.965389214,50512754.16574016,37,
success,45,240,150,sma_240d_weight,435,6,2.893915763179411,1461.7965552184178,83.33333333333334,51974550.7209586,50512754.16574016,4,
success,45,240,150,stacksats_mvrv_weight,435,6,2.7256290262236416,1376.7902894864092,83.33333333333334,51889544.45522659,50512754.16574016,4,
success,45,240,150,stacksats_momentum_weight,435,6,2.8130431097748154,1420.9455506168451,83.33333333333334,51933699.71635703,50512754.16574016,4,
success,45,240,180,sma_240d_weight,465,6,2.708725783755628,1368.2519961724975,83.33333333333334,51881006.16191269,50512754.16574016,4,
success,45,240,180,stacksats_mvrv_weight,465,6,2.5429596679233724,1284.5189655920549,83.33333333333334,51797273.13133224,50512754.16574016,4,
success,45,240,180,stacksats_momentum_weight,465,6,2.629059541418499,1328.010383027664,83.33333333333334,51840764.54876785,50512754.16574016,4,
success,45,240,200,sma_240d_weight,485,6,2.648134032383953,1337.6454337574105,83.33333333333334,51850399.599497594,50512754.16574016,4,
success,45,240,200,stacksats_mvrv_weight,485,6,2.4826094813340083,1254.0344242016,83.33333333333334,51766788.589941785,50512754.16574016,4,
success,45,240,200,stacksats_momentum_weight,485,6,2.568583576245076,1297.4623074102565,83.33333333333334,51810216.47315045,50512754.16574016,4,
success,45,240,210,sma_240d_weight,495,6,2.550231067353792,1288.191949710752,83.33333333333334,51800946.11545093,50512754.16574016,4,
success,45,240,210,stacksats_mvrv_weight,495,6,2.3848162180241994,1204.6363535152705,83.33333333333334,51717390.51925545,50512754.16574016,4,
success,45,240,210,stacksats_momentum_weight,495,6,2.470733194335195,1248.0353845458812,83.33333333333334,51760789.55028606,50512754.16574016,4,
success,45,240,240,sma_240d_weight,525,6,2.6144649927176022,1320.6382745207738,83.33333333333334,51833392.44026096,50512754.16574016,4,
success,45,240,240,stacksats_mvrv_weight,525,6,2.4491160791061173,1237.1159842724883,83.33333333333334,51749870.15001267,50512754.16574016,4,
success,45,240,240,stacksats_momentum_weight,525,6,2.534998708033731,1280.4976654937636,83.33333333333334,51793251.83123394,50512754.16574016,4,
success,45,240,270,sma_240d_weight,555,6,2.6996997355104746,1363.6926906115405,83.33333333333334,51876446.85635171,50512754.16574016,4,
success,45,240,270,stacksats_mvrv_weight,555,6,2.534284886180882,1280.137094416059,83.33333333333334,51792891.26015624,50512754.16574016,4,
success,45,240,270,stacksats_momentum_weight,555,6,2.6202018624918777,1323.5361254466698,83.33333333333334,51836290.29118685,50512754.16574016,4,
success,45,240,300,sma_240d_weight,585,6,2.7214244715422664,1374.6664531164424,83.33333333333334,51887420.618856624,50512754.16574016,31,
success,45,240,300,stacksats_mvrv_weight,585,6,2.394915121688057,1209.737587896423,83.33333333333334,51722491.75363661,50512754.16574016,31,
success,45,240,300,stacksats_momentum_weight,585,6,2.5600798122323187,1293.16682199965,83.33333333333334,51805920.987739824,50512754.16574016,31,
success,45,240,340,sma_240d_weight,625,6,6.509524605228689,3288.140161197538,83.33333333333334,53800894.32693771,50512754.16574016,19,
success,45,240,340,stacksats_mvrv_weight,625,6,6.132485790906328,3097.6874718094623,83.33333333333334,53610441.637549646,50512754.16574016,19,
success,45,240,340,stacksats_momentum_weight,625,6,6.362697125540362,3213.9735573348153,83.33333333333334,53726727.723075,50512754.16574016,19,
success,45,270,60,sma_270d_weight,375,6,5.786315040052026,2922.8270914367313,83.33333333333334,53435581.257176906,50512754.16574016,18,
success,45,270,60,stacksats_mvrv_weight,375,6,5.447513757829103,2751.6892326370944,83.33333333333334,53264443.39837728,50512754.16574016,18,
success,45,270,60,stacksats_momentum_weight,375,6,5.673026441217877,2865.601900009824,83.33333333333334,53378356.065749995,50512754.16574016,18,
success,45,270,90,sma_270d_weight,405,6,5.343818419209012,2699.3098611585956,83.33333333333334,53212064.02689877,50512754.16574016,36,
success,45,270,90,stacksats_mvrv_weight,405,6,4.953834474609642,2502.3182299372493,83.33333333333334,53015072.39567743,50512754.16574016,36,
success,45,270,90,stacksats_momentum_weight,405,6,5.1563944601005,2604.636857446414,83.33333333333334,53117391.02318658,50512754.16574016,36,
success,45,270,120,sma_270d_weight,435,6,4.557551420038619,2302.1447447813043,83.33333333333334,52814898.91052148,50512754.16574016,25,
success,45,270,120,stacksats_mvrv_weight,435,6,4.205974597082207,2124.553608497612,83.33333333333334,52637307.7742378,50512754.16574016,25,
success,45,270,120,stacksats_momentum_weight,435,6,4.39875153940954,2221.9305514636508,83.33333333333334,52734684.717203826,50512754.16574016,25,
success,45,270,150,sma_270d_weight,465,6,3.7185883116389595,1878.3613722941373,83.33333333333334,52391115.53803431,50512754.16574016,31,
success,45,270,150,stacksats_mvrv_weight,465,6,3.361790696062328,1698.1330698686943,83.33333333333334,52210887.23560885,50512754.16574016,31,
success,45,270,150,stacksats_momentum_weight,465,6,3.543497929236583,1789.9183978633664,83.33333333333334,52302672.56360353,50512754.16574016,31,
success,45,270,180,sma_270d_weight,495,6,3.4796739900622597,1757.6791683693518,83.33333333333334,52270433.334109515,50512754.16574016,4,
success,45,270,180,stacksats_mvrv_weight,495,6,3.3088301368738193,1671.3812328009953,83.33333333333334,52184135.39854117,50512754.16574016,4,
success,45,270,180,stacksats_momentum_weight,495,6,3.3945811874398935,1714.6964501679759,83.33333333333334,52227450.615908146,50512754.16574016,4,
success,45,270,200,sma_270d_weight,515,6,3.404065965357028,1719.4874727204297,83.33333333333334,52232241.6384606,50512754.16574016,4,
success,45,270,200,stacksats_mvrv_weight,515,6,3.233593371406318,1633.3770704181443,83.33333333333334,52146131.23615832,50512754.16574016,4,
success,45,270,200,stacksats_momentum_weight,515,6,3.319157586588717,1676.5979120870688,83.33333333333334,52189352.07782724,50512754.16574016,4,
success,45,270,210,sma_270d_weight,525,6,3.2966444806379336,1665.225922223086,83.33333333333334,52177980.08796325,50512754.16574016,4,
success,45,270,210,stacksats_mvrv_weight,525,6,3.126388761539123,1579.2250693815804,83.33333333333334,52091979.23512174,50512754.16574016,4,
success,45,270,210,stacksats_momentum_weight,525,6,3.211843856232588,1622.3907912861978,83.33333333333334,52135144.95702636,50512754.16574016,4,
success,45,270,240,sma_270d_weight,555,6,3.336482483621861,1685.3491947348884,83.33333333333334,52198103.36047505,50512754.16574016,4,
success,45,270,240,stacksats_mvrv_weight,555,6,3.1663180166252136,1599.3944358434383,83.33333333333334,52112148.60158361,50512754.16574016,4,
success,45,270,240,stacksats_momentum_weight,555,6,3.2517271650182034,1642.5369490062367,83.33333333333334,52155291.11474641,50512754.16574016,4,
success,45,270,270,sma_270d_weight,585,6,3.3807508393600916,1707.7103604421573,83.33333333333334,52220464.52618233,50512754.16574016,4,
success,45,270,270,stacksats_mvrv_weight,585,6,3.2104951202612586,1621.7095076006517,83.33333333333334,52134463.67334082,50512754.16574016,4,
success,45,270,270,stacksats_momentum_weight,585,6,3.2959502149547237,1664.875229505269,83.33333333333334,52177629.39524544,50512754.16574016,4,
success,45,270,300,sma_270d_weight,615,6,3.3829086021673005,1708.8003058644463,83.33333333333334,52221554.47160463,50512754.16574016,4,
success,45,270,300,stacksats_mvrv_weight,615,6,3.2122931408228084,1622.6177373067549,83.33333333333334,52135371.90304694,50512754.16574016,4,
success,45,270,300,stacksats_momentum_weight,615,6,3.297929286053791,1665.8749128242998,83.33333333333334,52178629.07856449,50512754.16574016,4,
success,45,270,340,sma_270d_weight,655,6,7.1685320052712775,3621.022949115082,83.33333333333334,54133777.11485525,50512754.16574016,19,
success,45,270,340,stacksats_mvrv_weight,655,6,6.785774318065507,3427.681499526363,83.33333333333334,53940435.665266536,50512754.16574016,19,
success,45,270,340,stacksats_momentum_weight,655,6,7.016624912533609,3544.290492800188,83.33333333333334,54057044.65854035,50512754.16574016,19,
success,45,300,60,sma_300d_weight,405,6,6.683600323624805,3376.07060089321,83.33333333333334,53888824.7666334,50512754.16574016,15,
success,45,300,60,stacksats_mvrv_weight,405,6,6.368151494571772,3216.7287093549457,83.33333333333334,53729482.87509512,50512754.16574016,15,
success,45,300,60,stacksats_momentum_weight,405,6,6.562319557918173,3314.808345861493,83.33333333333334,53827562.51160168,50512754.16574016,15,
success,45,300,90,sma_300d_weight,435,6,6.136899323649847,3099.9168687542187,83.33333333333334,53612671.034494385,50512754.16574016,32,
success,45,300,90,stacksats_mvrv_weight,435,6,5.773538018580915,2916.373065991327,83.33333333333334,53429127.23173149,50512754.16574016,32,
success,45,300,90,stacksats_momentum_weight,435,6,5.948749529966801,3004.877226007753,83.33333333333334,53517631.39174794,50512754.16574016,32,
success,45,300,120,sma_300d_weight,465,6,5.335273349266445,2694.993510985216,83.33333333333334,53207747.676725395,50512754.16574016,22,
success,45,300,120,stacksats_mvrv_weight,465,6,5.009128844065858,2530.24893884817,83.33333333333334,53043003.10458834,50512754.16574016,22,
success,45,300,120,stacksats_momentum_weight,465,6,5.177536659141158,2615.316364473052,83.33333333333334,53128070.530213214,50512754.16574016,22,
success,45,300,150,sma_300d_weight,495,6,4.4134076839057235,2229.3337737031834,83.33333333333334,52742087.939443365,50512754.16574016,21,
success,45,300,150,stacksats_mvrv_weight,495,6,4.101825093128109,2071.94482560044,83.33333333333334,52584698.99134061,50512754.16574016,21,
success,45,300,150,stacksats_momentum_weight,495,6,4.2615413680133996,2152.621914895928,83.33333333333334,52665376.08063609,50512754.16574016,21,
success,45,300,180,sma_300d_weight,525,6,4.121003518767563,2081.632376596557,83.33333333333334,52594386.54233673,50512754.16574016,23,
success,45,300,180,stacksats_mvrv_weight,525,6,3.8041461219769035,1921.5789786997266,83.33333333333334,52434333.144439906,50512754.16574016,23,
success,45,300,180,stacksats_momentum_weight,525,6,3.9653465725715042,2003.0057660226448,83.33333333333334,52515759.931762815,50512754.16574016,23,
success,45,300,200,sma_300d_weight,545,6,3.2853788757897684,1659.5353549408392,83.33333333333334,52172289.520681016,50512754.16574016,24,
success,45,300,200,stacksats_mvrv_weight,545,6,2.9444702655097466,1487.3330267002602,83.33333333333334,52000087.19244044,50512754.16574016,24,
success,45,300,200,stacksats_momentum_weight,545,6,3.113850191029144,1572.8914920839816,83.33333333333334,52085645.657824166,50512754.16574016,24,
success,45,300,210,sma_300d_weight,555,6,3.2157010633628635,1624.3391728415809,83.33333333333334,52137093.33858175,50512754.16574016,24,
success,45,300,210,stacksats_mvrv_weight,555,6,2.8758520597716997,1452.6720811228588,83.33333333333334,51965426.24686303,50512754.16574016,24,
success,45,300,210,stacksats_momentum_weight,555,6,3.0442057022277202,1537.7121426657322,83.33333333333334,52050466.308405906,50512754.16574016,24,
success,45,300,240,sma_300d_weight,585,6,3.345854221999822,1690.08311790281,83.33333333333334,52202837.28364298,50512754.16574016,24,
success,45,300,240,stacksats_mvrv_weight,585,6,3.0044366593306338,1517.623703793055,83.33333333333334,52030377.86953323,50512754.16574016,24,
success,45,300,240,stacksats_momentum_weight,585,6,3.174581758734152,1603.5686795798174,83.33333333333334,52116322.845319994,50512754.16574016,24,
success,45,300,270,sma_300d_weight,615,6,3.9300117090197206,1985.1571532619346,83.33333333333334,52497911.31900211,50512754.16574016,24,
success,45,300,270,stacksats_mvrv_weight,615,6,3.609132418661676,1823.0721861546044,83.33333333333334,52335826.35189477,50512754.16574016,24,
success,45,300,270,stacksats_momentum_weight,615,6,3.772857371415572,1905.774169047152,83.33333333333334,52418528.334787324,50512754.16574016,24,
success,45,300,300,sma_300d_weight,645,6,3.9196065657738366,1979.9012288335434,83.33333333333334,52492655.39457371,50512754.16574016,24,
success,45,300,300,stacksats_mvrv_weight,645,6,3.5974073466971124,1817.1495293773842,83.33333333333334,52329903.695117556,50512754.16574016,24,
success,45,300,300,stacksats_momentum_weight,645,6,3.7621347838651342,1900.3578947575952,83.33333333333334,52413112.060497776,50512754.16574016,24,
success,45,300,340,sma_300d_weight,685,6,7.328400994532225,3701.777178647717,83.33333333333334,54214531.3443879,50512754.16574016,20,
success,45,300,340,stacksats_mvrv_weight,685,6,6.921098237056067,3496.0373380535093,83.33333333333334,54008791.50379369,50512754.16574016,20,
success,45,300,340,stacksats_momentum_weight,685,6,7.159724172754012,3616.573870328306,83.33333333333334,54129328.03606848,50512754.16574016,20,
success,45,340,60,sma_340d_weight,445,6,6.608600264670561,3338.1860054895005,83.33333333333334,53850940.17122968,50512754.16574016,17,
success,45,340,60,stacksats_mvrv_weight,445,6,6.234673508494271,3149.305302382236,83.33333333333334,53662059.468122415,50512754.16574016,17,
success,45,340,60,stacksats_momentum_weight,445,6,6.250926716526384,3157.515245399547,83.33333333333334,53670269.41113972,50512754.16574016,17,
success,45,340,90,sma_340d_weight,475,6,6.121459064574286,3092.117568644826,83.33333333333334,53604871.73438499,50512754.16574016,29,
success,45,340,90,stacksats_mvrv_weight,475,6,5.7159599073743905,2887.288776224297,83.33333333333334,53400042.94196446,50512754.16574016,29,
success,45,340,90,stacksats_momentum_weight,475,6,5.719141504212977,2888.895888413921,83.33333333333334,53401650.05415409,50512754.16574016,29,
success,45,340,120,sma_340d_weight,505,6,5.426691677286977,2741.171426280649,83.33333333333334,53253925.59202082,50512754.16574016,19,
success,45,340,120,stacksats_mvrv_weight,505,6,5.049865185997882,2550.8259871044065,83.33333333333334,53063580.15284457,50512754.16574016,19,
success,45,340,120,stacksats_momentum_weight,505,6,5.060089118071143,2555.9903767786454,83.33333333333334,53068744.54251881,50512754.16574016,19,
success,45,340,150,sma_340d_weight,535,6,4.904003366578413,2477.147164839378,83.33333333333334,52989901.33057954,50512754.16574016,18,
success,45,340,150,stacksats_mvrv_weight,535,6,4.5366085005167145,2291.5658993280813,83.33333333333334,52804320.06506824,50512754.16574016,18,
success,45,340,150,stacksats_momentum_weight,535,6,4.547455456146743,2297.0449953599455,83.33333333333334,52809799.161100104,50512754.16574016,18,
success,45,340,180,sma_340d_weight,565,6,4.061694041875485,2051.6735263370792,83.33333333333334,52564427.69207726,50512754.16574016,18,
success,45,340,180,stacksats_mvrv_weight,565,6,3.696773028319633,1867.3418718604808,83.33333333333334,52380096.03760066,50512754.16574016,18,
success,45,340,180,stacksats_momentum_weight,565,6,3.707379612170869,1872.6995494866424,83.33333333333334,52385453.71522682,50512754.16574016,18,
success,45,340,200,sma_340d_weight,585,6,2.9254957275496096,1477.748464986369,83.33333333333334,51990502.63072654,50512754.16574016,18,
success,45,340,200,stacksats_mvrv_weight,585,6,2.5185706067529123,1272.1993790796841,83.33333333333334,51784953.544819854,50512754.16574016,18,
success,45,340,200,stacksats_momentum_weight,585,6,2.5285179374552547,1277.2240497834136,83.33333333333334,51789978.21552358,50512754.16574016,18,
success,45,340,210,sma_340d_weight,595,6,2.8573424108723433,1443.3223476773783,83.33333333333334,51956076.513417564,50512754.16574016,18,
success,45,340,210,stacksats_mvrv_weight,595,6,2.4506330071900617,1237.8822264264018,83.33333333333334,51750636.39216658,50512754.16574016,18,
success,45,340,210,stacksats_momentum_weight,595,6,2.4605834937704962,1242.9084912510662,83.33333333333334,51755662.65699125,50512754.16574016,18,
success,45,340,240,sma_340d_weight,625,6,3.7776500345472863,1908.1950751928744,83.33333333333334,52420949.24093305,50512754.16574016,18,
success,45,340,240,stacksats_mvrv_weight,625,6,3.41369129097584,1724.3494897879064,83.33333333333334,52237103.655528076,50512754.16574016,18,
success,45,340,240,stacksats_momentum_weight,625,6,3.424307946097027,1729.7122546898972,83.33333333333334,52242466.42043006,50512754.16574016,18,
success,45,340,270,sma_340d_weight,655,6,4.993353324091454,2522.2802892251275,83.33333333333334,53035034.45496529,50512754.16574016,18,
success,45,340,270,stacksats_mvrv_weight,655,6,4.631938550325465,2339.7197330340496,83.33333333333334,52852473.898774214,50512754.16574016,18,
success,45,340,270,stacksats_momentum_weight,655,6,4.642724519677999,2345.168023217484,83.33333333333334,52857922.18895765,50512754.16574016,18,
success,45,340,300,sma_340d_weight,685,6,3.6993335719091025,1868.635272949141,83.33333333333334,52381389.438689314,50512754.16574016,18,
success,45,340,300,stacksats_mvrv_weight,685,6,3.337301562194983,1685.7629338809566,83.33333333333334,52198517.09962113,50512754.16574016,18,
success,45,340,300,stacksats_momentum_weight,685,6,3.347969841981291,1691.1517758231275,83.33333333333334,52203905.9415633,50512754.16574016,18,
success,45,340,340,sma_340d_weight,725,6,8.619467436608286,4353.930396649965,83.33333333333334,54866684.562390134,50512754.16574016,18,
success,45,340,340,stacksats_mvrv_weight,725,6,8.203814374012852,4143.972586958764,83.33333333333334,54656726.75269893,50512754.16574016,18,
success,45,340,340,stacksats_momentum_weight,725,6,8.218119869060825,4151.19868650454,83.33333333333334,54663952.85224471,50512754.16574016,18,
success,60,60,60,sma_60d_weight,180,6,-2.015196812471154,-1017.9314118393886,66.66666666666666,49494822.75390078,50512754.16574016,50,
success,60,60,60,stacksats_mvrv_weight,180,6,-2.2578484432290935,-1140.5014335633023,50.0,49372252.73217687,50512754.16574016,50,
success,60,60,60,stacksats_momentum_weight,180,6,-2.124546799426108,-1073.1671019302084,66.66666666666666,49439587.063809976,50512754.16574016,50,
success,60,60,90,sma_60d_weight,210,6,-2.0958174955506115,-1058.655139290051,50.0,49454099.02645012,50512754.16574016,96,
success,60,60,90,stacksats_mvrv_weight,210,6,-1.9780869973662796,-999.1862221640986,50.0,49513567.94357607,50512754.16574016,96,
success,60,60,90,stacksats_momentum_weight,210,6,-2.1516316421998027,-1086.848401976662,50.0,49425905.76376351,50512754.16574016,96,
success,60,60,120,sma_60d_weight,240,6,-2.0714329202609516,-1046.3378187196286,50.0,49466416.34702054,50512754.16574016,73,
success,60,60,120,stacksats_mvrv_weight,240,6,-2.1839416080555174,-1103.169055600396,50.0,49409585.11013977,50512754.16574016,73,
success,60,60,120,stacksats_momentum_weight,240,6,-2.176092804565377,-1099.2044087884715,50.0,49413549.756951705,50512754.16574016,73,
success,60,60,150,sma_60d_weight,270,6,-2.087188818614416,-1054.2965569215157,50.0,49458457.60881865,50512754.16574016,56,
success,60,60,150,stacksats_mvrv_weight,270,6,-2.3313406605499076,-1177.6243766295156,50.0,49335129.78911066,50512754.16574016,56,
success,60,60,150,stacksats_momentum_weight,270,6,-2.180030053505977,-1101.1932216667265,50.0,49411560.944073446,50512754.16574016,56,
success,60,60,180,sma_60d_weight,300,6,-2.087335511110744,-1054.3706553415686,50.0,49458383.5103986,50512754.16574016,51,
success,60,60,180,stacksats_mvrv_weight,300,6,-2.3449300449338573,-1184.4887489560206,50.0,49328265.41678415,50512754.16574016,51,
success,60,60,180,stacksats_momentum_weight,300,6,-2.1828213486296932,-1102.6031817106123,50.0,49410150.98402957,50512754.16574016,51,
success,60,60,200,sma_60d_weight,320,6,-2.085820140280259,-1053.6051997992618,50.0,49459148.965940915,50512754.16574016,51,
success,60,60,200,stacksats_mvrv_weight,320,6,-2.344688019188357,-1184.3664950861785,50.0,49328387.670654,50512754.16574016,51,
success,60,60,200,stacksats_momentum_weight,320,6,-2.18226010835072,-1102.3196837882133,50.0,49410434.48195196,50512754.16574016,51,
success,60,60,210,sma_60d_weight,330,6,-2.086544257895162,-1053.9709715499484,50.0,49458783.19419022,50512754.16574016,51,
success,60,60,210,stacksats_mvrv_weight,330,6,-2.3454684149676552,-1184.760694487697,50.0,49327993.47125247,50512754.16574016,51,
success,60,60,210,stacksats_momentum_weight,330,6,-2.183002703446746,-1102.694789023517,50.0,49410059.37671666,50512754.16574016,51,
success,60,60,240,sma_60d_weight,360,6,-2.088348975437515,-1054.882584085506,50.0,49457871.58165466,50512754.16574016,51,
success,60,60,240,stacksats_mvrv_weight,360,6,-2.347376078475205,-1185.7243078655738,50.0,49327029.8578746,50512754.16574016,51,
success,60,60,240,stacksats_momentum_weight,360,6,-2.1848400499465015,-1103.6228833441128,50.0,49409131.282396056,50512754.16574016,51,
success,60,60,270,sma_60d_weight,390,6,-2.084552942981255,-1052.965103542825,50.0,49459789.06219735,50512754.16574016,50,
success,60,60,270,stacksats_mvrv_weight,390,6,-2.3423796860958968,-1183.200492465854,50.0,49329553.67327433,50512754.16574016,50,
success,60,60,270,stacksats_momentum_weight,390,6,-2.18086943478053,-1101.6172162664589,50.0,49411136.94947372,50512754.16574016,50,
success,60,60,300,sma_60d_weight,420,6,-2.0759853080267177,-1048.6373551604192,50.0,49464116.81057975,50512754.16574016,49,
success,60,60,300,stacksats_mvrv_weight,420,6,-2.3341347848211846,-1179.0357657537534,50.0,49333718.39998642,50512754.16574016,49,
success,60,60,300,stacksats_momentum_weight,420,6,-2.1722182089109143,-1097.2472438106124,50.0,49415506.92192955,50512754.16574016,49,
success,60,60,340,sma_60d_weight,460,6,-2.0700274848300726,-1045.6278945754675,50.0,49467126.27116471,50512754.16574016,41,
success,60,60,340,stacksats_mvrv_weight,460,6,-2.3348108525775957,-1179.3772661975454,50.0,49333376.89954264,50512754.16574016,41,
success,60,60,340,stacksats_momentum_weight,460,6,-2.16666327276005,-1094.441292568663,50.0,49418312.873171516,50512754.16574016,41,
success,60,90,60,sma_90d_weight,210,6,-1.4632213661847526,-739.1134116014873,66.66666666666666,49773640.754138686,50512754.16574016,33,
success,60,90,60,stacksats_mvrv_weight,210,6,-1.607516717413926,-812.0009676404734,50.0,49700753.1980997,50512754.16574016,33,
success,60,90,60,stacksats_momentum_weight,210,6,-1.556164885914102,-786.0617432353611,66.66666666666666,49726692.422504805,50512754.16574016,33,
success,60,90,90,sma_90d_weight,240,6,-1.5942576034702172,-805.3034240095294,50.0,49707450.74173064,50512754.16574016,42,
success,60,90,90,stacksats_mvrv_weight,240,6,-1.7323613315298636,-875.0634206580216,50.0,49637690.745082155,50512754.16574016,42,
success,60,90,90,stacksats_momentum_weight,240,6,-1.6866195281712404,-851.9579759765038,66.66666666666666,49660796.18976368,50512754.16574016,42,
success,60,90,120,sma_90d_weight,270,6,-1.6611558974983787,-839.0955948130504,66.66666666666666,49673658.57092712,50512754.16574016,83,
success,60,90,120,stacksats_mvrv_weight,270,6,-1.8801539645610266,-949.717550056128,50.0,49563036.61568404,50512754.16574016,83,
success,60,90,120,stacksats_momentum_weight,270,6,-1.7882777900606106,-903.3083638938479,66.66666666666666,49609445.80184632,50512754.16574016,83,
success,60,90,150,sma_90d_weight,300,6,-1.609110669097935,-812.806116536136,66.66666666666666,49699948.04920404,50512754.16574016,57,
success,60,90,150,stacksats_mvrv_weight,300,6,-1.8832629445997173,-951.2879815001361,50.0,49561466.18424004,50512754.16574016,57,
success,60,90,150,stacksats_momentum_weight,300,6,-1.707682004946598,-862.597213091256,66.66666666666666,49650156.952648915,50512754.16574016,57,
success,60,90,180,sma_90d_weight,330,6,-1.6173062535246308,-816.9459319500384,50.0,49695808.23379014,50512754.16574016,53,
success,60,90,180,stacksats_mvrv_weight,330,6,-1.8735637901456603,-946.3886714546024,50.0,49566365.49428556,50512754.16574016,53,
success,60,90,180,stacksats_momentum_weight,330,6,-1.7142344336081639,-865.907025272958,50.0,49646847.14046722,50512754.16574016,53,
success,60,90,200,sma_90d_weight,350,6,-1.6126293615827847,-814.5835050208552,50.0,49698170.66071932,50512754.16574016,54,
success,60,90,200,stacksats_mvrv_weight,350,6,-1.8697530295145093,-944.4637513051421,50.0,49568290.41443502,50512754.16574016,54,
success,60,90,200,stacksats_momentum_weight,350,6,-1.709893686738384,-863.714394477669,50.0,49649039.77126251,50512754.16574016,54,
success,60,90,210,sma_90d_weight,360,6,-1.6124573421446131,-814.4966132649351,50.0,49698257.552475244,50512754.16574016,54,
success,60,90,210,stacksats_mvrv_weight,360,6,-1.8695863270571156,-944.3795453026542,50.0,49568374.62043751,50512754.16574016,54,
success,60,90,210,stacksats_momentum_weight,360,6,-1.7097238666646697,-863.6286136813142,50.0,49649125.55205886,50512754.16574016,54,
success,60,90,240,sma_90d_weight,390,6,-1.6137750353486302,-815.1622163937427,50.0,49697591.94934643,50512754.16574016,54,
success,60,90,240,stacksats_mvrv_weight,390,6,-1.8709879835662746,-945.0875606093687,50.0,49567666.6051308,50512754.16574016,54,
success,60,90,240,stacksats_momentum_weight,390,6,-1.7110699373479088,-864.3085510564342,50.0,49648445.61468375,50512754.16574016,54,
success,60,90,270,sma_90d_weight,420,6,-1.6913917045391025,-854.3685336935596,50.0,49658385.632046625,50512754.16574016,54,
success,60,90,270,stacksats_mvrv_weight,420,6,-1.9490956075420396,-984.5418726929493,50.0,49528212.293047234,50512754.16574016,54,
success,60,90,270,stacksats_momentum_weight,420,6,-1.7884393225163886,-903.3899583861348,50.0,49609364.20735404,50512754.16574016,54,
success,60,90,300,sma_90d_weight,450,6,-1.659089840878647,-838.0519727118008,66.66666666666666,49674702.19302837,50512754.16574016,53,
success,60,90,300,stacksats_mvrv_weight,450,6,-1.9134767304309186,-966.5497968612108,50.0,49546204.36887896,50512754.16574016,53,
success,60,90,300,stacksats_momentum_weight,450,6,-1.7576966863738774,-887.8610061673971,66.66666666666666,49624893.15957278,50512754.16574016,53,
success,60,90,340,sma_90d_weight,490,6,-1.670814854527558,-843.9746000321757,50.0,49668779.565708,50512754.16574016,52,
success,60,90,340,stacksats_mvrv_weight,490,6,-1.9266668638436069,-973.2124965260955,50.0,49539541.66921408,50512754.16574016,52,
success,60,90,340,stacksats_momentum_weight,490,6,-1.76829768217307,-893.2158611145642,50.0,49619538.304625615,50512754.16574016,52,
success,60,120,60,sma_120d_weight,240,6,-0.5765354058310912,-291.2239122259125,66.66666666666666,50221530.25351427,50512754.16574016,30,
success,60,120,60,stacksats_mvrv_weight,240,6,-0.7650271911836315,-386.43630438365653,66.66666666666666,50126317.861356504,50512754.16574016,30,
success,60,120,60,stacksats_momentum_weight,240,6,-0.6796029071616916,-343.28614579780697,66.66666666666666,50169468.019942366,50512754.16574016,30,
success,60,120,90,sma_120d_weight,270,6,-0.7258516738962495,-366.6476716431207,66.66666666666666,50146106.49409705,50512754.16574016,42,
success,60,120,90,stacksats_mvrv_weight,270,6,-0.9054125543309532,-457.3488177549443,66.66666666666666,50055405.34798523,50512754.16574016,42,
success,60,120,90,stacksats_momentum_weight,270,6,-0.829393773824505,-418.9496380379278,66.66666666666666,50093804.52770225,50512754.16574016,42,
success,60,120,120,sma_120d_weight,300,6,-0.9263472060790923,-467.92348692793166,66.66666666666666,50044830.67881224,50512754.16574016,33,
success,60,120,120,stacksats_mvrv_weight,300,6,-1.116708316719861,-564.0801267730785,66.66666666666666,49948674.038967095,50512754.16574016,33,
success,60,120,120,stacksats_momentum_weight,300,6,-1.0322560146021842,-521.4209430170667,66.66666666666666,49991333.222723104,50512754.16574016,33,
success,60,120,150,sma_120d_weight,330,6,-0.8709411046994742,-439.936339145228,66.66666666666666,50072817.82659495,50512754.16574016,25,
success,60,120,150,stacksats_mvrv_weight,330,6,-1.1061965361639503,-558.7703369024312,66.66666666666666,49953983.828837745,50512754.16574016,25,
success,60,120,150,stacksats_momentum_weight,330,6,-0.9692319778530134,-489.58576626863214,66.66666666666666,50023168.399471544,50512754.16574016,25,
success,60,120,180,sma_120d_weight,360,6,-0.8725423227352702,-440.7451584753071,66.66666666666666,50072009.007264875,50512754.16574016,24,
success,60,120,180,stacksats_mvrv_weight,360,6,-1.1050350515732887,-558.1836390464741,66.66666666666666,49954570.5266937,50512754.16574016,24,
success,60,120,180,stacksats_momentum_weight,360,6,-0.970734499351833,-490.34473125961813,66.66666666666666,50022409.434480555,50512754.16574016,24,
success,60,120,200,sma_120d_weight,380,6,-0.8676013599462462,-438.24934208826744,66.66666666666666,50074504.82365191,50512754.16574016,24,
success,60,120,200,stacksats_mvrv_weight,380,6,-1.099839852029838,-555.5594006726751,66.66666666666666,49957194.765067495,50512754.16574016,24,
success,60,120,200,stacksats_momentum_weight,380,6,-0.9657082200506983,-487.80581915255607,66.66666666666666,50024948.34658761,50512754.16574016,24,
success,60,120,210,sma_120d_weight,390,6,-0.8653337123570082,-437.1038908361661,66.66666666666666,50075650.27490401,50512754.16574016,24,
success,60,120,210,stacksats_mvrv_weight,390,6,-1.0974680227484934,-554.3613243785585,66.66666666666666,49958392.84136161,50512754.16574016,24,
success,60,120,210,stacksats_momentum_weight,390,6,-0.9634038883640894,-486.6418377525333,66.66666666666666,50026112.32798764,50512754.16574016,24,
success,60,120,240,sma_120d_weight,420,6,-0.8443323378604983,-426.4955181653204,66.66666666666666,50086258.64757486,50512754.16574016,24,
success,60,120,240,stacksats_mvrv_weight,420,6,-1.0764950239543158,-543.7672850564704,66.66666666666666,49968986.880683705,50512754.16574016,24,
success,60,120,240,stacksats_momentum_weight,420,6,-0.9424726148164364,-476.06887500164885,66.66666666666666,50036685.290738516,50512754.16574016,24,
success,60,120,270,sma_120d_weight,450,6,-0.8490024749548519,-428.85453303499526,66.66666666666666,50083899.63270518,50512754.16574016,24,
success,60,120,270,stacksats_mvrv_weight,450,6,-1.079305192643154,-545.1867786579023,66.66666666666666,49967567.38708228,50512754.16574016,24,
success,60,120,270,stacksats_momentum_weight,450,6,-0.9470065216570678,-478.35907621816295,66.66666666666666,50034395.089522004,50512754.16574016,24,
success,60,120,300,sma_120d_weight,480,6,-0.8263584013398884,-417.4163877967585,66.66666666666666,50095337.777943425,50512754.16574016,24,
success,60,120,300,stacksats_mvrv_weight,480,6,-1.0578168752449657,-534.3324377162062,66.66666666666666,49978421.728023976,50512754.16574016,24,
success,60,120,300,stacksats_momentum_weight,480,6,-0.9242917037073362,-466.88519606801856,66.66666666666666,50045868.96967216,50512754.16574016,24,
success,60,120,340,sma_120d_weight,520,6,-0.8364466150039385,-422.5122223645958,66.66666666666666,50090241.943375565,50512754.16574016,24,
success,60,120,340,stacksats_mvrv_weight,520,6,-1.0672208423907925,-539.0826405223997,66.66666666666666,49973671.52521778,50512754.16574016,24,
success,60,120,340,stacksats_momentum_weight,520,6,-0.9344772299097914,-472.03018587914994,66.66666666666666,50040723.97986103,50512754.16574016,24,
success,60,150,60,sma_150d_weight,270,6,0.37325002238273175,188.5388662297628,66.66666666666666,50701293.031969935,50512754.16574016,51,
success,60,150,60,stacksats_mvrv_weight,270,6,0.11638525977655245,58.78940015608532,66.66666666666666,50571543.565896265,50512754.16574016,51,
success,60,150,60,stacksats_momentum_weight,270,6,0.20799072806854113,105.0618451568007,66.66666666666666,50617816.01089698,50512754.16574016,51,
success,60,150,90,sma_150d_weight,300,6,0.09266665392468898,46.808479090599576,66.66666666666666,50559562.64483077,50512754.16574016,62,
success,60,150,90,stacksats_mvrv_weight,300,6,-0.17291090940297904,-87.34206259247003,66.66666666666666,50425412.1031477,50512754.16574016,62,
success,60,150,90,stacksats_momentum_weight,300,6,-0.07731044439205359,-39.05163472019922,66.66666666666666,50473702.53101998,50512754.16574016,62,
success,60,150,120,sma_150d_weight,330,6,-0.29232601840548655,-147.6619230396609,66.66666666666666,50365092.242700495,50512754.16574016,56,
success,60,150,120,stacksats_mvrv_weight,330,6,-0.5451673198459406,-275.379028065734,66.66666666666666,50237375.13767445,50512754.16574016,56,
success,60,150,120,stacksats_momentum_weight,330,6,-0.4574738331521111,-231.08263271271426,66.66666666666666,50281671.53302746,50512754.16574016,56,
success,60,150,150,sma_150d_weight,360,6,-0.41167795447555333,-207.94987309878343,66.66666666666666,50304804.29264139,50512754.16574016,55,
success,60,150,150,stacksats_mvrv_weight,360,6,-0.6666890726869323,-336.76301233620325,66.66666666666666,50175991.15340398,50512754.16574016,55,
success,60,150,150,stacksats_momentum_weight,360,6,-0.576474293765783,-291.19304283859674,66.66666666666666,50221561.122901574,50512754.16574016,55,
success,60,150,180,sma_150d_weight,390,6,-0.45102459548672647,-227.8249451452357,66.66666666666666,50284929.22059493,50512754.16574016,55,
success,60,150,180,stacksats_mvrv_weight,390,6,-0.7080006137278771,-357.63060950429644,66.66666666666666,50155123.55623588,50512754.16574016,55,
success,60,150,180,stacksats_momentum_weight,390,6,-0.6160110769102722,-311.1641609134167,66.66666666666666,50201590.004826754,50512754.16574016,55,
success,60,150,200,sma_150d_weight,410,6,-0.4435357332737144,-224.04211458576174,66.66666666666666,50288712.05115441,50512754.16574016,55,
success,60,150,200,stacksats_mvrv_weight,410,6,-0.7006699034061925,-353.92766582089826,66.66666666666666,50158826.49991928,50512754.16574016,55,
success,60,150,200,stacksats_momentum_weight,410,6,-0.6084049632511412,-307.3221034192102,66.66666666666666,50205432.06232096,50512754.16574016,55,
success,60,150,210,sma_150d_weight,420,6,-0.41500359015325117,-209.62974327310803,66.66666666666666,50303124.42246706,50512754.16574016,55,
success,60,150,210,stacksats_mvrv_weight,420,6,-0.6723095632965248,-339.60207694073324,66.66666666666666,50173152.08879945,50512754.16574016,55,
success,60,150,210,stacksats_momentum_weight,420,6,-0.5799270726096539,-292.93713652788574,66.66666666666666,50219817.029212296,50512754.16574016,55,
success,60,150,240,sma_150d_weight,450,6,-0.319630651882008,-161.45424542351248,66.66666666666666,50351299.92031667,50512754.16574016,55,
success,60,150,240,stacksats_mvrv_weight,450,6,-0.5771954264333079,-291.5573068101512,66.66666666666666,50221196.85893002,50512754.16574016,55,
success,60,150,240,stacksats_momentum_weight,450,6,-0.48491242264889767,-244.9426199717709,66.66666666666666,50267811.54576842,50512754.16574016,55,
success,60,150,270,sma_150d_weight,480,6,-0.2653391388263593,-134.0301069008492,66.66666666666666,50378724.05883932,50512754.16574016,55,
success,60,150,270,stacksats_mvrv_weight,480,6,-0.5217397603216156,-263.54512251618144,66.66666666666666,50249209.043224,50512754.16574016,55,
success,60,150,270,stacksats_momentum_weight,480,6,-0.430757682159677,-217.58756903935864,66.66666666666666,50295166.596700825,50512754.16574016,55,
success,60,150,300,sma_150d_weight,510,6,2.211869017181134,1117.2759591168797,66.66666666666666,51630030.12485704,50512754.16574016,55,
success,60,150,300,stacksats_mvrv_weight,510,6,1.9619775636585457,991.048903517818,66.66666666666666,51503803.06925799,50512754.16574016,55,
success,60,150,300,stacksats_momentum_weight,510,6,2.0442719832324263,1032.618081369299,66.66666666666666,51545372.247109465,50512754.16574016,55,
success,60,150,340,sma_150d_weight,550,6,2.2308715537719292,1126.874663710245,66.66666666666666,51639628.82945042,50512754.16574016,55,
success,60,150,340,stacksats_mvrv_weight,550,6,1.9819312526658805,1001.1280613930867,66.66666666666666,51513882.22713327,50512754.16574016,55,
success,60,150,340,stacksats_momentum_weight,550,6,2.063447393873763,1042.3041094068249,66.66666666666666,51555058.27514699,50512754.16574016,55,
success,60,180,60,sma_180d_weight,300,6,2.044849666223736,1032.909884958557,83.33333333333334,51545664.05069872,50512754.16574016,50,
success,60,180,60,stacksats_mvrv_weight,300,6,1.8882836196021824,953.8240627215928,83.33333333333334,51466578.228461765,50512754.16574016,50,
success,60,180,60,stacksats_momentum_weight,300,6,1.9500548735327916,985.0264243646525,83.33333333333334,51497780.59010482,50512754.16574016,50,
success,60,180,90,sma_180d_weight,330,6,1.5126978121666967,764.1053271302953,83.33333333333334,51276859.492870465,50512754.16574016,41,
success,60,180,90,stacksats_mvrv_weight,330,6,1.399565513103096,706.9590870222455,83.33333333333334,51219713.25276241,50512754.16574016,41,
success,60,180,90,stacksats_momentum_weight,330,6,1.454514903954518,734.7155377385934,83.33333333333334,51247469.70347875,50512754.16574016,41,
success,60,180,120,sma_180d_weight,360,6,0.7924660518879856,400.2964286371207,83.33333333333334,50913050.594377294,50512754.16574016,35,
success,60,180,120,stacksats_mvrv_weight,360,6,0.6706397265870745,338.7585964287209,83.33333333333334,50851512.762168914,50512754.16574016,35,
success,60,180,120,stacksats_momentum_weight,360,6,0.7515291010793179,379.6180473121931,83.33333333333334,50892372.21305236,50512754.16574016,35,
success,60,180,150,sma_180d_weight,390,6,0.5250732875637487,265.22897893704794,83.33333333333334,50777983.14467722,50512754.16574016,37,
success,60,180,150,stacksats_mvrv_weight,390,6,0.3944198449049363,199.23232663772797,83.33333333333334,50711986.49237789,50512754.16574016,37,
success,60,180,150,stacksats_momentum_weight,390,6,0.4833695231346802,244.16325893313478,83.33333333333334,50756917.424673304,50512754.16574016,37,
success,60,180,180,sma_180d_weight,420,6,0.5167766069217761,261.03809704045125,83.33333333333334,50773792.26278063,50512754.16574016,37,
success,60,180,180,stacksats_mvrv_weight,420,6,0.38308525924730663,193.50691524878494,83.33333333333334,50706261.08098894,50512754.16574016,37,
success,60,180,180,stacksats_momentum_weight,420,6,0.47291327615630596,238.881520601979,83.33333333333334,50751635.68634214,50512754.16574016,37,
success,60,180,200,sma_180d_weight,440,6,0.5294256106202377,267.4274571830683,83.33333333333334,50780181.62292325,50512754.16574016,37,
success,60,180,200,stacksats_mvrv_weight,440,6,0.39894538216691533,201.51830014954612,83.33333333333334,50714272.465889715,50512754.16574016,37,
success,60,180,200,stacksats_momentum_weight,440,6,0.4862829245606992,245.63489823332202,83.33333333333334,50758389.063973494,50512754.16574016,37,
success,60,180,210,sma_180d_weight,450,6,0.4633214092243154,234.03640443872428,83.33333333333334,50746790.5701789,50512754.16574016,37,
success,60,180,210,stacksats_mvrv_weight,450,6,0.33270615151943517,168.05904041130998,83.33333333333334,50680813.20615148,50512754.16574016,37,
success,60,180,210,stacksats_momentum_weight,450,6,0.42009939996738854,212.20377715727955,83.33333333333334,50724957.942897454,50512754.16574016,37,
success,60,180,240,sma_180d_weight,480,6,0.5244078173951117,264.89283162671927,83.33333333333334,50777646.99736688,50512754.16574016,37,
success,60,180,240,stacksats_mvrv_weight,480,6,0.39015241601525474,197.07673077347863,83.33333333333334,50709830.896513656,50512754.16574016,37,
success,60,180,240,stacksats_momentum_weight,480,6,0.4801330363247036,242.52842030720058,83.33333333333334,50755282.58604737,50512754.16574016,37,
success,60,180,270,sma_180d_weight,510,6,0.6983344657366386,352.7479719321782,83.33333333333334,50865502.13767235,50512754.16574016,35,
success,60,180,270,stacksats_mvrv_weight,510,6,0.5667634049376868,286.2878054375469,83.33333333333334,50799041.97117773,50512754.16574016,35,
success,60,180,270,stacksats_momentum_weight,510,6,0.638804350455735,322.6776711457642,83.33333333333334,50835431.836885944,50512754.16574016,35,
success,60,180,300,sma_180d_weight,540,6,0.7658200553534389,386.83680191261374,83.33333333333334,50899590.96765278,50512754.16574016,63,
success,60,180,300,stacksats_mvrv_weight,540,6,0.6121139828093591,309.1956313506089,83.33333333333334,50821949.797090776,50512754.16574016,63,
success,60,180,300,stacksats_momentum_weight,540,6,0.6602356076744975,333.50318941929436,83.33333333333334,50846257.355159454,50512754.16574016,63,
success,60,180,340,sma_180d_weight,580,6,4.056606319822853,2049.1035778040023,83.33333333333334,52561857.74354417,50512754.16574016,60,
success,60,180,340,stacksats_mvrv_weight,580,6,3.9000339607256684,1970.014566961734,83.33333333333334,52482768.732701905,50512754.16574016,60,
success,60,180,340,stacksats_momentum_weight,580,6,3.942822942167945,1991.628459967702,83.33333333333334,52504382.62570786,50512754.16574016,60,
success,60,200,60,sma_200d_weight,320,6,4.171305933463776,2107.0415116714867,83.33333333333334,52619795.67741165,50512754.16574016,42,
success,60,200,60,stacksats_mvrv_weight,320,6,4.025102849232809,2033.190307151177,83.33333333333334,52545944.472891346,50512754.16574016,42,
success,60,200,60,stacksats_momentum_weight,320,6,4.091801941585627,2066.8818557021295,83.33333333333334,52579636.021442294,50512754.16574016,42,
success,60,200,90,sma_200d_weight,350,6,3.570714954309273,1803.6664668295634,83.33333333333334,52316420.63256973,50512754.16574016,62,
success,60,200,90,stacksats_mvrv_weight,350,6,3.4247087869204718,1729.9147304296348,83.33333333333334,52242668.89616981,50512754.16574016,62,
success,60,200,90,stacksats_momentum_weight,350,6,3.4788168938781228,1757.2462254808997,83.33333333333334,52270000.39122108,50512754.16574016,62,
success,60,200,120,sma_200d_weight,380,6,2.7166927109958383,1372.2763105439153,83.33333333333334,51885030.47628409,50512754.16574016,59,
success,60,200,120,stacksats_mvrv_weight,380,6,2.5883004988717317,1307.4218680657068,83.33333333333334,51820176.033805884,50512754.16574016,59,
success,60,200,120,stacksats_momentum_weight,380,6,2.6549242913459725,1341.0753805741115,83.33333333333334,51853829.546314284,50512754.16574016,59,
success,60,200,150,sma_200d_weight,410,6,2.0263036113760124,1023.5417618658757,83.33333333333334,51536295.927606046,50512754.16574016,67,
success,60,200,150,stacksats_mvrv_weight,410,6,1.896210758402228,957.8282788560391,83.33333333333334,51470582.44459621,50512754.16574016,67,
success,60,200,150,stacksats_momentum_weight,410,6,1.9660063471437672,993.083953015579,83.33333333333334,51505838.11875576,50512754.16574016,67,
success,60,200,180,sma_200d_weight,440,6,1.8871094882854766,953.2309766559993,83.33333333333334,51465985.14239618,50512754.16574016,67,
success,60,200,180,stacksats_mvrv_weight,440,6,1.7591381093975844,888.5891086358461,83.33333333333334,51401343.27437602,50512754.16574016,67,
success,60,200,180,stacksats_momentum_weight,440,6,1.8273701111701568,923.0549719535993,83.33333333333334,51435809.13769376,50512754.16574016,67,
success,60,200,200,sma_200d_weight,460,6,1.8514051825931244,935.1957484950399,83.33333333333334,51447949.91423521,50512754.16574016,67,
success,60,200,200,stacksats_mvrv_weight,460,6,1.7247400710079797,871.2137120662737,83.33333333333334,51383967.87780645,50512754.16574016,67,
success,60,200,200,stacksats_momentum_weight,460,6,1.7918494634989512,905.1125145173573,83.33333333333334,51417866.68025754,50512754.16574016,67,
success,60,200,210,sma_200d_weight,470,6,1.76545934712391,891.7821399087843,83.33333333333334,51404536.30564897,50512754.16574016,67,
success,60,200,210,stacksats_mvrv_weight,470,6,1.6380981634681602,827.4484983061775,83.33333333333334,51340202.66404635,50512754.16574016,67,
success,60,200,210,stacksats_momentum_weight,470,6,1.705443724735911,861.4665961108913,83.33333333333334,51374220.761851065,50512754.16574016,67,
success,60,200,240,sma_200d_weight,500,6,1.8666541904096556,942.8984423261136,83.33333333333334,51455652.608066276,50512754.16574016,66,
success,60,200,240,stacksats_mvrv_weight,500,6,1.7361142702801757,876.9591333829594,83.33333333333334,51389713.29912313,50512754.16574016,66,
success,60,200,240,stacksats_momentum_weight,500,6,1.8051365642746786,911.8241950679512,83.33333333333334,51424578.36080813,50512754.16574016,66,
success,60,200,270,sma_200d_weight,530,6,2.041132956285119,1031.0324724042075,83.33333333333334,51543786.63814438,50512754.16574016,56,
success,60,200,270,stacksats_mvrv_weight,530,6,1.9037325684075235,961.6277522528253,83.33333333333334,51474381.91799301,50512754.16574016,56,
success,60,200,270,stacksats_momentum_weight,530,6,1.960327483782387,990.2154027264332,83.33333333333334,51502969.568466604,50512754.16574016,56,
success,60,200,300,sma_200d_weight,560,6,2.105616963273804,1063.6051203306197,83.33333333333334,51576359.286070794,50512754.16574016,50,
success,60,200,300,stacksats_mvrv_weight,560,6,1.9686172790287282,994.4028066200626,83.33333333333334,51507156.97236024,50512754.16574016,50,
success,60,200,300,stacksats_momentum_weight,560,6,2.0163655755718324,1018.5217862712161,83.33333333333334,51531275.95201139,50512754.16574016,50,
success,60,200,340,sma_200d_weight,600,6,7.395841941745651,3735.843458520685,83.33333333333334,54248597.62426087,50512754.16574016,47,
success,60,200,340,stacksats_mvrv_weight,600,6,7.24080326621106,3657.5291534860808,83.33333333333334,54170283.319226265,50512754.16574016,47,
success,60,200,340,stacksats_momentum_weight,600,6,7.291431281961547,3683.102758621113,83.33333333333334,54195856.9243613,50512754.16574016,47,
success,60,210,60,sma_210d_weight,330,6,3.821407425792822,1930.2981386620668,83.33333333333334,52443052.30440225,50512754.16574016,50,
success,60,210,60,stacksats_mvrv_weight,330,6,3.5987116155143717,1817.8083514787068,83.33333333333334,52330562.51721888,50512754.16574016,50,
success,60,210,60,stacksats_momentum_weight,330,6,3.7245464334650036,1881.3709837250208,83.33333333333334,52394125.149465196,50512754.16574016,50,
success,60,210,90,sma_210d_weight,360,6,3.2891559575873863,1661.4432629839139,83.33333333333334,52174197.42872409,50512754.16574016,73,
success,60,210,90,stacksats_mvrv_weight,360,6,3.062712872978346,1547.0606243300354,83.33333333333334,52059814.790070206,50512754.16574016,73,
success,60,210,90,stacksats_momentum_weight,360,6,3.1798274136497717,1606.218404351719,83.33333333333334,52118972.57009188,50512754.16574016,73,
success,60,210,120,sma_210d_weight,390,6,2.5063699907728276,1266.0365119229682,83.33333333333334,51778790.67766315,50512754.16574016,44,
success,60,210,120,stacksats_mvrv_weight,390,6,2.3265002149452263,1175.1793342406963,83.33333333333334,51687933.49998088,50512754.16574016,44,
success,60,210,120,stacksats_momentum_weight,390,6,2.399120808422106,1211.8619960973738,83.33333333333334,51724616.16183753,50512754.16574016,44,
success,60,210,150,sma_210d_weight,420,6,1.843426473885157,931.1654829797772,83.33333333333334,51443919.64871996,50512754.16574016,12,
success,60,210,150,stacksats_mvrv_weight,420,6,1.6989901429315113,858.2067141991574,83.33333333333334,51370960.87993933,50512754.16574016,12,
success,60,210,150,stacksats_momentum_weight,420,6,1.7706438591523321,894.4009797243925,83.33333333333334,51407155.14546456,50512754.16574016,12,
success,60,210,180,sma_210d_weight,450,6,1.6938931370295007,855.6320761380557,83.33333333333334,51368386.24187823,50512754.16574016,12,
success,60,210,180,stacksats_mvrv_weight,450,6,1.5521863624908372,784.0520814791453,83.33333333333334,51296806.24721931,50512754.16574016,12,
success,60,210,180,stacksats_momentum_weight,450,6,1.6222977181407305,819.4672582008352,83.33333333333334,51332221.423941016,50512754.16574016,12,
success,60,210,200,sma_210d_weight,470,6,1.6507712115386708,833.8500039233404,83.33333333333334,51346604.16966351,50512754.16574016,12,
success,60,210,200,stacksats_mvrv_weight,470,6,1.5095176236614938,762.4989263286479,83.33333333333334,51275253.09206883,50512754.16574016,12,
success,60,210,200,stacksats_momentum_weight,470,6,1.5792820469755497,797.7388579724284,83.33333333333334,51310493.023712605,50512754.16574016,12,
success,60,210,210,sma_210d_weight,480,6,1.567772225297448,791.9249300432566,83.33333333333334,51304679.095783435,50512754.16574016,12,
success,60,210,210,stacksats_mvrv_weight,480,6,1.4264373249138984,720.5327792621174,83.33333333333334,51233286.945002295,50512754.16574016,12,
success,60,210,210,stacksats_momentum_weight,480,6,1.4962652975540003,755.804811420734,83.33333333333334,51268558.977160916,50512754.16574016,12,
success,60,210,240,sma_210d_weight,510,6,1.650355788564406,833.6401623376005,83.33333333333334,51346394.32807777,50512754.16574016,12,
success,60,210,240,stacksats_mvrv_weight,510,6,1.5085272278879014,761.9986501462699,83.33333333333334,51274752.81588643,50512754.16574016,12,
success,60,210,240,stacksats_momentum_weight,510,6,1.5787541183901244,797.472186703897,83.33333333333334,51310226.35244406,50512754.16574016,12,
success,60,210,270,sma_210d_weight,540,6,1.8040077632464513,911.2540065795474,83.33333333333334,51424008.17231972,50512754.16574016,65,
success,60,210,270,stacksats_mvrv_weight,540,6,1.6121091659866194,814.3207398981831,83.33333333333334,51327074.90563836,50512754.16574016,65,
success,60,210,270,stacksats_momentum_weight,540,6,1.714508153233707,866.0452885945124,83.33333333333334,51378799.45433469,50512754.16574016,65,
success,60,210,300,sma_210d_weight,570,6,1.8584813755221585,938.7701284335781,83.33333333333334,51451524.29417375,50512754.16574016,57,
success,60,210,300,stacksats_mvrv_weight,570,6,1.667121670897953,842.1090712644582,83.33333333333334,51354863.23700462,50512754.16574016,57,
success,60,210,300,stacksats_momentum_weight,570,6,1.761237840755947,889.649740775043,83.33333333333334,51402403.9065152,50512754.16574016,57,
success,60,210,340,sma_210d_weight,610,6,7.450543662174414,3763.4748040852937,83.33333333333334,54276228.96982546,50512754.16574016,54,
success,60,210,340,stacksats_mvrv_weight,610,6,7.242126426212647,3658.1975180448935,83.33333333333334,54170951.683785066,50512754.16574016,54,
success,60,210,340,stacksats_momentum_weight,610,6,7.338951414608563,3707.1064864043365,83.33333333333334,54219860.65214451,50512754.16574016,54,
success,60,240,60,sma_240d_weight,360,6,4.9330729370560045,2491.8310055117618,83.33333333333334,53004585.17125194,50512754.16574016,47,
success,60,240,60,stacksats_mvrv_weight,360,6,4.7301601924891745,2389.334189677764,83.33333333333334,52902088.355417944,50512754.16574016,47,
success,60,240,60,stacksats_momentum_weight,360,6,4.845170848046498,2447.429239383833,83.33333333333334,52960183.405124016,50512754.16574016,47,
success,60,240,90,sma_240d_weight,390,6,4.394532709857257,2219.7995044632335,83.33333333333334,52732553.6702034,50512754.16574016,62,
success,60,240,90,stacksats_mvrv_weight,390,6,4.150347946769317,2096.455055374434,83.33333333333334,52609209.221114606,50512754.16574016,62,
success,60,240,90,stacksats_momentum_weight,390,6,4.263637637354045,2153.680798274625,83.33333333333334,52666434.9640148,50512754.16574016,62,
success,60,240,120,sma_240d_weight,420,6,3.578263643075652,1807.4795174288593,83.33333333333334,52320233.68316904,50512754.16574016,52,
success,60,240,120,stacksats_mvrv_weight,420,6,3.3438228300413986,1689.0570058767044,83.33333333333334,52201811.171616875,50512754.16574016,52,
success,60,240,120,stacksats_momentum_weight,420,6,3.470921115825898,1753.2578505238998,83.33333333333334,52266012.01626407,50512754.16574016,52,
success,60,240,150,sma_240d_weight,450,6,2.8546965470027663,1441.9858489653852,83.33333333333334,51954740.014705546,50512754.16574016,74,
success,60,240,150,stacksats_mvrv_weight,450,6,2.577826902039937,1302.1313658457511,83.33333333333334,51814885.531585924,50512754.16574016,74,
success,60,240,150,stacksats_momentum_weight,450,6,2.711294208445958,1369.5493782222547,83.33333333333334,51882303.54396243,50512754.16574016,74,
success,60,240,180,sma_240d_weight,480,6,2.66435740867057,1345.8403079384516,83.33333333333334,51858594.47367862,50512754.16574016,79,
success,60,240,180,stacksats_mvrv_weight,480,6,2.3936687959044356,1209.1080344172442,83.33333333333334,51721862.20015743,50512754.16574016,79,
success,60,240,180,stacksats_momentum_weight,480,6,2.5192663848880192,1272.5508357786166,83.33333333333334,51785305.0015188,50512754.16574016,79,
success,60,240,200,sma_240d_weight,500,6,2.603402588917225,1315.050349684272,83.33333333333334,51827804.51542445,50512754.16574016,79,
success,60,240,200,stacksats_mvrv_weight,500,6,2.3338849500584846,1178.9095673342526,83.33333333333334,51691663.733074434,50512754.16574016,79,
success,60,240,200,stacksats_momentum_weight,500,6,2.458477164695294,1241.844526423396,83.33333333333334,51754598.69216357,50512754.16574016,79,
success,60,240,210,sma_240d_weight,510,6,2.506708351891218,1266.2074274428887,83.33333333333334,51778961.59318306,50512754.16574016,79,
success,60,240,210,stacksats_mvrv_weight,510,6,2.2370521078740824,1129.9966318099468,83.33333333333334,51642750.79755013,50512754.16574016,79,
success,60,240,210,stacksats_momentum_weight,510,6,2.361403470748469,1192.8099300404283,83.33333333333334,51705564.0957806,50512754.16574016,79,
success,60,240,240,sma_240d_weight,540,6,2.568568003131122,1297.454441001486,83.33333333333334,51810208.60674167,50512754.16574016,79,
success,60,240,240,stacksats_mvrv_weight,540,6,2.2987910291494495,1161.1826613383528,83.33333333333334,51673936.82707853,50512754.16574016,79,
success,60,240,240,stacksats_momentum_weight,540,6,2.4231580302717104,1224.0038588785392,83.33333333333334,51736758.02461871,50512754.16574016,79,
success,60,240,270,sma_240d_weight,570,6,2.652288504111122,1339.7439718478417,83.33333333333334,51852498.13758801,50512754.16574016,79,
success,60,240,270,stacksats_mvrv_weight,570,6,2.3810569742021226,1202.7374559249292,83.33333333333334,51715491.621665105,50512754.16574016,79,
success,60,240,270,stacksats_momentum_weight,570,6,2.506487330965812,1266.095783686178,83.33333333333334,51778849.94942635,50512754.16574016,79,
success,60,240,300,sma_240d_weight,600,6,2.6841601755752453,1355.843230903025,83.33333333333334,51868597.39664321,50512754.16574016,64,
success,60,240,300,stacksats_mvrv_weight,600,6,2.4255202643456375,1225.1970883691247,83.33333333333334,51737951.25410929,50512754.16574016,64,
success,60,240,300,stacksats_momentum_weight,600,6,2.5452398776548035,1285.6707623281618,83.33333333333334,51798424.92806834,50512754.16574016,64,
success,60,240,340,sma_240d_weight,640,6,6.408317221804305,3237.017524410803,83.33333333333334,53749771.690150976,50512754.16574016,48,
success,60,240,340,stacksats_mvrv_weight,640,6,6.150885035563225,3106.981437031347,83.33333333333334,53619735.60277152,50512754.16574016,48,
success,60,240,340,stacksats_momentum_weight,640,6,6.281217041033971,3172.8157225540635,83.33333333333334,53685569.888294235,50512754.16574016,48,
success,60,270,60,sma_270d_weight,390,6,5.704983425126664,2881.744252730452,83.33333333333334,53394498.41847061,50512754.16574016,63,
success,60,270,60,stacksats_mvrv_weight,390,6,5.430742690797352,2743.217704776369,83.33333333333334,53255971.87051654,50512754.16574016,63,
success,60,270,60,stacksats_momentum_weight,390,6,5.55481940737057,2805.892271595927,83.33333333333334,53318646.43733611,50512754.16574016,63,
success,60,270,90,sma_270d_weight,420,6,5.212831324958489,2633.144672250979,83.33333333333334,53145898.83799115,50512754.16574016,75,
success,60,270,90,stacksats_mvrv_weight,420,6,4.9509070545030065,2500.8395094153893,83.33333333333334,53013593.67515557,50512754.16574016,75,
success,60,270,90,stacksats_momentum_weight,420,6,5.04076439567489,2546.2289272614144,83.33333333333334,53058983.09300159,50512754.16574016,75,
success,60,270,120,sma_270d_weight,450,6,4.409661076648974,2227.4412591900254,83.33333333333334,52740195.4249302,50512754.16574016,64,
success,60,270,120,stacksats_mvrv_weight,450,6,4.150115656682063,2096.337719253701,83.33333333333334,52609091.88499388,50512754.16574016,64,
success,60,270,120,stacksats_momentum_weight,450,6,4.253307562101871,2148.46279275736,83.33333333333334,52661216.95849754,50512754.16574016,64,
success,60,270,150,sma_270d_weight,480,6,3.5596691096129174,1798.0869064525614,83.33333333333334,52310841.07219274,50512754.16574016,28,
success,60,270,150,stacksats_mvrv_weight,480,6,3.344138565349075,1689.2164924764875,83.33333333333334,52201970.65821666,50512754.16574016,28,
success,60,270,150,stacksats_momentum_weight,480,6,3.4318465886113536,1733.5202306505962,83.33333333333334,52246274.39639077,50512754.16574016,28,
success,60,270,180,sma_270d_weight,510,6,3.3250867551190444,1679.5928984108687,83.33333333333334,52192347.06415104,50512754.16574016,32,
success,60,270,180,stacksats_mvrv_weight,510,6,3.103807050624141,1567.818425260688,83.33333333333334,52080572.59100086,50512754.16574016,32,
success,60,270,180,stacksats_momentum_weight,510,6,3.191990607251216,1612.3623684343183,83.33333333333334,52125116.53417449,50512754.16574016,32,
success,60,270,200,sma_270d_weight,530,6,3.2481507427831735,1640.7303996347327,83.33333333333334,52153484.56537491,50512754.16574016,33,
success,60,270,200,stacksats_mvrv_weight,530,6,3.024837670415925,1527.9288163698948,83.33333333333334,52040682.98211007,50512754.16574016,33,
success,60,270,200,stacksats_momentum_weight,530,6,3.113272213788476,1572.5995398612722,83.33333333333334,52085353.70560145,50512754.16574016,33,
success,60,270,210,sma_270d_weight,540,6,3.1410514116370303,1586.631577779728,83.33333333333334,52099385.7435199,50512754.16574016,4,
success,60,270,210,stacksats_mvrv_weight,540,6,2.9699343224354857,1500.1956231757795,83.33333333333334,52012949.78891595,50512754.16574016,4,
success,60,270,210,stacksats_momentum_weight,540,6,3.0558220053427565,1543.5798573013744,83.33333333333334,52056334.02304154,50512754.16574016,4,
success,60,270,240,sma_270d_weight,570,6,3.1778660512851387,1605.227666202176,83.33333333333334,52117981.83194236,50512754.16574016,4,
success,60,270,240,stacksats_mvrv_weight,570,6,3.006841106843372,1518.8382564542117,83.33333333333334,52031592.422194384,50512754.16574016,4,
success,60,270,240,stacksats_momentum_weight,570,6,3.0926823937737824,1562.1990546940797,83.33333333333334,52074953.220434256,50512754.16574016,4,
success,60,270,270,sma_270d_weight,600,6,3.2205649845747253,1626.7960734061417,83.33333333333334,52139550.23914632,50512754.16574016,4,
success,60,270,270,stacksats_mvrv_weight,600,6,3.0494478953731807,1540.360118802193,83.33333333333334,52053114.284542374,50512754.16574016,4,
success,60,270,270,stacksats_momentum_weight,600,6,3.1353355782804515,1583.744352927788,83.33333333333334,52096498.518667966,50512754.16574016,4,
success,60,270,300,sma_270d_weight,630,6,3.2369994946440217,1635.0975970757863,83.33333333333334,52147851.76281596,50512754.16574016,4,
success,60,270,300,stacksats_mvrv_weight,630,6,3.0655191801222115,1548.4781673587422,83.33333333333334,52061232.33309891,50512754.16574016,4,
success,60,270,300,stacksats_momentum_weight,630,6,3.151589667688115,1591.9547411521635,83.33333333333334,52104708.90689234,50512754.16574016,4,
success,60,270,340,sma_270d_weight,670,6,6.938433336757277,3504.793774349964,83.33333333333334,54017547.940090135,50512754.16574016,16,
success,60,270,340,stacksats_mvrv_weight,670,6,6.7214768302493955,3395.203067571063,83.33333333333334,53907957.233311236,50512754.16574016,16,
success,60,270,340,stacksats_momentum_weight,670,6,6.825980595032188,3447.9907973697336,83.33333333333334,53960744.96310991,50512754.16574016,16,
success,60,300,60,sma_300d_weight,420,6,6.571877754837319,3319.63645437394,83.33333333333334,53832390.62011412,50512754.16574016,18,
success,60,300,60,stacksats_mvrv_weight,420,6,6.368151494571772,3216.7287093549457,83.33333333333334,53729482.87509512,50512754.16574016,18,
success,60,300,60,stacksats_momentum_weight,420,6,6.4626973586953795,3264.48642927358,83.33333333333334,53777240.59501375,50512754.16574016,18,
success,60,300,90,sma_300d_weight,450,6,6.000710961331701,3031.124376094107,83.33333333333334,53543878.54183428,50512754.16574016,28,
success,60,300,90,stacksats_mvrv_weight,450,6,5.773538018580915,2916.373065991327,83.33333333333334,53429127.23173149,50512754.16574016,28,
success,60,300,90,stacksats_momentum_weight,450,6,5.857400871595964,2958.7345027711926,83.33333333333334,53471488.668511376,50512754.16574016,28,
success,60,300,120,sma_300d_weight,480,6,5.212238296763361,2632.845117376637,83.33333333333334,53145599.2831168,50512754.16574016,18,
success,60,300,120,stacksats_mvrv_weight,480,6,5.009128844065858,2530.24893884817,83.33333333333334,53043003.10458834,50512754.16574016,18,
success,60,300,120,stacksats_momentum_weight,480,6,5.097345364205785,2574.80953280002,83.33333333333334,53087563.69854019,50512754.16574016,18,
success,60,300,150,sma_300d_weight,510,6,4.239950241489487,2141.715642233292,83.33333333333334,52654469.807973474,50512754.16574016,17,
success,60,300,150,stacksats_mvrv_weight,510,6,4.041933754909821,2041.6920611596724,83.33333333333334,52554446.22689986,50512754.16574016,17,
success,60,300,150,stacksats_momentum_weight,510,6,4.129525030533809,2085.9368268862527,83.33333333333334,52598690.992626436,50512754.16574016,17,
success,60,300,180,sma_300d_weight,540,6,3.952883470467383,1996.7103098953667,83.33333333333334,52509464.47563555,50512754.16574016,20,
success,60,300,180,stacksats_mvrv_weight,540,6,3.7456734044823747,1892.0427986576979,83.33333333333334,52404796.96439787,50512754.16574016,20,
success,60,300,180,stacksats_momentum_weight,540,6,3.835959513947218,1937.6487991774775,83.33333333333334,52450402.96491766,50512754.16574016,20,
success,60,300,200,sma_300d_weight,560,6,3.0798133310527165,1555.6985366783556,83.33333333333334,52068452.70241852,50512754.16574016,21,
success,60,300,200,stacksats_mvrv_weight,560,6,2.8520727488902553,1440.6604962749989,83.33333333333334,51953414.66201517,50512754.16574016,21,
success,60,300,200,stacksats_momentum_weight,560,6,2.9500865665117226,1490.1699750185944,83.33333333333334,52002924.14075877,50512754.16574016,21,
success,60,300,210,sma_300d_weight,570,6,3.0106380268037913,1520.7561852996878,83.33333333333334,52033510.35103986,50512754.16574016,21,
success,60,300,210,stacksats_mvrv_weight,570,6,2.7827271038332935,1405.632101062729,83.33333333333334,51918386.26680289,50512754.16574016,21,
success,60,300,210,stacksats_momentum_weight,570,6,2.880798617856839,1455.1707238480667,83.33333333333334,51967924.88958824,50512754.16574016,21,
success,60,300,240,sma_300d_weight,600,6,3.140090303330667,1586.1460955036673,83.33333333333334,52098900.261243835,50512754.16574016,21,
success,60,300,240,stacksats_mvrv_weight,600,6,2.9127683427191853,1471.3195123752448,83.33333333333334,51984073.67811541,50512754.16574016,21,
success,60,300,240,stacksats_momentum_weight,600,6,3.010639272013682,1520.756814289496,83.33333333333334,52033510.98002967,50512754.16574016,21,
success,60,300,270,sma_300d_weight,630,6,3.752959275557499,1895.7230928026984,83.33333333333334,52408477.25854288,50512754.16574016,21,
success,60,300,270,stacksats_mvrv_weight,630,6,3.544060271492122,1790.2024524244844,83.33333333333334,52302956.61816465,50512754.16574016,21,
success,60,300,270,stacksats_momentum_weight,630,6,3.6346107261013394,1835.9419809571918,83.33333333333334,52348696.14669737,50512754.16574016,21,
success,60,300,300,sma_300d_weight,660,6,3.740551163054606,1889.4554134375066,83.33333333333334,52402209.57917768,50512754.16574016,21,
success,60,300,300,stacksats_mvrv_weight,660,6,3.5310709533604268,1783.6411900888124,83.33333333333334,52296395.355828986,50512754.16574016,21,
success,60,300,300,stacksats_momentum_weight,660,6,3.621919117871508,1829.5311000923757,83.33333333333334,52342285.26583255,50512754.16574016,21,
success,60,300,340,sma_300d_weight,700,6,7.123708618169267,3598.381421779486,83.33333333333334,54111135.58751967,50512754.16574016,17,
success,60,300,340,stacksats_mvrv_weight,700,6,6.882494572524145,3476.537563889535,83.33333333333334,53989291.7296297,50512754.16574016,17,
success,60,300,340,stacksats_momentum_weight,700,6,6.993509311978485,3532.6141663178423,83.33333333333334,54045368.33205802,50512754.16574016,17,
success,60,340,60,sma_340d_weight,460,6,6.605581033081798,3336.660908459373,83.33333333333334,53849415.07419955,50512754.16574016,21,
success,60,340,60,stacksats_mvrv_weight,460,6,6.234673508494271,3149.305302382236,83.33333333333334,53662059.468122415,50512754.16574016,21,
success,60,340,60,stacksats_momentum_weight,460,6,6.252268623669388,3158.1930796558227,83.33333333333334,53670947.245395996,50512754.16574016,21,
success,60,340,90,sma_340d_weight,490,6,6.109927509245816,3086.2926624502725,83.33333333333334,53599046.82819044,50512754.16574016,32,
success,60,340,90,stacksats_mvrv_weight,490,6,5.7159599073743905,2887.288776224297,83.33333333333334,53400042.94196446,50512754.16574016,32,
success,60,340,90,stacksats_momentum_weight,490,6,5.726291343063106,2892.5074689355315,83.33333333333334,53405261.634675704,50512754.16574016,32,
success,60,340,120,sma_340d_weight,520,6,5.41735783469548,2736.4566453181906,83.33333333333334,53249210.81105835,50512754.16574016,22,
success,60,340,120,stacksats_mvrv_weight,520,6,5.049865185997882,2550.8259871044065,83.33333333333334,53063580.15284457,50512754.16574016,22,
success,60,340,120,stacksats_momentum_weight,520,6,5.067807593578211,2559.889191336879,83.33333333333334,53072643.35707705,50512754.16574016,22,
success,60,340,150,sma_340d_weight,550,6,4.896252424819769,2473.231950683301,83.33333333333334,52985986.116423465,50512754.16574016,21,
success,60,340,150,stacksats_mvrv_weight,550,6,4.5366085005167145,2291.5658993280813,83.33333333333334,52804320.06506824,50512754.16574016,21,
success,60,340,150,stacksats_momentum_weight,550,6,4.555532952203434,2301.1251610858017,83.33333333333334,52813879.32682597,50512754.16574016,21,
success,60,340,180,sma_340d_weight,580,6,4.053996527258108,2047.7852997015289,83.33333333333334,52560539.4654417,50512754.16574016,21,
success,60,340,180,stacksats_mvrv_weight,580,6,3.696773028319633,1867.3418718604808,83.33333333333334,52380096.03760066,50512754.16574016,21,
success,60,340,180,stacksats_momentum_weight,580,6,3.7154138741260834,1876.757876477117,83.33333333333334,52389512.04221729,50512754.16574016,21,
success,60,340,200,sma_340d_weight,600,6,2.958649334227048,1494.4952648244143,83.33333333333334,52007249.43056458,50512754.16574016,21,
success,60,340,200,stacksats_mvrv_weight,600,6,2.5582986288015253,1292.267097192016,83.33333333333334,51805021.26293218,50512754.16574016,21,
success,60,340,200,stacksats_momentum_weight,600,6,2.5782190155705598,1302.3294331895231,83.33333333333334,51815083.59892969,50512754.16574016,21,
success,60,340,210,sma_340d_weight,610,6,2.890538954901767,1460.0908363544877,83.33333333333334,51972845.002094656,50512754.16574016,21,
success,60,340,210,stacksats_mvrv_weight,610,6,2.490188157717954,1257.8626223724496,83.33333333333334,51770616.788112625,50512754.16574016,21,
success,60,340,210,stacksats_momentum_weight,610,6,2.5101853480220093,1267.9637539507894,83.33333333333334,51780717.91969097,50512754.16574016,21,
success,60,340,240,sma_340d_weight,640,6,3.769775607477577,1904.217485205183,83.33333333333334,52416971.65094536,50512754.16574016,21,
success,60,340,240,stacksats_mvrv_weight,640,6,3.41369129097584,1724.3494897879064,83.33333333333334,52237103.655528076,50512754.16574016,21,
success,60,340,240,stacksats_momentum_weight,640,6,3.432241358168975,1733.719639626761,83.33333333333334,52246473.80536694,50512754.16574016,21,
success,60,340,270,sma_340d_weight,670,6,4.985035231026336,2518.0785913238724,83.33333333333334,53030832.75706404,50512754.16574016,21,
success,60,340,270,stacksats_mvrv_weight,670,6,4.631938550325465,2339.7197330340496,83.33333333333334,52852473.898774214,50512754.16574016,21,
success,60,340,270,stacksats_momentum_weight,670,6,4.650387426163571,2349.0387683324952,83.33333333333334,52861792.93407266,50512754.16574016,21,
success,60,340,300,sma_340d_weight,700,6,3.690866931264969,1864.3585395744667,83.33333333333334,52377112.70531464,50512754.16574016,21,
success,60,340,300,stacksats_mvrv_weight,700,6,3.337301562194983,1685.7629338809566,83.33333333333334,52198517.09962113,50512754.16574016,21,
success,60,340,300,stacksats_momentum_weight,700,6,3.355608661844456,1695.010354121776,83.33333333333334,52207764.519861944,50512754.16574016,21,
success,60,340,340,sma_340d_weight,740,6,8.600323979558677,4344.260509251682,83.33333333333334,54857014.67499185,50512754.16574016,21,
success,60,340,340,stacksats_mvrv_weight,740,6,8.203814374012852,4143.972586958764,83.33333333333334,54656726.75269893,50512754.16574016,21,
success,60,340,340,stacksats_momentum_weight,740,6,8.22326009033012,4153.795153837877,83.33333333333334,54666549.31957804,50512754.16574016,21,
success,75,60,60,sma_60d_weight,195,6,-1.9991395901164055,-1009.8204665854864,50.0,49502933.699154675,50512754.16574016,33,
success,75,60,60,stacksats_mvrv_weight,195,6,-2.1472521560915947,-1084.6362029251031,50.0,49428117.962815076,50512754.16574016,33,
success,75,60,60,stacksats_momentum_weight,195,6,-2.060149496554664,-1040.6382506413938,50.0,49472115.91509879,50512754.16574016,33,
success,75,60,90,sma_60d_weight,225,6,-2.072195746546912,-1046.7231432861663,50.0,49466031.022454,50512754.16574016,18,
success,75,60,90,stacksats_mvrv_weight,225,6,-2.212314909774893,-1117.5011917466109,50.0,49395252.97399357,50512754.16574016,18,
success,75,60,90,stacksats_momentum_weight,225,6,-2.114605010678783,-1068.1452306205974,50.0,49444608.93511958,50512754.16574016,18,
success,75,60,120,sma_60d_weight,255,6,-2.044639671119386,-1032.8038106477325,50.0,49479950.355092436,50512754.16574016,28,
success,75,60,120,stacksats_mvrv_weight,255,6,-2.174895306350433,-1098.5995194590141,50.0,49414154.64628115,50512754.16574016,28,
success,75,60,120,stacksats_momentum_weight,255,6,-2.0955078344779277,-1058.498720953663,50.0,49454255.444786504,50512754.16574016,28,
success,75,60,150,sma_60d_weight,285,6,-2.087188818614416,-1054.2965569215157,50.0,49458457.60881865,50512754.16574016,12,
success,75,60,150,stacksats_mvrv_weight,285,6,-2.2343553550079553,-1128.6344276642194,50.0,49384119.73807596,50512754.16574016,12,
success,75,60,150,stacksats_momentum_weight,285,6,-2.1302988117931076,-1076.072601796739,50.0,49436681.563943446,50512754.16574016,12,
success,75,60,180,sma_60d_weight,315,6,-2.087335511110744,-1054.3706553415686,50.0,49458383.5103986,50512754.16574016,12,
success,75,60,180,stacksats_mvrv_weight,315,6,-2.234568794964742,-1128.74224206488,50.0,49384011.9236753,50512754.16574016,12,
success,75,60,180,stacksats_momentum_weight,315,6,-2.1304656007229417,-1076.1568514788378,50.0,49436597.31426134,50512754.16574016,12,
success,75,60,200,sma_60d_weight,335,6,-2.085820140280259,-1053.6051997992618,50.0,49459148.965940915,50512754.16574016,12,
success,75,60,200,stacksats_mvrv_weight,335,6,-2.232988527197244,-1127.9440052923237,50.0,49384810.16044786,50512754.16574016,12,
success,75,60,200,stacksats_momentum_weight,335,6,-2.128929972234106,-1075.3811632353754,50.0,49437373.0025048,50512754.16574016,12,
success,75,60,210,sma_60d_weight,345,6,-2.086544257895162,-1053.9709715499484,50.0,49458783.19419022,50512754.16574016,12,
success,75,60,210,stacksats_mvrv_weight,345,6,-2.233757482429255,-1128.3324257583154,50.0,49384421.73998187,50512754.16574016,12,
success,75,60,210,stacksats_momentum_weight,345,6,-2.1296680251642996,-1075.7539740976135,50.0,49437000.19164257,50512754.16574016,12,
success,75,60,240,sma_60d_weight,375,6,-2.088348975437515,-1054.882584085506,50.0,49457871.58165466,50512754.16574016,12,
success,75,60,240,stacksats_mvrv_weight,375,6,-2.2356402226494043,-1129.283449697301,50.0,49383470.71604287,50512754.16574016,12,
success,75,60,240,stacksats_momentum_weight,375,6,-2.1314967283384445,-1076.677702436391,50.0,49436076.4633038,50512754.16574016,12,
success,75,60,270,sma_60d_weight,405,6,-2.084552942981255,-1052.965103542825,50.0,49459789.06219735,50512754.16574016,12,
success,75,60,270,stacksats_mvrv_weight,405,6,-2.2317072489039913,-1127.296796337876,50.0,49385457.369402304,50512754.16574016,12,
success,75,60,270,stacksats_momentum_weight,405,6,-2.127659501760859,-1074.7394136084768,50.0,49438014.75213171,50512754.16574016,12,
success,75,60,300,sma_60d_weight,435,6,-2.0759853080267177,-1048.6373551604192,50.0,49464116.81057975,50512754.16574016,12,
success,75,60,300,stacksats_mvrv_weight,435,6,-2.222832997796942,-1122.8141676921223,50.0,49389939.99804805,50512754.16574016,12,
success,75,60,300,stacksats_momentum_weight,435,6,-2.1189989026742295,-1070.3647064825636,50.0,49442389.45925762,50512754.16574016,12,
success,75,60,340,sma_60d_weight,475,6,-2.0700274848300726,-1045.6278945754675,50.0,49467126.27116471,50512754.16574016,12,
success,75,60,340,stacksats_mvrv_weight,475,6,-2.2167014921228967,-1119.7169753043345,50.0,49393037.19043584,50512754.16574016,12,
success,75,60,340,stacksats_momentum_weight,475,6,-2.1129898827681015,-1067.3293850296104,50.0,49445424.78071057,50512754.16574016,12,
success,75,90,60,sma_90d_weight,225,6,-1.4616281987116286,-738.3086588323422,66.66666666666666,49774445.50690783,50512754.16574016,53,
success,75,90,60,stacksats_mvrv_weight,225,6,-1.4320668065909925,-723.3763855024736,66.66666666666666,49789377.78023769,50512754.16574016,53,
success,75,90,60,stacksats_momentum_weight,225,6,-1.5337968728869056,-774.7630438031701,66.66666666666666,49737991.12193701,50512754.16574016,53,
success,75,90,90,sma_90d_weight,255,6,-1.5899500384490284,-803.1275542798467,50.0,49709626.61146033,50512754.16574016,61,
success,75,90,90,stacksats_mvrv_weight,255,6,-1.5620267276585387,-789.0227209453151,50.0,49723731.444794856,50512754.16574016,61,
success,75,90,90,stacksats_momentum_weight,255,6,-1.6631444367042114,-840.1000607335809,50.0,49672654.10500659,50512754.16574016,61,
success,75,90,120,sma_90d_weight,285,6,-1.6440825344678722,-830.4713689176278,50.0,49682282.796822555,50512754.16574016,51,
success,75,90,120,stacksats_mvrv_weight,285,6,-1.7478614924671843,-882.8929788475871,50.0,49629861.1868926,50512754.16574016,51,
success,75,90,120,stacksats_momentum_weight,285,6,-1.733026741675725,-875.3995376491948,50.0,49637354.62809098,50512754.16574016,51,
success,75,90,150,sma_90d_weight,315,6,-1.6319494928161316,-824.3426354152543,50.0,49688411.53032492,50512754.16574016,23,
success,75,90,150,stacksats_mvrv_weight,315,6,-1.8527622271689026,-935.8812290855203,50.0,49576872.93665466,50512754.16574016,23,
success,75,90,150,stacksats_momentum_weight,315,6,-1.6970011378300676,-857.2020129419179,50.0,49655552.15279825,50512754.16574016,23,
success,75,90,180,sma_90d_weight,345,6,-1.6362969172653452,-826.5386392398286,50.0,49686215.52650036,50512754.16574016,16,
success,75,90,180,stacksats_mvrv_weight,345,6,-1.8320360424622484,-925.4118623567119,50.0,49587342.30338346,50512754.16574016,16,
success,75,90,180,stacksats_momentum_weight,345,6,-1.6975725321104806,-857.4906399300962,50.0,49655263.52581008,50512754.16574016,16,
success,75,90,200,sma_90d_weight,365,6,-1.6319391145314888,-824.3373930578455,50.0,49688416.77268233,50512754.16574016,16,
success,75,90,200,stacksats_mvrv_weight,365,6,-1.827698249851173,-923.2207238388582,50.0,49589533.44190131,50512754.16574016,16,
success,75,90,200,stacksats_momentum_weight,365,6,-1.6932231633921657,-855.2936540016526,50.0,49657460.511738524,50512754.16574016,16,
success,75,90,210,sma_90d_weight,375,6,-1.6317670950933172,-824.2505013019254,50.0,49688503.66443825,50512754.16574016,16,
success,75,90,210,stacksats_mvrv_weight,375,6,-1.8275316509901551,-923.1365701657487,50.0,49589617.59557442,50512754.16574016,16,
success,75,90,210,stacksats_momentum_weight,375,6,-1.6930540070000832,-855.2082084491631,50.0,49657545.957291014,50512754.16574016,16,
success,75,90,240,sma_90d_weight,405,6,-1.6330847882973343,-824.916104430733,50.0,49687838.06130944,50512754.16574016,16,
success,75,90,240,stacksats_mvrv_weight,405,6,-1.828952553039842,-923.8543069250445,50.0,49588899.85881513,50512754.16574016,16,
success,75,90,240,stacksats_momentum_weight,405,6,-1.694407014144883,-855.8916496220627,50.0,49656862.51611812,50512754.16574016,16,
success,75,90,270,sma_90d_weight,435,6,-1.7106141059757163,-864.0782980759905,50.0,49648675.86766419,50512754.16574016,14,
success,75,90,270,stacksats_mvrv_weight,435,6,-1.9037230909831115,-961.6229649447268,50.0,49551131.20079546,50512754.16574016,14,
success,75,90,270,stacksats_momentum_weight,435,6,-1.7711095383748265,-894.6362071252515,50.0,49618117.95861493,50512754.16574016,14,
success,75,90,300,sma_90d_weight,465,6,-1.6320818543661075,-824.4094948796046,50.0,49688344.67086057,50512754.16574016,14,
success,75,90,300,stacksats_mvrv_weight,465,6,-1.8270017858796117,-922.8689207050484,50.0,49589885.24503512,50512754.16574016,14,
success,75,90,300,stacksats_momentum_weight,465,6,-1.6932156950391297,-855.2898815308436,50.0,49657464.284209326,50512754.16574016,14,
success,75,90,340,sma_90d_weight,505,6,-1.6905042400858772,-853.9202509559909,50.0,49658833.91478417,50512754.16574016,12,
success,75,90,340,stacksats_mvrv_weight,505,6,-1.8860009882441409,-952.6710427551952,50.0,49560083.122984976,50512754.16574016,12,
success,75,90,340,stacksats_momentum_weight,505,6,-1.7512516264483802,-884.6054288913947,50.0,49628148.73684877,50512754.16574016,12,
success,75,120,60,sma_120d_weight,255,6,-0.6007913878833482,-303.4762768104556,66.66666666666666,50209277.88892973,50512754.16574016,24,
success,75,120,60,stacksats_mvrv_weight,255,6,-0.7938391257771849,-400.9900060752916,66.66666666666666,50111764.159664884,50512754.16574016,24,
success,75,120,60,stacksats_momentum_weight,255,6,-0.7004148339125216,-353.7988231946074,66.66666666666666,50158955.34254558,50512754.16574016,24,
success,75,120,90,sma_120d_weight,285,6,-0.6775246081263675,-342.2363397152658,66.66666666666666,50170517.82602491,50512754.16574016,34,
success,75,120,90,stacksats_mvrv_weight,285,6,-0.8526290086769306,-430.6863950987681,66.66666666666666,50082067.77064141,50512754.16574016,34,
success,75,120,90,stacksats_momentum_weight,285,6,-0.7785410794961423,-393.26254156518553,66.66666666666666,50119491.62417498,50512754.16574016,34,
success,75,120,120,sma_120d_weight,315,6,-0.8602144631411845,-434.51801706464903,66.66666666666666,50078236.14867553,50512754.16574016,25,
success,75,120,120,stacksats_mvrv_weight,315,6,-1.0456749211440464,-528.1992022902923,66.66666666666666,49984554.96344989,50512754.16574016,25,
success,75,120,120,stacksats_momentum_weight,315,6,-0.96346388521662,-486.67214381515805,66.66666666666666,50026082.02192502,50512754.16574016,25,
success,75,120,150,sma_120d_weight,345,6,-0.8709411046994742,-439.936339145228,66.66666666666666,50072817.82659495,50512754.16574016,15,
success,75,120,150,stacksats_mvrv_weight,345,6,-1.0773734880847208,-544.2110214830973,66.66666666666666,49968543.14425708,50512754.16574016,15,
success,75,120,150,stacksats_momentum_weight,345,6,-0.9652681490434412,-487.5835271665055,66.66666666666666,50025170.63857367,50512754.16574016,15,
success,75,120,180,sma_120d_weight,375,6,-0.8725423227352702,-440.7451584753071,66.66666666666666,50072009.007264875,50512754.16574016,14,
success,75,120,180,stacksats_mvrv_weight,375,6,-1.0761914244288406,-543.6139285745157,66.66666666666666,49969140.23716566,50512754.16574016,14,
success,75,120,180,stacksats_momentum_weight,375,6,-0.9667661945467865,-488.34023120890197,66.66666666666666,50024413.93453128,50512754.16574016,14,
success,75,120,200,sma_120d_weight,395,6,-0.8574876866131675,-433.1406471404043,66.66666666666666,50079613.51859977,50512754.16574016,47,
success,75,120,200,stacksats_mvrv_weight,395,6,-1.0708540534542066,-540.9178754951863,66.66666666666666,49971836.29024499,50512754.16574016,47,
success,75,120,200,stacksats_momentum_weight,395,6,-0.9617165512085912,-485.78951728322863,66.66666666666666,50026964.64845696,50512754.16574016,47,
success,75,120,210,sma_120d_weight,405,6,-0.8565078103421775,-432.6456846485089,66.66666666666666,50080108.48109167,50512754.16574016,46,
success,75,120,210,stacksats_mvrv_weight,405,6,-1.0702525976899024,-540.6140636235505,66.66666666666666,49972140.10211662,50512754.16574016,46,
success,75,120,210,stacksats_momentum_weight,405,6,-0.9594043922543816,-484.6215821147707,66.66666666666666,50028132.583625406,50512754.16574016,46,
success,75,120,240,sma_120d_weight,435,6,-0.8370435558458955,-422.81375362460676,66.66666666666666,50089940.41211557,50512754.16574016,49,
success,75,120,240,stacksats_mvrv_weight,435,6,-1.0412119925181984,-525.9448541249221,66.66666666666666,49986809.31161525,50512754.16574016,49,
success,75,120,240,stacksats_momentum_weight,435,6,-0.9384421378569763,-474.0329700834118,66.66666666666666,50038721.19565678,50512754.16574016,49,
success,75,120,270,sma_120d_weight,465,6,-0.8431835568657675,-425.9152372455501,66.66666666666666,50086838.928494625,50512754.16574016,53,
success,75,120,270,stacksats_mvrv_weight,465,6,-1.0348830614120286,-522.7479367139458,66.66666666666666,49990006.22902622,50512754.16574016,53,
success,75,120,270,stacksats_momentum_weight,465,6,-0.9423495487628331,-476.0067109485317,66.66666666666666,50036747.45479164,50512754.16574016,53,
success,75,120,300,sma_120d_weight,495,6,-0.8206402301446647,-414.5279820381402,66.66666666666666,50098226.18370204,50512754.16574016,53,
success,75,120,300,stacksats_mvrv_weight,495,6,-1.012319809677431,-511.35061683344975,66.66666666666666,50001403.54890672,50512754.16574016,53,
success,75,120,300,stacksats_momentum_weight,495,6,-0.9201361248089013,-464.7860987148888,66.66666666666666,50047968.06702529,50512754.16574016,53,
success,75,120,340,sma_120d_weight,535,6,-0.8294403851593635,-418.97318270691903,66.66666666666666,50093780.983033255,50512754.16574016,50,
success,75,120,340,stacksats_mvrv_weight,535,6,-1.0307206965262439,-520.6454115717061,66.66666666666666,49992108.75416847,50512754.16574016,50,
success,75,120,340,stacksats_momentum_weight,535,6,-0.9299220318808477,-469.72922989702784,66.66666666666666,50043024.93584314,50512754.16574016,50,
success,75,150,60,sma_150d_weight,285,6,0.37325002238273175,188.5388662297628,66.66666666666666,50701293.031969935,50512754.16574016,66,
success,75,150,60,stacksats_mvrv_weight,285,6,0.10800798823713542,54.55780957758543,66.66666666666666,50567311.97531776,50512754.16574016,66,
success,75,150,60,stacksats_momentum_weight,285,6,0.20066477065476818,101.36130229808623,66.66666666666666,50614115.46803826,50512754.16574016,66,
success,75,150,90,sma_150d_weight,315,6,0.09266665392468898,46.808479090599576,66.66666666666666,50559562.64483077,50512754.16574016,77,
success,75,150,90,stacksats_mvrv_weight,315,6,-0.17946325716249323,-90.65183390831953,66.66666666666666,50422102.331831865,50512754.16574016,77,
success,75,150,90,stacksats_momentum_weight,315,6,-0.08439067170566972,-42.62805253750412,66.66666666666666,50470126.11320266,50512754.16574016,77,
success,75,150,120,sma_150d_weight,345,6,-0.30573486679031925,-154.43510166074702,66.66666666666666,50358319.064079426,50512754.16574016,37,
success,75,150,120,stacksats_mvrv_weight,345,6,-0.5886130523523048,-297.32466412217764,66.66666666666666,50215429.501618,50512754.16574016,37,
success,75,150,120,stacksats_momentum_weight,345,6,-0.45936125453953647,-232.03602123821474,66.66666666666666,50280718.14450197,50512754.16574016,37,
success,75,150,150,sma_150d_weight,375,6,-0.4248649169225738,-214.6109710215751,66.66666666666666,50298143.194718584,50512754.16574016,36,
success,75,150,150,stacksats_mvrv_weight,375,6,-0.7084018891299837,-357.83330476169067,66.66666666666666,50154920.86097848,50512754.16574016,36,
success,75,150,150,stacksats_momentum_weight,375,6,-0.5781624257384155,-292.04576479192474,66.66666666666666,50220708.40094825,50512754.16574016,36,
success,75,150,180,sma_150d_weight,405,6,-0.45102459548672647,-227.8249451452357,66.66666666666666,50284929.22059493,50512754.16574016,69,
success,75,150,180,stacksats_mvrv_weight,405,6,-0.7097285262552933,-358.50342571146757,66.66666666666666,50154250.7400287,50512754.16574016,69,
success,75,150,180,stacksats_momentum_weight,405,6,-0.6012742209609678,-303.7201690959846,66.66666666666666,50209033.99664419,50512754.16574016,69,
success,75,150,200,sma_150d_weight,425,6,-0.4435357332737144,-224.04211458576174,66.66666666666666,50288712.05115441,50512754.16574016,64,
success,75,150,200,stacksats_mvrv_weight,425,6,-0.7107415166247022,-359.01511504648806,66.66666666666666,50153739.05069368,50512754.16574016,64,
success,75,150,200,stacksats_momentum_weight,425,6,-0.5852242824193943,-295.6129030967277,66.66666666666666,50217141.26264346,50512754.16574016,64,
success,75,150,210,sma_150d_weight,435,6,-0.41500359015325117,-209.62974327310803,66.66666666666666,50303124.42246706,50512754.16574016,63,
success,75,150,210,stacksats_mvrv_weight,435,6,-0.6823389919674905,-344.66821758952574,66.66666666666666,50168085.94815065,50512754.16574016,63,
success,75,150,210,stacksats_momentum_weight,435,6,-0.5549507986800206,-280.32093267804885,66.66666666666666,50232433.23306212,50512754.16574016,63,
success,75,150,240,sma_150d_weight,465,6,-0.319630651882008,-161.45424542351248,66.66666666666666,50351299.92031667,50512754.16574016,65,
success,75,150,240,stacksats_mvrv_weight,465,6,-0.5767866518165299,-291.3508234928886,66.66666666666666,50221403.34224729,50512754.16574016,65,
success,75,150,240,stacksats_momentum_weight,465,6,-0.4627826612454644,-233.76426799659384,66.66666666666666,50278989.89774359,50512754.16574016,65,
success,75,150,270,sma_150d_weight,495,6,-0.2653391388263593,-134.0301069008492,66.66666666666666,50378724.05883932,50512754.16574016,62,
success,75,150,270,stacksats_mvrv_weight,495,6,-0.5168364007697601,-261.0683005598912,66.66666666666666,50251685.86518029,50512754.16574016,62,
success,75,150,270,stacksats_momentum_weight,495,6,-0.4245717592430531,-214.46288900360378,66.66666666666666,50298291.276736565,50512754.16574016,62,
success,75,150,300,sma_150d_weight,525,6,2.211869017181134,1117.2759591168797,66.66666666666666,51630030.12485704,50512754.16574016,62,
success,75,150,300,stacksats_mvrv_weight,525,6,1.9633874667223106,991.7610843863949,66.66666666666666,51504515.25012657,50512754.16574016,62,
success,75,150,300,stacksats_momentum_weight,525,6,2.049992774099585,1035.5078103963606,66.66666666666666,51548261.97613655,50512754.16574016,62,
success,75,150,340,sma_150d_weight,565,6,2.2472755209823614,1135.1607593406807,66.66666666666666,51647914.92508086,50512754.16574016,62,
success,75,150,340,stacksats_mvrv_weight,565,6,2.0010731931682457,1010.797182741604,66.66666666666666,51523551.348481774,50512754.16574016,62,
success,75,150,340,stacksats_momentum_weight,565,6,2.086146408904277,1053.7700070672363,66.66666666666666,51566524.17280741,50512754.16574016,62,
success,75,180,60,sma_180d_weight,315,6,2.044849666223736,1032.909884958557,83.33333333333334,51545664.05069872,50512754.16574016,49,
success,75,180,60,stacksats_mvrv_weight,315,6,1.9055641533859635,962.5529362703164,83.33333333333334,51475307.10201049,50512754.16574016,49,
success,75,180,60,stacksats_momentum_weight,315,6,1.9940737215311977,1007.2615568406836,83.33333333333334,51520015.72258086,50512754.16574016,49,
success,75,180,90,sma_180d_weight,345,6,1.5126978121666967,764.1053271302953,83.33333333333334,51276859.492870465,50512754.16574016,71,
success,75,180,90,stacksats_mvrv_weight,345,6,1.3814232925900116,697.7949517742672,83.33333333333334,51210549.11751444,50512754.16574016,71,
success,75,180,90,stacksats_momentum_weight,345,6,1.455002827716223,734.9620014688626,83.33333333333334,51247716.16720903,50512754.16574016,71,
success,75,180,120,sma_180d_weight,375,6,0.7924660518879856,400.2964286371207,83.33333333333334,50913050.594377294,50512754.16574016,39,
success,75,180,120,stacksats_mvrv_weight,375,6,0.6364338174073447,321.4802496146076,83.33333333333334,50834234.41535479,50512754.16574016,39,
success,75,180,120,stacksats_momentum_weight,375,6,0.7630036143337238,385.4141399841101,83.33333333333334,50898168.30572428,50512754.16574016,39,
success,75,180,150,sma_180d_weight,405,6,0.5250732875637487,265.22897893704794,83.33333333333334,50777983.14467722,50512754.16574016,41,
success,75,180,150,stacksats_mvrv_weight,405,6,0.36152155965880617,182.61449668660498,83.33333333333334,50695368.66242677,50512754.16574016,41,
success,75,180,150,stacksats_momentum_weight,405,6,0.4948441399529102,249.95940391797922,83.33333333333334,50762713.56965814,50512754.16574016,41,
success,75,180,180,sma_180d_weight,435,6,0.43315310015961117,218.79756064491085,83.33333333333334,50731551.72638509,50512754.16574016,41,
success,75,180,180,stacksats_mvrv_weight,435,6,0.26861197623506694,135.68330721535312,83.33333333333334,50648437.472955525,50512754.16574016,41,
success,75,180,180,stacksats_momentum_weight,435,6,0.4020258992567305,203.07435417416127,83.33333333333334,50715828.51991433,50512754.16574016,41,
success,75,180,200,sma_180d_weight,455,6,0.42072418320886484,212.51937238011305,83.33333333333334,50725273.538120285,50512754.16574016,41,
success,75,180,200,stacksats_mvrv_weight,455,6,0.2565908075852219,129.6110838474051,83.33333333333334,50642365.24958758,50512754.16574016,41,
success,75,180,200,stacksats_momentum_weight,455,6,0.389339395501187,196.66605171989795,83.33333333333334,50709420.217460066,50512754.16574016,41,
success,75,180,210,sma_180d_weight,465,6,0.43262667622312456,218.5316494159997,83.33333333333334,50731285.81515617,50512754.16574016,40,
success,75,180,210,stacksats_mvrv_weight,465,6,0.2687932854367414,135.77489148668246,83.33333333333334,50648529.05722685,50512754.16574016,40,
success,75,180,210,stacksats_momentum_weight,465,6,0.4038202031400262,203.98070648371504,83.33333333333334,50716734.87222387,50512754.16574016,40,
success,75,180,240,sma_180d_weight,495,6,0.5100085494256668,257.6193647956461,83.33333333333334,50770373.53053582,50512754.16574016,39,
success,75,180,240,stacksats_mvrv_weight,495,6,0.349588074945939,176.58656489018176,83.33333333333334,50689340.73063035,50512754.16574016,39,
success,75,180,240,stacksats_momentum_weight,495,6,0.47764433620942626,241.27130933605076,83.33333333333334,50754025.47507621,50512754.16574016,39,
success,75,180,270,sma_180d_weight,525,6,0.6678384802638382,337.34360975988966,83.33333333333334,50850097.77550007,50512754.16574016,30,
success,75,180,270,stacksats_mvrv_weight,525,6,0.5215704450803216,263.4595967245841,83.33333333333334,50776213.76246476,50512754.16574016,30,
success,75,180,270,stacksats_momentum_weight,525,6,0.5896585654992181,297.85278160784947,83.33333333333334,50810606.94734802,50512754.16574016,30,
success,75,180,300,sma_180d_weight,555,6,0.7204132133051377,363.9005554143296,83.33333333333334,50876654.721154496,50512754.16574016,49,
success,75,180,300,stacksats_mvrv_weight,555,6,0.5960535093661123,301.08304388236866,83.33333333333334,50813837.20962254,50512754.16574016,49,
success,75,180,300,stacksats_momentum_weight,555,6,0.6491090719348724,327.88286977398093,83.33333333333334,50840637.03551414,50512754.16574016,49,
success,75,180,340,sma_180d_weight,595,6,4.056606319822853,2049.1035778040023,83.33333333333334,52561857.74354417,50512754.16574016,49,
success,75,180,340,stacksats_mvrv_weight,595,6,3.9247405936377655,1982.4945677072537,83.33333333333334,52495248.73344743,50512754.16574016,49,
success,75,180,340,stacksats_momentum_weight,595,6,3.9819911990977674,2011.41342530166,83.33333333333334,52524167.59104183,50512754.16574016,49,
success,75,200,60,sma_200d_weight,335,6,4.129326671798839,2085.8366304260926,83.33333333333334,52598590.796166256,50512754.16574016,31,
success,75,200,60,stacksats_mvrv_weight,335,6,3.9411503224930033,1990.7835737031637,83.33333333333334,52503537.73944334,50512754.16574016,31,
success,75,200,60,stacksats_momentum_weight,335,6,4.066101981671477,2053.900098129998,83.33333333333334,52566654.26387018,50512754.16574016,31,
success,75,200,90,sma_200d_weight,365,6,3.5290501651054518,1782.620434285367,83.33333333333334,52295374.60002555,50512754.16574016,48,
success,75,200,90,stacksats_mvrv_weight,365,6,3.340507611319654,1687.3823975937412,83.33333333333334,52200136.56333392,50512754.16574016,48,
success,75,200,90,stacksats_momentum_weight,365,6,3.4504952082915707,1742.940162064966,83.33333333333334,52255694.32780515,50512754.16574016,48,
success,75,200,120,sma_200d_weight,395,6,2.675814064122428,1351.6273801424613,83.33333333333334,51864381.545882635,50512754.16574016,45,
success,75,200,120,stacksats_mvrv_weight,395,6,2.4969299109647958,1261.2680676164819,83.33333333333334,51774022.233356655,50512754.16574016,45,
success,75,200,120,stacksats_momentum_weight,395,6,2.6376196399380047,1332.3343245491633,83.33333333333334,51845088.49028934,50512754.16574016,45,
success,75,200,150,sma_200d_weight,425,6,1.985939383981461,1003.152678911174,83.33333333333334,51515906.84465135,50512754.16574016,53,
success,75,200,150,stacksats_mvrv_weight,425,6,1.8079885867582135,913.2648301738154,83.33333333333334,51426018.99591399,50512754.16574016,53,
success,75,200,150,stacksats_momentum_weight,425,6,1.9491831337089316,984.5860845704665,83.33333333333334,51497340.250310645,50512754.16574016,53,
success,75,200,180,sma_200d_weight,455,6,1.8472196385561412,933.081514925143,83.33333333333334,51445835.680665314,50512754.16574016,53,
success,75,200,180,stacksats_mvrv_weight,455,6,1.6735577393132806,845.360106681037,83.33333333333334,51358114.27242121,50512754.16574016,53,
success,75,200,180,stacksats_momentum_weight,455,6,1.8109059699385366,914.7384807677663,83.33333333333334,51427492.64650794,50512754.16574016,53,
success,75,200,200,sma_200d_weight,475,6,1.8118488785805686,915.214769892118,83.33333333333334,51427968.93563229,50512754.16574016,53,
success,75,200,200,stacksats_mvrv_weight,475,6,1.6402722425392646,828.5466855227278,83.33333333333334,51341300.851262905,50512754.16574016,53,
success,75,200,200,stacksats_momentum_weight,475,6,1.7757920653481696,897.001480464045,83.33333333333334,51409755.646204226,50512754.16574016,53,
success,75,200,210,sma_200d_weight,485,6,1.725868090288163,871.7835056722179,83.33333333333334,51384537.67141239,50512754.16574016,53,
success,75,200,210,stacksats_mvrv_weight,485,6,1.554217052311202,785.0778388359759,83.33333333333334,51297832.004576154,50512754.16574016,53,
success,75,200,210,stacksats_momentum_weight,485,6,1.6894880783212551,853.4069596619083,83.33333333333334,51366161.125402085,50512754.16574016,53,
success,75,200,240,sma_200d_weight,515,6,1.8269738471404784,922.8548080784385,83.33333333333334,51435608.973818615,50512754.16574016,51,
success,75,200,240,stacksats_mvrv_weight,515,6,1.656494265663766,836.740876184318,83.33333333333334,51349495.041924484,50512754.16574016,51,
success,75,200,240,stacksats_momentum_weight,515,6,1.7866914695073621,902.5070696925031,83.33333333333334,51415261.23543268,50512754.16574016,51,
success,75,200,270,sma_200d_weight,545,6,2.0012578513600054,1010.8904586800563,83.33333333333334,51523644.624420226,50512754.16574016,36,
success,75,200,270,stacksats_mvrv_weight,545,6,1.842050547076246,930.4704644532976,83.33333333333334,51443224.63019347,50512754.16574016,36,
success,75,200,270,stacksats_momentum_weight,545,6,1.9184665228318298,969.0702784300665,83.33333333333334,51481824.44417024,50512754.16574016,36,
success,75,200,300,sma_200d_weight,575,6,2.0682081606921088,1044.7089038461781,83.33333333333334,51557463.06958636,50512754.16574016,28,
success,75,200,300,stacksats_mvrv_weight,575,6,1.9038872912364058,961.7059070150135,83.33333333333334,51474460.07275519,50512754.16574016,28,
success,75,200,300,stacksats_momentum_weight,575,6,1.985342626013864,1002.8512400260297,83.33333333333334,51515605.40576621,50512754.16574016,28,
success,75,200,340,sma_200d_weight,615,6,7.395841941745651,3735.843458520685,83.33333333333334,54248597.62426087,50512754.16574016,28,
success,75,200,340,stacksats_mvrv_weight,615,6,7.215401246348252,3644.697893639641,83.33333333333334,54157452.05937982,50512754.16574016,28,
success,75,200,340,stacksats_momentum_weight,615,6,7.305392856933746,3690.1551346644846,83.33333333333334,54202909.30040467,50512754.16574016,28,
success,75,210,60,sma_210d_weight,345,6,3.798448029977375,1918.7007154958774,83.33333333333334,52431454.88123605,50512754.16574016,39,
success,75,210,60,stacksats_mvrv_weight,345,6,3.585329677227378,1811.048765889187,83.33333333333334,52323802.93162937,50512754.16574016,39,
success,75,210,60,stacksats_momentum_weight,345,6,3.711212874365555,1874.635835795576,83.33333333333334,52387390.00153576,50512754.16574016,39,
success,75,210,90,sma_210d_weight,375,6,3.2748730758721534,1654.2285860553166,83.33333333333334,52166982.75179549,50512754.16574016,59,
success,75,210,90,stacksats_mvrv_weight,375,6,3.0477396824522662,1539.4972534088229,83.33333333333334,52052251.419149,50512754.16574016,59,
success,75,210,90,stacksats_momentum_weight,375,6,3.1637518939420017,1598.0982166008762,83.33333333333334,52110852.38234105,50512754.16574016,59,
success,75,210,120,sma_210d_weight,405,6,2.4923269001551063,1258.9429600819567,83.33333333333334,51771697.12582213,50512754.16574016,56,
success,75,210,120,stacksats_mvrv_weight,405,6,2.2901548083462675,1156.8202683548298,83.33333333333334,51669574.434094995,50512754.16574016,56,
success,75,210,120,stacksats_momentum_weight,405,6,2.421368403086843,1223.0998688981708,83.33333333333334,51735854.03463834,50512754.16574016,56,
success,75,210,150,sma_210d_weight,435,6,1.8293228972817044,924.0413780015006,83.33333333333334,51436795.54374167,50512754.16574016,60,
success,75,210,150,stacksats_mvrv_weight,435,6,1.6342715451674428,825.5155680110693,83.33333333333334,51338269.733751245,50512754.16574016,60,
success,75,210,150,stacksats_momentum_weight,435,6,1.763831029479701,890.9596318201293,83.33333333333334,51403713.797560304,50512754.16574016,60,
success,75,210,180,sma_210d_weight,465,6,1.679947968320361,848.5879873500162,83.33333333333334,51361342.15309019,50512754.16574016,60,
success,75,210,180,stacksats_mvrv_weight,465,6,1.4897685032378316,752.5231016791513,83.33333333333334,51265277.267419316,50512754.16574016,60,
success,75,210,180,stacksats_momentum_weight,465,6,1.6154810596108682,816.0239762353376,83.33333333333334,51328778.14197552,50512754.16574016,60,
success,75,210,200,sma_210d_weight,485,6,1.6371408473199622,826.9649315536444,83.33333333333334,51339719.097293824,50512754.16574016,60,
success,75,210,200,stacksats_mvrv_weight,485,6,1.4485877397469427,731.7215638534253,83.33333333333334,51244475.7295936,50512754.16574016,60,
success,75,210,200,stacksats_momentum_weight,485,6,1.572880227700213,794.5051227397416,83.33333333333334,51307259.28847991,50512754.16574016,60,
success,75,210,210,sma_210d_weight,495,6,1.5541000855303633,785.0187556935125,83.33333333333334,51297772.92143369,50512754.16574016,60,
success,75,210,210,stacksats_mvrv_weight,495,6,1.3653927241505492,689.6974701470681,83.33333333333334,51202451.63588724,50512754.16574016,60,
success,75,210,210,stacksats_momentum_weight,495,6,1.489519949714424,752.397550448899,83.33333333333334,51265151.716189064,50512754.16574016,60,
success,75,210,240,sma_210d_weight,525,6,1.636571935910447,826.6775587319426,83.33333333333334,51339431.72447211,50512754.16574016,60,
success,75,210,240,stacksats_mvrv_weight,525,6,1.446287221715914,730.559508835875,83.33333333333334,51243313.67457604,50512754.16574016,60,
success,75,210,240,stacksats_momentum_weight,525,6,1.5713197487682073,793.7168818530117,83.33333333333334,51306471.04759318,50512754.16574016,60,
success,75,210,270,sma_210d_weight,555,6,1.7908374884851863,904.6013380664372,83.33333333333334,51417355.50380661,50512754.16574016,46,
success,75,210,270,stacksats_mvrv_weight,555,6,1.6167809529108013,816.6805881423425,83.33333333333334,51329434.753882505,50512754.16574016,46,
success,75,210,270,stacksats_momentum_weight,555,6,1.688434853451115,852.874946772441,83.33333333333334,51365629.1125126,50512754.16574016,46,
success,75,210,300,sma_210d_weight,585,6,1.8470407970177405,932.9911771385014,83.33333333333334,51445745.34287867,50512754.16574016,37,
success,75,210,300,stacksats_mvrv_weight,585,6,1.6688918527872243,843.0032388904729,83.33333333333334,51355757.404630646,50512754.16574016,37,
success,75,210,300,stacksats_momentum_weight,585,6,1.7451109766454698,881.5036175522691,83.33333333333334,51394257.78329244,50512754.16574016,37,
success,75,210,340,sma_210d_weight,625,6,7.450543662174414,3763.4748040852937,83.33333333333334,54276228.96982546,50512754.16574016,36,
success,75,210,340,stacksats_mvrv_weight,625,6,7.263147380931145,3668.8157812251447,83.33333333333334,54181569.946965314,50512754.16574016,36,
success,75,210,340,stacksats_momentum_weight,625,6,7.347888689554183,3711.6209501267367,83.33333333333334,54224375.11586692,50512754.16574016,36,
success,75,240,60,sma_240d_weight,375,6,4.954653529581776,2502.7319571618063,83.33333333333334,53015486.12290198,50512754.16574016,39,
success,75,240,60,stacksats_mvrv_weight,375,6,4.740594118464814,2394.6046530556705,83.33333333333334,52907358.818795845,50512754.16574016,39,
success,75,240,60,stacksats_momentum_weight,375,6,4.846225022923933,2447.961732148149,83.33333333333334,52960715.897888325,50512754.16574016,39,
success,75,240,90,sma_240d_weight,405,6,4.416194679655727,2230.7415620149914,83.33333333333334,52743495.72775517,50512754.16574016,49,
success,75,240,90,stacksats_mvrv_weight,405,6,4.162559159152335,2102.6232750661147,83.33333333333334,52615377.44080629,50512754.16574016,49,
success,75,240,90,stacksats_momentum_weight,405,6,4.2648691709786135,2154.3028798268715,83.33333333333334,52667057.04556704,50512754.16574016,49,
success,75,240,120,sma_240d_weight,435,6,3.596808060010215,1816.846813166485,83.33333333333334,52329600.978906654,50512754.16574016,39,
success,75,240,120,stacksats_mvrv_weight,435,6,3.3559299378739915,1695.172639492761,83.33333333333334,52207926.805232935,50512754.16574016,39,
success,75,240,120,stacksats_momentum_weight,435,6,3.4715568140545994,1753.5789592073997,83.33333333333334,52266333.12494756,50512754.16574016,39,
success,75,240,150,sma_240d_weight,465,6,2.8441571063272386,1436.6620872065105,83.33333333333334,51949416.25294669,50512754.16574016,54,
success,75,240,150,stacksats_mvrv_weight,465,6,2.5899207201079077,1308.24028643567,83.33333333333334,51820994.45217584,50512754.16574016,54,
success,75,240,150,stacksats_momentum_weight,465,6,2.7116147569298477,1369.711296089903,83.33333333333334,51882465.46183008,50512754.16574016,54,
success,75,240,180,sma_240d_weight,495,6,2.6503667026577693,1338.7732170041563,83.33333333333334,51851527.38274433,50512754.16574016,58,
success,75,240,180,stacksats_mvrv_weight,495,6,2.4059670184710225,1215.3202053490531,83.33333333333334,51728074.371089235,50512754.16574016,58,
success,75,240,180,stacksats_momentum_weight,495,6,2.51979622052545,1272.8184703516308,83.33333333333334,51785572.6360918,50512754.16574016,58,
success,75,240,200,sma_240d_weight,515,6,2.589469120675303,1308.0121711244647,83.33333333333334,51820766.336864635,50512754.16574016,58,
success,75,240,200,stacksats_mvrv_weight,515,6,2.346252796191317,1185.1569070469195,83.33333333333334,51697911.072787106,50512754.16574016,58,
success,75,240,200,stacksats_momentum_weight,515,6,2.459220146042229,1242.2198267646672,83.33333333333334,51754973.99250485,50512754.16574016,58,
success,75,240,210,sma_240d_weight,525,6,2.4925243935685737,1259.0427194443982,83.33333333333334,51771796.88518457,50512754.16574016,58,
success,75,240,210,stacksats_mvrv_weight,525,6,2.2493728382512845,1136.2201720568046,83.33333333333334,51648974.33779698,50512754.16574016,58,
success,75,240,210,stacksats_momentum_weight,525,6,2.3621723372414527,1193.1983056818935,83.33333333333334,51705952.47142206,50512754.16574016,58,
success,75,240,240,sma_240d_weight,555,6,2.554869269036697,1290.5348331245477,83.33333333333334,51803288.99886471,50512754.16574016,58,
success,75,240,240,stacksats_mvrv_weight,555,6,2.3109057509818065,1167.3021409953872,83.33333333333334,51680056.30673557,50512754.16574016,58,
success,75,240,240,stacksats_momentum_weight,555,6,2.424175052763955,1224.5175849498555,83.33333333333334,51737271.75069004,50512754.16574016,58,
success,75,240,270,sma_240d_weight,585,6,2.6389435093890246,1333.0030474704326,83.33333333333334,51845757.213210605,50512754.16574016,54,
success,75,240,270,stacksats_mvrv_weight,585,6,2.4071169515472945,1215.9010682169464,83.33333333333334,51728655.23395713,50512754.16574016,54,
success,75,240,270,stacksats_momentum_weight,585,6,2.5025482095011986,1264.1060249444708,83.33333333333334,51776860.19068463,50512754.16574016,54,
success,75,240,300,sma_240d_weight,615,6,2.6856781030468513,1356.6099778751668,83.33333333333334,51869364.143615335,50512754.16574016,43,
success,75,240,300,stacksats_mvrv_weight,615,6,2.446295630172224,1235.691297836136,83.33333333333334,51748445.46357632,50512754.16574016,43,
success,75,240,300,stacksats_momentum_weight,615,6,2.54749849774607,1286.8116535423978,83.33333333333334,51799565.81928256,50512754.16574016,43,
success,75,240,340,sma_240d_weight,655,6,6.4339177784351165,3249.949070646784,83.33333333333334,53762703.23638695,50512754.16574016,32,
success,75,240,340,stacksats_mvrv_weight,655,6,6.170488698975052,3116.883787338047,83.33333333333334,53629637.95307822,50512754.16574016,32,
success,75,240,340,stacksats_momentum_weight,655,6,6.292828212962331,3178.680845286006,83.33333333333334,53691435.01102618,50512754.16574016,32,
success,75,270,60,sma_270d_weight,405,6,5.7355477133853805,2897.1831165210897,83.33333333333334,53409937.28226127,50512754.16574016,55,
success,75,270,60,stacksats_mvrv_weight,405,6,5.466065899417005,2761.060430309866,83.33333333333334,53273814.59605004,50512754.16574016,55,
success,75,270,60,stacksats_momentum_weight,405,6,5.559617487682789,2808.315914108709,83.33333333333334,53321070.07984888,50512754.16574016,55,
success,75,270,90,sma_270d_weight,435,6,5.236551186207938,2645.1262274523688,83.33333333333334,53157880.393192545,50512754.16574016,62,
success,75,270,90,stacksats_mvrv_weight,435,6,4.949392075372838,2500.074251731705,83.33333333333334,53012828.41747189,50512754.16574016,62,
success,75,270,90,stacksats_momentum_weight,435,6,5.0305678156113975,2541.078353840632,83.33333333333334,53053832.5195808,50512754.16574016,62,
success,75,270,120,sma_270d_weight,465,6,4.425215273199301,2235.2981122559504,83.33333333333334,52748052.27799612,50512754.16574016,50,
success,75,270,120,stacksats_mvrv_weight,465,6,4.148871008917543,2095.7090133881793,83.33333333333334,52608463.179128364,50512754.16574016,50,
success,75,270,120,stacksats_momentum_weight,465,6,4.242651166909983,2143.0799540511507,83.33333333333334,52655834.119791314,50512754.16574016,50,
success,75,270,150,sma_270d_weight,495,6,3.4909228653133395,1763.3612850713398,83.33333333333334,52276115.45081152,50512754.16574016,21,
success,75,270,150,stacksats_mvrv_weight,495,6,3.2845973240348325,1659.1405716241934,83.33333333333334,52171894.73736437,50512754.16574016,21,
success,75,270,150,stacksats_momentum_weight,495,6,3.3763216945838614,1705.4730774296986,83.33333333333334,52218227.243169874,50512754.16574016,21,
success,75,270,180,sma_270d_weight,525,6,3.2536468613146408,1643.506640477186,83.33333333333334,52156260.80621735,50512754.16574016,25,
success,75,270,180,stacksats_mvrv_weight,525,6,3.0415312598797595,1536.3612081772008,83.33333333333334,52049115.37391737,50512754.16574016,25,
success,75,270,180,stacksats_momentum_weight,525,6,3.133504956418154,1582.8196554067836,83.33333333333334,52095573.82114694,50512754.16574016,25,
success,75,270,200,sma_270d_weight,545,6,3.1782973967149575,1605.4455506587474,83.33333333333334,52118199.71639892,50512754.16574016,26,
success,75,270,200,stacksats_mvrv_weight,545,6,2.964196455649626,1497.2972686318753,83.33333333333334,52010051.434372045,50512754.16574016,26,
success,75,270,200,stacksats_momentum_weight,545,6,3.0563598210927134,1543.8515228490214,83.33333333333334,52056605.6885892,50512754.16574016,26,
success,75,270,210,sma_270d_weight,555,6,3.0718975205200616,1551.7000427637686,83.33333333333334,52064454.20850395,50512754.16574016,27,
success,75,270,210,stacksats_mvrv_weight,555,6,2.854825058514221,1442.0507636692419,83.33333333333334,51954804.92940941,50512754.16574016,27,
success,75,270,210,stacksats_momentum_weight,555,6,2.9479695133197037,1489.1005931441468,83.33333333333334,52001854.75888431,50512754.16574016,27,
success,75,270,240,sma_270d_weight,585,6,3.1101340699764,1571.014376992105,83.33333333333334,52083768.54273227,50512754.16574016,27,
success,75,270,240,stacksats_mvrv_weight,585,6,2.8925509703591867,1461.1071607762715,83.33333333333334,51973861.32651644,50512754.16574016,27,
success,75,270,240,stacksats_momentum_weight,585,6,2.986026751163373,1508.324352138392,83.33333333333334,52021078.51787856,50512754.16574016,27,
success,75,270,270,sma_270d_weight,615,6,3.153154001271541,1592.744929129498,83.33333333333334,52105499.09486967,50512754.16574016,27,
success,75,270,270,stacksats_mvrv_weight,615,6,2.934217425670216,1482.1540349171046,83.33333333333334,51994908.200657286,50512754.16574016,27,
success,75,270,270,stacksats_momentum_weight,615,6,3.0284855951427714,1529.7714836193263,83.33333333333334,52042525.6493595,50512754.16574016,27,
success,75,270,300,sma_270d_weight,645,6,3.172273262979064,1602.402594794119,83.33333333333334,52115156.76053428,50512754.16574016,27,
success,75,270,300,stacksats_mvrv_weight,645,6,2.952312376839261,1491.294293117542,83.33333333333334,52004048.45885771,50512754.16574016,27,
success,75,270,300,stacksats_momentum_weight,645,6,3.047101946034503,1539.1751151798962,83.33333333333334,52051929.28092006,50512754.16574016,27,
success,75,270,340,sma_270d_weight,685,6,6.91282407351963,3491.8578301670714,83.33333333333334,54004611.99590724,50512754.16574016,16,
success,75,270,340,stacksats_mvrv_weight,685,6,6.662341976744868,3365.332424394044,83.33333333333334,53878086.59013422,50512754.16574016,16,
success,75,270,340,stacksats_momentum_weight,685,6,6.776649733983442,3423.072420800345,83.33333333333334,53935826.58654052,50512754.16574016,16,
success,75,300,60,sma_300d_weight,435,6,6.633488533177134,3350.757755376333,83.33333333333334,53863511.92111652,50512754.16574016,77,
success,75,300,60,stacksats_mvrv_weight,435,6,6.342891109170745,3203.9689929760134,83.33333333333334,53716723.15871618,50512754.16574016,77,
success,75,300,60,stacksats_momentum_weight,435,6,6.415121632949972,3240.454619885233,83.33333333333334,53753208.7856254,50512754.16574016,77,
success,75,300,90,sma_300d_weight,465,6,6.056301611199921,3059.204744401177,83.33333333333334,53571958.91014135,50512754.16574016,85,
success,75,300,90,stacksats_mvrv_weight,465,6,5.723686385938587,2891.1916333471017,83.33333333333334,53403945.79908726,50512754.16574016,85,
success,75,300,90,stacksats_momentum_weight,465,6,5.797863118055702,2928.6603436895894,83.33333333333334,53441414.50942977,50512754.16574016,85,
success,75,300,120,sma_300d_weight,495,6,5.260306465918796,2657.1256734940907,83.33333333333334,53169879.83923426,50512754.16574016,80,
success,75,300,120,stacksats_mvrv_weight,495,6,4.969413472682427,2510.187610935245,83.33333333333334,53022941.77667542,50512754.16574016,80,
success,75,300,120,stacksats_momentum_weight,495,6,5.030401505553472,2540.99434604992,83.33333333333334,53053748.5117901,50512754.16574016,80,
success,75,300,150,sma_300d_weight,525,6,4.345312049896233,2194.9367934983675,83.33333333333334,52707690.95923854,50512754.16574016,81,
success,75,300,150,stacksats_mvrv_weight,525,6,4.040793806510279,2041.116241826996,83.33333333333334,52553870.40756717,50512754.16574016,81,
success,75,300,150,stacksats_momentum_weight,525,6,4.109295511086342,2075.718339458843,83.33333333333334,52588472.50519902,50512754.16574016,81,
success,75,300,180,sma_300d_weight,555,6,4.055996845872434,2048.7957157257188,83.33333333333334,52561549.8814659,50512754.16574016,84,
success,75,300,180,stacksats_mvrv_weight,555,6,3.7380180396770157,1888.1758630530676,83.33333333333334,52400930.02879324,50512754.16574016,84,
success,75,300,180,stacksats_momentum_weight,555,6,3.8131716969537655,1926.1380451998411,83.33333333333334,52438892.21094,50512754.16574016,84,
success,75,300,200,sma_300d_weight,575,6,3.2916417493215056,1662.6989048516407,83.33333333333334,52175453.07059182,50512754.16574016,85,
success,75,300,200,stacksats_mvrv_weight,575,6,2.937139548336898,1483.6300795561474,83.33333333333334,51996384.24529633,50512754.16574016,85,
success,75,300,200,stacksats_momentum_weight,575,6,3.0325261923207725,1531.8125005386682,83.33333333333334,52044566.66627884,50512754.16574016,85,
success,75,300,210,sma_300d_weight,585,6,3.222785711205778,1627.9178235899744,83.33333333333334,52140671.98933015,50512754.16574016,85,
success,75,300,210,stacksats_mvrv_weight,585,6,2.8675788745896824,1448.4930674301795,83.33333333333334,51961247.23317036,50512754.16574016,85,
success,75,300,210,stacksats_momentum_weight,585,6,2.9630881337071813,1496.7374246937252,83.33333333333334,52009491.590433896,50512754.16574016,85,
success,75,300,240,sma_300d_weight,615,6,3.352441615469459,1693.410591772059,83.33333333333334,52206164.75751224,50512754.16574016,85,
success,75,300,240,stacksats_mvrv_weight,615,6,2.9982410710632346,1514.494141522424,83.33333333333334,52027248.30726259,50512754.16574016,85,
success,75,300,240,stacksats_momentum_weight,615,6,3.093679008150585,1562.7024720642148,83.33333333333334,52075456.63780439,50512754.16574016,85,
success,75,300,270,sma_300d_weight,645,6,3.5078701932989453,1771.9218471943677,83.33333333333334,52284676.012934536,50512754.16574016,85,
success,75,300,270,stacksats_mvrv_weight,645,6,3.154441313763412,1593.3951861238602,83.33333333333334,52106149.351864025,50512754.16574016,85,
success,75,300,270,stacksats_momentum_weight,645,6,3.2496096459437185,1641.4673318017303,83.33333333333334,52154221.497541904,50512754.16574016,85,
success,75,300,300,sma_300d_weight,675,6,3.8527172323758796,1946.113584291139,83.33333333333334,52458867.750031315,50512754.16574016,85,
success,75,300,300,stacksats_mvrv_weight,675,6,3.521349713577915,1778.730724135603,83.33333333333334,52291484.88987577,50512754.16574016,85,
success,75,300,300,stacksats_momentum_weight,675,6,3.605194735767392,1821.0831540743893,83.33333333333334,52333837.31981457,50512754.16574016,85,
success,75,300,340,sma_300d_weight,715,6,7.321876456173881,3698.4814546263224,83.33333333333334,54211235.62036649,50512754.16574016,81,
success,75,300,340,stacksats_mvrv_weight,715,6,6.974292548358729,3522.907249751981,83.33333333333334,54035661.415492155,50512754.16574016,81,
success,75,300,340,stacksats_momentum_weight,715,6,7.086721630010118,3579.698275377341,83.33333333333334,54092452.44111751,50512754.16574016,81,
success,75,340,60,sma_340d_weight,475,6,6.669181077340647,3368.787042465141,83.33333333333334,53881541.20820532,50512754.16574016,22,
success,75,340,60,stacksats_mvrv_weight,475,6,6.234673508494271,3149.305302382236,83.33333333333334,53662059.468122415,50512754.16574016,22,
success,75,340,60,stacksats_momentum_weight,475,6,6.286952732318407,3175.7129781922777,83.33333333333334,53688467.143932454,50512754.16574016,22,
success,75,340,90,sma_340d_weight,505,6,6.1713554702574225,3117.3216173850888,83.33333333333334,53630075.78312526,50512754.16574016,33,
success,75,340,90,stacksats_mvrv_weight,505,6,5.7159599073743905,2887.288776224297,83.33333333333334,53400042.94196446,50512754.16574016,33,
success,75,340,90,stacksats_momentum_weight,505,6,5.7600941437801145,2909.5821945628486,83.33333333333334,53422336.360303015,50512754.16574016,33,
success,75,340,120,sma_340d_weight,535,6,5.475576007711447,2765.864247933532,83.33333333333334,53278618.41367369,50512754.16574016,23,
success,75,340,120,stacksats_mvrv_weight,535,6,5.049865185997882,2550.8259871044065,83.33333333333334,53063580.15284457,50512754.16574016,23,
success,75,340,120,stacksats_momentum_weight,535,6,5.100147181889203,2576.224808078623,83.33333333333334,53088978.97381879,50512754.16574016,23,
success,75,340,150,sma_340d_weight,565,6,4.951979921268035,2501.381443966937,83.33333333333334,53014135.609707095,50512754.16574016,22,
success,75,340,150,stacksats_mvrv_weight,565,6,4.5366085005167145,2291.5658993280813,83.33333333333334,52804320.06506824,50512754.16574016,22,
success,75,340,150,stacksats_momentum_weight,565,6,4.586702942574905,2316.869981695636,83.33333333333334,52829624.14743579,50512754.16574016,22,
success,75,340,180,sma_340d_weight,595,6,4.10936689520518,2075.7543975433073,83.33333333333334,52588508.563283496,50512754.16574016,22,
success,75,340,180,stacksats_mvrv_weight,595,6,3.696773028319633,1867.3418718604808,83.33333333333334,52380096.03760066,50512754.16574016,22,
success,75,340,180,stacksats_momentum_weight,595,6,3.746387766276249,1892.4036424744845,83.33333333333334,52405157.80821467,50512754.16574016,22,
success,75,340,200,sma_340d_weight,615,6,3.0877907918703817,1559.7281718498489,83.33333333333334,52072482.33759002,50512754.16574016,22,
success,75,340,200,stacksats_mvrv_weight,615,6,2.6278121370103102,1327.380284705505,83.33333333333334,51840134.450445674,50512754.16574016,22,
success,75,340,200,stacksats_momentum_weight,615,6,2.6817731175257764,1354.6374621387004,83.33333333333334,51867391.62787887,50512754.16574016,22,
success,75,340,210,sma_340d_weight,625,6,3.019403023125511,1525.1836263443183,83.33333333333334,52037937.792084485,50512754.16574016,22,
success,75,340,210,stacksats_mvrv_weight,625,6,2.5596676249219685,1292.9586148368762,83.33333333333334,51805712.78057705,50512754.16574016,22,
success,75,340,210,stacksats_momentum_weight,625,6,2.613606036832028,1320.2043922459052,83.33333333333334,51832958.55798607,50512754.16574016,22,
success,75,340,240,sma_340d_weight,655,6,3.149131363294533,1590.7129838971887,83.33333333333334,52103467.14963736,50512754.16574016,22,
success,75,340,240,stacksats_mvrv_weight,655,6,2.6897178703455316,1358.6505755996186,83.33333333333334,51871404.74133979,50512754.16574016,22,
success,75,340,240,stacksats_momentum_weight,655,6,2.7436258868361874,1385.880999445173,83.33333333333334,51898635.16518535,50512754.16574016,22,
success,75,340,270,sma_340d_weight,685,6,5.040569369454162,2546.130414145984,83.33333333333334,53058884.57988615,50512754.16574016,22,
success,75,340,270,stacksats_mvrv_weight,685,6,4.631938550325465,2339.7197330340496,83.33333333333334,52852473.898774214,50512754.16574016,22,
success,75,340,270,stacksats_momentum_weight,685,6,4.68129151760297,2364.649276068434,83.33333333333334,52877403.4418086,50512754.16574016,22,
success,75,340,300,sma_340d_weight,715,6,3.7466343570368377,1892.5282022591782,83.33333333333334,52405282.36799935,50512754.16574016,22,
success,75,340,300,stacksats_mvrv_weight,715,6,3.337301562194983,1685.7629338809566,83.33333333333334,52198517.09962113,50512754.16574016,22,
success,75,340,300,stacksats_momentum_weight,715,6,3.3866314108139006,1710.6807990441594,83.33333333333334,52223434.96478433,50512754.16574016,22,
success,75,340,340,sma_340d_weight,755,6,8.115072657816125,4099.146702013859,83.33333333333334,54611900.867754035,50512754.16574016,22,
success,75,340,340,stacksats_mvrv_weight,755,6,7.576712840710331,3827.206331072084,83.33333333333334,54339960.496812254,50512754.16574016,22,
success,75,340,340,stacksats_momentum_weight,755,6,7.64181886872628,3860.093178950854,83.33333333333334,54372847.34469103,50512754.16574016,22,
success,90,60,60,sma_60d_weight,210,6,-2.038160037216774,-1029.530769103665,50.0,49483223.3966365,50512754.16574016,31,
success,90,60,60,stacksats_mvrv_weight,210,6,-2.179108769112559,-1100.7278555459125,50.0,49412026.310194254,50512754.16574016,31,
success,90,60,60,stacksats_momentum_weight,210,6,-2.1002636957348497,-1060.9010374588324,50.0,49451853.12828134,50512754.16574016,31,
success,90,60,90,sma_60d_weight,240,6,-2.072360770344439,-1046.806501351326,66.66666666666666,49465947.664388835,50512754.16574016,16,
success,90,60,90,stacksats_mvrv_weight,240,6,-2.204150177198483,-1113.3769604519985,66.66666666666666,49399377.20528817,50512754.16574016,16,
success,90,60,90,stacksats_momentum_weight,240,6,-2.115386278817555,-1068.539870674911,66.66666666666666,49444214.29506526,50512754.16574016,16,
success,90,60,120,sma_60d_weight,270,6,-2.0462898430085086,-1033.637357917396,66.66666666666666,49479116.80782277,50512754.16574016,26,
success,90,60,120,stacksats_mvrv_weight,270,6,-2.1682755693782862,-1095.255707995857,66.66666666666666,49417498.457744315,50512754.16574016,26,
success,90,60,120,stacksats_momentum_weight,270,6,-2.0977925912791573,-1059.6528145399498,66.66666666666666,49453101.351200216,50512754.16574016,26,
success,90,60,150,sma_60d_weight,300,6,-2.065079660124014,-1043.1286120451477,66.66666666666666,49469625.553695016,50512754.16574016,55,
success,90,60,150,stacksats_mvrv_weight,300,6,-2.381254524509835,-1202.8372440262174,50.0,49309916.92171396,50512754.16574016,55,
success,90,60,150,stacksats_momentum_weight,300,6,-2.130934071738766,-1076.3934890914024,50.0,49436360.67664878,50512754.16574016,55,
success,90,60,180,sma_60d_weight,330,6,-2.067290842556646,-1044.2455411914998,66.66666666666666,49468508.624548666,50512754.16574016,51,
success,90,60,180,stacksats_mvrv_weight,330,6,-2.3613521782273383,-1192.7840207753252,50.0,49319970.14496486,50512754.16574016,51,
success,90,60,180,stacksats_momentum_weight,330,6,-2.1311008606686,-1076.4777387735012,50.0,49436276.42696667,50512754.16574016,51,
success,90,60,200,sma_60d_weight,350,6,-2.0651111057863103,-1043.1444961152374,66.66666666666666,49469609.66962494,50512754.16574016,52,
success,90,60,200,stacksats_mvrv_weight,350,6,-2.3602235469598942,-1192.2139180377635,50.0,49320540.24770242,50512754.16574016,52,
success,90,60,200,stacksats_momentum_weight,350,6,-2.1295652321797642,-1075.7020505300388,50.0,49437052.11521013,50512754.16574016,52,
success,90,60,210,sma_60d_weight,360,6,-2.0658282016955076,-1043.5067210089837,66.66666666666666,49469247.44473118,50512754.16574016,52,
success,90,60,210,stacksats_mvrv_weight,360,6,-2.3610338001567532,-1192.623199243215,50.0,49320130.96649697,50512754.16574016,52,
success,90,60,210,stacksats_momentum_weight,360,6,-2.130303285109947,-1076.074861392277,50.0,49436679.304347895,50512754.16574016,52,
success,90,60,240,sma_60d_weight,390,6,-2.067619616971772,-1044.411614203571,66.66666666666666,49468342.5515366,50512754.16574016,52,
success,90,60,240,stacksats_mvrv_weight,390,6,-2.362994250197248,-1193.6134765527095,50.0,49319140.68918746,50512754.16574016,52,
success,90,60,240,stacksats_momentum_weight,390,6,-2.1321319882841028,-1076.9985897310544,50.0,49435755.576009125,50512754.16574016,52,
success,90,60,270,sma_60d_weight,420,6,-2.0638460272086045,-1042.505470083277,66.66666666666666,49470248.695656896,50512754.16574016,52,
success,90,60,270,stacksats_mvrv_weight,420,6,-2.3589254522073055,-1191.5582146265515,50.0,49321195.95111363,50512754.16574016,52,
success,90,60,270,stacksats_momentum_weight,420,6,-2.128294761706506,-1075.0603009031329,50.0,49437693.864837036,50512754.16574016,52,
success,90,60,300,sma_60d_weight,450,6,-2.0544737000210866,-1037.7712494914376,66.66666666666666,49474982.91624874,50512754.16574016,55,
success,90,60,300,stacksats_mvrv_weight,450,6,-2.3510589037418317,-1187.5846043388592,50.0,49325169.56140132,50512754.16574016,55,
success,90,60,300,stacksats_momentum_weight,450,6,-2.119634162619888,-1070.685593777227,50.0,49442068.571962945,50512754.16574016,55,
success,90,60,340,sma_60d_weight,490,6,-2.0456875684957687,-1033.3331324733736,66.66666666666666,49479421.03326679,50512754.16574016,57,
success,90,60,340,stacksats_mvrv_weight,490,6,-2.3548352203604517,-1189.4921258689428,50.0,49323262.039871246,50512754.16574016,57,
success,90,60,340,stacksats_momentum_weight,490,6,-2.11362514271376,-1067.6502723242738,50.0,49445103.8934159,50512754.16574016,57,
success,90,90,60,sma_90d_weight,240,6,-1.5099007204120607,-762.6924390484855,50.0,49750061.726691686,50512754.16574016,12,
success,90,90,60,stacksats_mvrv_weight,240,6,-1.684154741589594,-850.7129443898084,50.0,49662041.22135036,50512754.16574016,12,
success,90,90,60,stacksats_momentum_weight,240,6,-1.5583264287870935,-787.1535980729823,50.0,49725600.567667186,50512754.16574016,12,
success,90,90,90,sma_90d_weight,270,6,-1.6278962500031913,-822.2952308374151,50.0,49690458.93490276,50512754.16574016,20,
success,90,90,90,stacksats_mvrv_weight,270,6,-1.7955887449972785,-907.0013285881723,50.0,49605752.83715201,50512754.16574016,20,
success,90,90,90,stacksats_momentum_weight,270,6,-1.6760769949417553,-846.6326520834555,50.0,49666121.51365672,50512754.16574016,20,
success,90,90,120,sma_90d_weight,300,6,-1.2988409446110794,-656.0803333553704,50.0,49856673.83238481,50512754.16574016,24,
success,90,90,120,stacksats_mvrv_weight,300,6,-1.4877394319494974,-751.4981618874299,50.0,49761256.00385274,50512754.16574016,24,
success,90,90,120,stacksats_momentum_weight,300,6,-1.379763959901592,-696.9567771325746,50.0,49815797.3886076,50512754.16574016,24,
success,90,90,150,sma_90d_weight,330,6,-1.6390617711138922,-827.9352430673898,50.0,49684818.922672786,50512754.16574016,41,
success,90,90,150,stacksats_mvrv_weight,330,6,-1.8581782626137966,-938.6170177553286,50.0,49574137.14798485,50512754.16574016,41,
success,90,90,150,stacksats_momentum_weight,330,6,-1.6984028505567461,-857.9100566456545,50.0,49654844.109094515,50512754.16574016,41,
success,90,90,180,sma_90d_weight,360,6,-1.6362969172653452,-826.5386392398286,50.0,49686215.52650036,50512754.16574016,27,
success,90,90,180,stacksats_mvrv_weight,360,6,-1.8286567121225672,-923.7048695297781,50.0,49589049.29621041,50512754.16574016,27,
success,90,90,180,stacksats_momentum_weight,360,6,-1.6906899903441408,-854.0140785273106,50.0,49658740.08721286,50512754.16574016,27,
success,90,90,200,sma_90d_weight,380,6,-1.6319391145314888,-824.3373930578455,50.0,49688416.77268233,50512754.16574016,25,
success,90,90,200,stacksats_mvrv_weight,380,6,-1.8401357170356958,-929.5032310622191,50.0,49583250.934677966,50512754.16574016,25,
success,90,90,200,stacksats_momentum_weight,380,6,-1.6905892067098915,-853.9631699379024,50.0,49658790.995802276,50512754.16574016,25,
success,90,90,210,sma_90d_weight,390,6,-1.6317670950933172,-824.2505013019254,50.0,49688503.66443825,50512754.16574016,25,
success,90,90,210,stacksats_mvrv_weight,390,6,-1.839968853445073,-929.4189436668967,50.0,49583335.222073294,50512754.16574016,25,
success,90,90,210,stacksats_momentum_weight,390,6,-1.6904197951766342,-853.8775955065794,50.0,49658876.5702336,50512754.16574016,25,
success,90,90,240,sma_90d_weight,420,6,-1.6330847882973343,-824.916104430733,50.0,49687838.06130944,50512754.16574016,25,
success,90,90,240,stacksats_mvrv_weight,420,6,-1.841386825694391,-930.1352005033332,50.0,49582618.96523685,50512754.16574016,25,
success,90,90,240,stacksats_momentum_weight,420,6,-1.6917699813748577,-854.5596117416717,50.0,49658194.55399851,50512754.16574016,25,
success,90,90,270,sma_90d_weight,450,6,-1.7106141059757163,-864.0782980759905,50.0,49648675.86766419,50512754.16574016,23,
success,90,90,270,stacksats_mvrv_weight,450,6,-1.9157583608863882,-967.702311244153,50.0,49545051.85449603,50512754.16574016,23,
success,90,90,270,stacksats_momentum_weight,450,6,-1.7686117006816549,-893.3744805118404,50.0,49619379.68522834,50512754.16574016,23,
success,90,90,300,sma_90d_weight,480,6,-1.6335723682638248,-825.1623945005631,50.0,49687591.771239616,50512754.16574016,18,
success,90,90,300,stacksats_mvrv_weight,480,6,-1.8432056208668834,-931.0539240375947,50.0,49581700.24170259,50512754.16574016,18,
success,90,90,300,stacksats_momentum_weight,480,6,-1.6914743522879694,-854.4102813477657,50.0,49658343.88439242,50512754.16574016,18,
success,90,90,340,sma_90d_weight,520,6,-1.6905042400858772,-853.9202509559909,50.0,49658833.91478417,50512754.16574016,14,
success,90,90,340,stacksats_mvrv_weight,520,6,-1.9039512697944794,-961.7382243467728,50.0,49551015.9413934,50512754.16574016,14,
success,90,90,340,stacksats_momentum_weight,520,6,-1.7477261622178997,-882.8246198114502,50.0,49629929.54592872,50512754.16574016,14,
success,90,120,60,sma_120d_weight,270,6,-0.5263016748954907,-265.849471210131,66.66666666666666,50246904.69453004,50512754.16574016,33,
success,90,120,60,stacksats_mvrv_weight,270,6,-0.7230602184334023,-365.2376306075312,66.66666666666666,50147516.535132654,50512754.16574016,33,
success,90,120,60,stacksats_momentum_weight,270,6,-0.6546264788369061,-330.66986395872664,66.66666666666666,50182084.30178145,50512754.16574016,33,
success,90,120,90,sma_120d_weight,300,6,-0.6775246081263675,-342.2363397152658,66.66666666666666,50170517.82602491,50512754.16574016,43,
success,90,120,90,stacksats_mvrv_weight,300,6,-0.8563103209708212,-432.54592732785386,66.66666666666666,50080208.23841233,50512754.16574016,43,
success,90,120,90,stacksats_momentum_weight,300,6,-0.8071112261684665,-407.69410951856844,66.66666666666666,50105060.05622161,50512754.16574016,43,
success,90,120,120,sma_120d_weight,330,6,-0.8602144631411845,-434.51801706464903,66.66666666666666,50078236.14867553,50512754.16574016,69,
success,90,120,120,stacksats_mvrv_weight,330,6,-1.1780114654938778,-595.0460356091571,66.66666666666666,49917708.13013101,50512754.16574016,69,
success,90,120,120,stacksats_momentum_weight,330,6,-1.0889578977525183,-550.0626258601405,66.66666666666666,49962691.53988004,50512754.16574016,69,
success,90,120,150,sma_120d_weight,360,6,-0.8709411046994742,-439.936339145228,66.66666666666666,50072817.82659495,50512754.16574016,24,
success,90,120,150,stacksats_mvrv_weight,360,6,-1.081383216434817,-546.2364457072908,66.66666666666666,49966517.720032886,50512754.16574016,24,
success,90,120,150,stacksats_momentum_weight,360,6,-0.9938103815667176,-502.0009949144005,66.66666666666666,50010753.17082579,50512754.16574016,24,
success,90,120,180,sma_120d_weight,390,6,-0.8725423227352702,-440.7451584753071,66.66666666666666,50072009.007264875,50512754.16574016,17,
success,90,120,180,stacksats_mvrv_weight,390,6,-1.0788269955728236,-544.9452281473423,66.66666666666666,49967808.93759282,50512754.16574016,17,
success,90,120,180,stacksats_momentum_weight,390,6,-0.9943757062739977,-502.28655599402555,66.66666666666666,50010467.60974615,50512754.16574016,17,
success,90,120,200,sma_120d_weight,410,6,-0.8676013599462462,-438.24934208826744,66.66666666666666,50074504.82365191,50512754.16574016,16,
success,90,120,200,stacksats_mvrv_weight,410,6,-1.0732223282712172,-542.1141563314741,66.66666666666666,49970640.009408705,50512754.16574016,16,
success,90,120,200,stacksats_momentum_weight,410,6,-0.9891041312232507,-499.62373824798124,66.66666666666666,50013130.4274922,50512754.16574016,16,
success,90,120,210,sma_120d_weight,420,6,-0.8653337123570082,-437.1038908361661,66.66666666666666,50075650.27490401,50512754.16574016,16,
success,90,120,210,stacksats_mvrv_weight,420,6,-1.0708341073487282,-540.9078001679591,66.66666666666666,49971846.36557221,50512754.16574016,16,
success,90,120,210,stacksats_momentum_weight,420,6,-0.9867957853141429,-498.45772915361886,66.66666666666666,50014296.43658656,50512754.16574016,16,
success,90,120,240,sma_120d_weight,450,6,-0.8553944053160678,-432.08327310479945,66.66666666666666,50080670.892635375,50512754.16574016,16,
success,90,120,240,stacksats_mvrv_weight,450,6,-1.0608521770967272,-535.8656522787714,66.66666666666666,49976888.51346139,50512754.16574016,16,
success,90,120,240,stacksats_momentum_weight,450,6,-0.9769261751118252,-493.4723172150043,66.66666666666666,50019281.84852517,50512754.16574016,16,
success,90,120,270,sma_120d_weight,480,6,-0.8613331961039417,-435.08311989589856,66.66666666666666,50077671.04584427,50512754.16574016,16,
success,90,120,270,stacksats_mvrv_weight,480,6,-1.0641232160977343,-537.5179441680157,66.66666666666666,49975236.22157215,50512754.16574016,16,
success,90,120,270,stacksats_momentum_weight,480,6,-0.9825431850197353,-496.3096236212514,66.66666666666666,50016444.542118914,50512754.16574016,16,
success,90,120,300,sma_120d_weight,510,6,-0.852406243415782,-430.57387023003685,66.66666666666666,50082180.295510136,50512754.16574016,16,
success,90,120,300,stacksats_mvrv_weight,510,6,-1.0570043957246145,-533.9220319334418,66.66666666666666,49978832.133806735,50512754.16574016,16,
success,90,120,300,stacksats_momentum_weight,510,6,-0.9736264159276531,-491.80551797024236,66.66666666666666,50020948.64776993,50512754.16574016,16,
success,90,120,340,sma_120d_weight,550,6,-0.8475858507134393,-428.1389571144755,66.66666666666666,50084615.20862569,50512754.16574016,16,
success,90,120,340,stacksats_mvrv_weight,550,6,-1.0509313726779546,-530.8543807314563,66.66666666666666,49981899.78500871,50512754.16574016,16,
success,90,120,340,stacksats_momentum_weight,550,6,-0.9687631585897805,-489.34895274671726,66.66666666666666,50023405.21299346,50512754.16574016,16,
success,90,150,60,sma_150d_weight,300,6,0.3142350979021824,158.72880250580056,66.66666666666666,50671482.96824597,50512754.16574016,32,
success,90,150,60,stacksats_mvrv_weight,300,6,0.021359893375194616,10.789470430681831,66.66666666666666,50523543.636170864,50512754.16574016,32,
success,90,150,60,stacksats_momentum_weight,300,6,0.15755466264000262,79.58519941601116,66.66666666666666,50592339.36515619,50512754.16574016,32,
success,90,150,90,sma_150d_weight,330,6,0.03527404655643274,17.817892421364377,66.66666666666666,50530572.05816154,50512754.16574016,46,
success,90,150,90,stacksats_mvrv_weight,330,6,-0.23126616566202518,-116.81890972939436,66.66666666666666,50395935.25601078,50512754.16574016,46,
success,90,150,90,stacksats_momentum_weight,330,6,-0.12051491584345042,-60.87540317304956,66.66666666666666,50451878.76256712,50512754.16574016,46,
success,90,150,120,sma_150d_weight,360,6,-0.3464204037836316,-174.98648694319127,66.66666666666666,50337767.67879698,50512754.16574016,36,
success,90,150,120,stacksats_mvrv_weight,360,6,-0.6152489423904561,-310.7791857770062,66.66666666666666,50201974.97996316,50512754.16574016,36,
success,90,150,120,stacksats_momentum_weight,360,6,-0.4963607099500278,-250.7254651923795,66.66666666666666,50262028.70054779,50512754.16574016,36,
success,90,150,150,sma_150d_weight,390,6,-0.4649646685550457,-234.8664599847616,66.66666666666666,50277887.70575541,50512754.16574016,35,
success,90,150,150,stacksats_mvrv_weight,390,6,-0.7347213557953536,-371.1279922561007,66.66666666666666,50141626.17348408,50512754.16574016,35,
success,90,150,150,stacksats_momentum_weight,390,6,-0.6146549512777599,-310.47914450648386,66.66666666666666,50202275.02123369,50512754.16574016,35,
success,90,150,180,sma_150d_weight,420,6,-0.45102459548672647,-227.8249451452357,66.66666666666666,50284929.22059493,50512754.16574016,71,
success,90,150,180,stacksats_mvrv_weight,420,6,-0.6895516300299054,-348.3115197228617,66.66666666666666,50164442.646017306,50512754.16574016,71,
success,90,150,180,stacksats_momentum_weight,420,6,-0.6276251690465084,-317.0307587227726,66.66666666666666,50195723.40701741,50512754.16574016,71,
success,90,150,200,sma_150d_weight,440,6,-0.4435357332737144,-224.04211458576174,66.66666666666666,50288712.05115441,50512754.16574016,58,
success,90,150,200,stacksats_mvrv_weight,440,6,-0.7161953736890547,-361.77000845795556,66.66666666666666,50150984.15728222,50512754.16574016,58,
success,90,150,200,stacksats_momentum_weight,440,6,-0.6164289614421947,-311.3752458997187,66.66666666666666,50201378.919840455,50512754.16574016,58,
success,90,150,210,sma_150d_weight,450,6,-0.41500359015325117,-209.62974327310803,66.66666666666666,50303124.42246706,50512754.16574016,55,
success,90,150,210,stacksats_mvrv_weight,450,6,-0.6878673929092916,-347.4607651665574,66.66666666666666,50165293.40057362,50512754.16574016,55,
success,90,150,210,stacksats_momentum_weight,450,6,-0.5756632282833962,-290.7833513253572,66.66666666666666,50221970.814414814,50512754.16574016,55,
success,90,150,240,sma_150d_weight,480,6,-0.319630651882008,-161.45424542351248,66.66666666666666,50351299.92031667,50512754.16574016,53,
success,90,150,240,stacksats_mvrv_weight,480,6,-0.5921551499249333,-299.1138751613544,66.66666666666666,50213640.29057882,50512754.16574016,53,
success,90,150,240,stacksats_momentum_weight,480,6,-0.46687974615789996,-235.83381842637027,66.66666666666666,50276920.3473138,50512754.16574016,53,
success,90,150,270,sma_150d_weight,510,6,-0.2653391388263593,-134.0301069008492,66.66666666666666,50378724.05883932,50512754.16574016,54,
success,90,150,270,stacksats_mvrv_weight,510,6,-0.5349622162055478,-270.2241491515015,66.66666666666666,50242530.016588666,50512754.16574016,54,
success,90,150,270,stacksats_momentum_weight,510,6,-0.41244381159918353,-208.33672862490494,66.66666666666666,50304417.43711527,50512754.16574016,54,
success,90,150,300,sma_150d_weight,540,6,2.219183237245015,1120.970573116887,66.66666666666666,51633724.73885706,50512754.16574016,59,
success,90,150,300,stacksats_mvrv_weight,540,6,1.9644441873680085,992.2948630883693,66.66666666666666,51505049.02882855,50512754.16574016,59,
success,90,150,300,stacksats_momentum_weight,540,6,2.0832952145166006,1052.3297902553968,66.66666666666666,51565083.955995575,50512754.16574016,59,
success,90,150,340,sma_150d_weight,580,6,2.2318833510351244,1127.3857503744584,66.66666666666666,51640139.91611463,50512754.16574016,54,
success,90,150,340,stacksats_mvrv_weight,580,6,1.963190618319155,991.6616508364241,66.66666666666666,51504415.8165766,50512754.16574016,54,
success,90,150,340,stacksats_momentum_weight,580,6,2.0832952145166006,1052.3297902553968,66.66666666666666,51565083.955995575,50512754.16574016,54,
success,90,180,60,sma_180d_weight,330,6,2.044849666223736,1032.909884958557,83.33333333333334,51545664.05069872,50512754.16574016,48,
success,90,180,60,stacksats_mvrv_weight,330,6,1.8494659461408158,934.2161867531904,83.33333333333334,51446970.35249337,50512754.16574016,48,
success,90,180,60,stacksats_momentum_weight,330,6,1.9019459369752134,960.725275509576,83.33333333333334,51473479.44124976,50512754.16574016,48,
success,90,180,90,sma_180d_weight,360,6,1.5126978121666967,764.1053271302953,83.33333333333334,51276859.492870465,50512754.16574016,71,
success,90,180,90,stacksats_mvrv_weight,360,6,1.329736440794127,671.6864993906056,83.33333333333334,51184440.66513077,50512754.16574016,71,
success,90,180,90,stacksats_momentum_weight,360,6,1.3935448831298602,703.9179010046428,83.33333333333334,51216672.06674482,50512754.16574016,71,
success,90,180,120,sma_180d_weight,390,6,0.7924660518879856,400.2964286371207,83.33333333333334,50913050.594377294,50512754.16574016,66,
success,90,180,120,stacksats_mvrv_weight,390,6,0.6086577727641762,307.44980446703266,83.33333333333334,50820203.970207214,50512754.16574016,66,
success,90,180,120,stacksats_momentum_weight,390,6,0.7293031702810593,368.39111752701865,83.33333333333334,50881145.28326719,50512754.16574016,66,
success,90,180,150,sma_180d_weight,420,6,0.5250732875637487,265.22897893704794,83.33333333333334,50777983.14467722,50512754.16574016,66,
success,90,180,150,stacksats_mvrv_weight,420,6,0.339420595322637,171.4506909032134,83.33333333333334,50684204.85664339,50512754.16574016,66,
success,90,180,150,stacksats_momentum_weight,420,6,0.4624161398159021,233.57912792791467,83.33333333333334,50746333.29366809,50512754.16574016,66,
success,90,180,180,sma_180d_weight,450,6,0.43315310015961117,218.79756064491085,83.33333333333334,50731551.72638509,50512754.16574016,66,
success,90,180,180,stacksats_mvrv_weight,450,6,0.24730709047044996,124.92162264377839,83.33333333333334,50637675.78838396,50512754.16574016,66,
success,90,180,180,stacksats_momentum_weight,450,6,0.3698359638497628,186.8143312359316,83.33333333333334,50699568.49697611,50512754.16574016,66,
success,90,180,200,sma_180d_weight,470,6,0.42072418320886484,212.51937238011305,83.33333333333334,50725273.538120285,50512754.16574016,65,
success,90,180,200,stacksats_mvrv_weight,470,6,0.23857615554678802,120.51138694942347,83.33333333333334,50633265.5526896,50512754.16574016,65,
success,90,180,200,stacksats_momentum_weight,470,6,0.3630907280538054,183.40712686040933,83.33333333333334,50696161.29260058,50512754.16574016,65,
success,90,180,210,sma_180d_weight,480,6,0.43262667622312456,218.5316494159997,83.33333333333334,50731285.81515617,50512754.16574016,62,
success,90,180,210,stacksats_mvrv_weight,480,6,0.25521668437238354,128.91697636697063,83.33333333333334,50641671.142107144,50512754.16574016,62,
success,90,180,210,stacksats_momentum_weight,480,6,0.39448043413130573,199.26293192469166,83.33333333333334,50712017.09766486,50512754.16574016,62,
success,90,180,240,sma_180d_weight,510,6,0.5100085494256668,257.6193647956461,83.33333333333334,50770373.53053582,50512754.16574016,56,
success,90,180,240,stacksats_mvrv_weight,510,6,0.3388518177224187,171.16338567226921,83.33333333333334,50683917.55141244,50512754.16574016,56,
success,90,180,240,stacksats_momentum_weight,510,6,0.46756499313607147,236.17995554787922,83.33333333333334,50748934.121288046,50512754.16574016,56,
success,90,180,270,sma_180d_weight,540,6,0.6678384802638382,337.34360975988966,83.33333333333334,50850097.77550007,50512754.16574016,49,
success,90,180,270,stacksats_mvrv_weight,540,6,0.5000249169530013,252.57635706791189,83.33333333333334,50765330.52280809,50512754.16574016,49,
success,90,180,270,stacksats_momentum_weight,540,6,0.5847386516598219,295.36759762499423,83.33333333333334,50808121.76336517,50512754.16574016,49,
success,90,180,300,sma_180d_weight,570,6,0.7051374676882993,356.184355583915,83.33333333333334,50868938.52132409,50512754.16574016,46,
success,90,180,300,stacksats_mvrv_weight,570,6,0.5349439974887016,270.2149463758469,83.33333333333334,50782969.112116024,50512754.16574016,46,
success,90,180,300,stacksats_momentum_weight,570,6,0.6115214235518529,308.8963133495781,83.33333333333334,50821650.479089744,50512754.16574016,46,
success,90,180,340,sma_180d_weight,610,6,4.056606319822853,2049.1035778040023,83.33333333333334,52561857.74354417,50512754.16574016,43,
success,90,180,340,stacksats_mvrv_weight,610,6,3.882886752851533,1961.3530400019881,83.33333333333334,52474107.20574216,50512754.16574016,43,
success,90,180,340,stacksats_momentum_weight,610,6,3.9584721242059917,1999.5332928195276,83.33333333333334,52512287.458559684,50512754.16574016,43,
success,90,200,60,sma_200d_weight,350,6,4.163907777349474,2103.3044992606738,83.33333333333334,52616058.66500084,50512754.16574016,43,
success,90,200,60,stacksats_mvrv_weight,350,6,3.9551750146419984,1997.8678319708924,83.33333333333334,52510621.99771107,50512754.16574016,43,
success,90,200,60,stacksats_momentum_weight,350,6,4.031034389546173,2036.1864915279075,83.33333333333334,52548940.65726808,50512754.16574016,43,
success,90,200,90,sma_200d_weight,380,6,3.563664735237393,1800.1052070016376,83.33333333333334,52312859.37274181,50512754.16574016,63,
success,90,200,90,stacksats_mvrv_weight,380,6,3.3524861654773197,1693.4330952080127,83.33333333333334,52206187.26094819,50512754.16574016,63,
success,90,200,90,stacksats_momentum_weight,380,6,3.4410726455440965,1738.180566108218,83.33333333333334,52250934.7318484,50512754.16574016,63,
success,90,200,120,sma_200d_weight,410,6,2.7155001190095174,1371.6738994856569,83.33333333333334,51884428.065225825,50512754.16574016,58,
success,90,200,120,stacksats_mvrv_weight,410,6,2.509410735004902,1267.572475581721,83.33333333333334,51780326.64132189,50512754.16574016,58,
success,90,200,120,stacksats_momentum_weight,410,6,2.6527153085380117,1339.9595625187576,83.33333333333334,51852713.72825894,50512754.16574016,58,
success,90,200,150,sma_200d_weight,440,6,2.0288390514516363,1024.8224824782956,83.33333333333334,51537576.648218475,50512754.16574016,60,
success,90,200,150,stacksats_mvrv_weight,440,6,1.8305257645398365,924.6489793825385,83.33333333333334,51437403.145122714,50512754.16574016,60,
success,90,200,150,stacksats_momentum_weight,440,6,1.9710061072013119,995.6094695223219,83.33333333333334,51508363.63526249,50512754.16574016,60,
success,90,200,180,sma_200d_weight,470,6,1.889885738539565,954.6333371218789,83.33333333333334,51467387.50286205,50512754.16574016,60,
success,90,200,180,stacksats_mvrv_weight,470,6,1.6961682685034063,856.7813077064202,83.33333333333334,51369535.47344659,50512754.16574016,60,
success,90,200,180,stacksats_momentum_weight,470,6,1.8329117880234502,925.8542255591528,83.33333333333334,51438608.39129932,50512754.16574016,60,
success,90,200,200,sma_200d_weight,490,6,1.855035654964543,937.0296000790622,83.33333333333334,51449783.76581924,50512754.16574016,60,
success,90,200,200,stacksats_mvrv_weight,490,6,1.6631862743293535,840.1211940703142,83.33333333333334,51352875.3598105,50512754.16574016,60,
success,90,200,200,stacksats_momentum_weight,490,6,1.798249203846125,908.345199626172,83.33333333333334,51421099.36536633,50512754.16574016,60,
success,90,200,210,sma_200d_weight,500,6,1.7689914943344265,893.5663247460034,83.33333333333334,51406320.49048618,50512754.16574016,60,
success,90,200,210,stacksats_mvrv_weight,500,6,1.5770614729732957,796.6171848856029,83.33333333333334,51309371.35062579,50512754.16574016,60,
success,90,200,210,stacksats_momentum_weight,500,6,1.7118603520541065,864.7078112938616,83.33333333333334,51377461.977034025,50512754.16574016,60,
success,90,200,240,sma_200d_weight,530,6,1.8683308267447796,943.7453575163308,83.33333333333334,51456499.5232565,50512754.16574016,54,
success,90,200,240,stacksats_mvrv_weight,530,6,1.6872212635596906,852.2619290939983,83.33333333333334,51365016.094834164,50512754.16574016,54,
success,90,200,240,stacksats_momentum_weight,530,6,1.8128975134493963,915.7444642455084,83.33333333333334,51428498.62998568,50512754.16574016,54,
success,90,200,270,sma_200d_weight,560,6,2.0357193726024514,1028.2979221870264,83.33333333333334,51541052.08792721,50512754.16574016,46,
success,90,200,270,stacksats_mvrv_weight,560,6,1.8576296035343942,938.33987494334,83.33333333333334,51451094.040683515,50512754.16574016,46,
success,90,200,270,stacksats_momentum_weight,560,6,1.9418110762198681,980.8622552940578,83.33333333333334,51493616.42103423,50512754.16574016,46,
success,90,200,300,sma_200d_weight,590,6,2.0993446956973028,1060.4368252290806,83.33333333333334,51573190.990969256,50512754.16574016,39,
success,90,200,300,stacksats_mvrv_weight,590,6,1.920354231111121,970.0238118725538,83.33333333333334,51482777.977612734,50512754.16574016,39,
success,90,200,300,stacksats_momentum_weight,590,6,1.9967071276734139,1008.5917628114839,83.33333333333334,51521345.92855166,50512754.16574016,39,
success,90,200,340,sma_200d_weight,630,6,7.395841941745651,3735.843458520685,83.33333333333334,54248597.62426087,50512754.16574016,36,
success,90,200,340,stacksats_mvrv_weight,630,6,7.197004360112902,3635.4051197214358,83.33333333333334,54148159.28546161,50512754.16574016,36,
success,90,200,340,stacksats_momentum_weight,630,6,7.280565453828358,3677.6141295681227,83.33333333333334,54190368.29530831,50512754.16574016,36,
success,90,210,60,sma_210d_weight,360,6,3.8145364116942693,1926.8274002017715,83.33333333333334,52439581.565941945,50512754.16574016,36,
success,90,210,60,stacksats_mvrv_weight,360,6,3.60302254408007,1819.9859202273583,83.33333333333334,52332740.08596753,50512754.16574016,36,
success,90,210,60,stacksats_momentum_weight,360,6,3.6997309508310927,1868.83599998711,83.33333333333334,52381590.16572729,50512754.16574016,36,
success,90,210,90,sma_210d_weight,390,6,3.2821308995312215,1657.894712678004,83.33333333333334,52170648.87841818,50512754.16574016,58,
success,90,210,90,stacksats_mvrv_weight,390,6,3.071409362613031,1551.4534607602473,83.33333333333334,52064207.62650042,50512754.16574016,58,
success,90,210,90,stacksats_momentum_weight,390,6,3.1769425688883413,1604.7611898093164,83.33333333333334,52117515.35554949,50512754.16574016,58,
success,90,210,120,sma_210d_weight,420,6,2.5045703571354494,1265.1274674078304,83.33333333333334,51777881.633148,50512754.16574016,53,
success,90,210,120,stacksats_mvrv_weight,420,6,2.298848473905424,1161.2116782667144,83.33333333333334,51673965.844006896,50512754.16574016,53,
success,90,210,120,stacksats_momentum_weight,420,6,2.4591001948206737,1242.1592360990035,83.33333333333334,51754913.40183918,50512754.16574016,53,
success,90,210,150,sma_210d_weight,450,6,1.8439244124853094,931.4170054807764,83.33333333333334,51444171.17122095,50512754.16574016,55,
success,90,210,150,stacksats_mvrv_weight,450,6,1.6460829512446873,831.481834526392,83.33333333333334,51344236.00026657,50512754.16574016,55,
success,90,210,150,stacksats_momentum_weight,450,6,1.802723148002161,910.6051120392294,83.33333333333334,51423359.2777794,50512754.16574016,55,
success,90,210,180,sma_210d_weight,480,6,1.6947808852821877,856.0805022305431,83.33333333333334,51368834.66797072,50512754.16574016,55,
success,90,210,180,stacksats_mvrv_weight,480,6,1.501979728901004,758.6913280790177,83.33333333333334,51271445.4938192,50512754.16574016,55,
success,90,210,180,stacksats_momentum_weight,480,6,1.6539675087008376,835.4645416512722,83.33333333333334,51348218.70739145,50512754.16574016,55,
success,90,210,200,sma_210d_weight,500,6,1.65234603527733,834.6454907669904,83.33333333333334,51347399.656507164,50512754.16574016,55,
success,90,210,200,stacksats_mvrv_weight,500,6,1.4609991881373352,737.9909282672743,83.33333333333334,51250745.09400745,50512754.16574016,55,
success,90,210,200,stacksats_momentum_weight,500,6,1.611367356432769,813.94603146187,83.33333333333334,51326700.19720206,50512754.16574016,55,
success,90,210,210,sma_210d_weight,510,6,1.569247872583035,792.6703201289711,83.33333333333334,51305424.48586914,50512754.16574016,55,
success,90,210,210,stacksats_mvrv_weight,510,6,1.3778533576426,695.9916793104057,83.33333333333334,51208745.84505057,50512754.16574016,55,
success,90,210,210,stacksats_momentum_weight,510,6,1.5278008772232177,771.7343012537895,83.33333333333334,51284488.46699396,50512754.16574016,55,
success,90,210,240,sma_210d_weight,540,6,1.651385230813518,834.160161970176,83.33333333333334,51346914.327710345,50512754.16574016,51,
success,90,210,240,stacksats_mvrv_weight,540,6,1.4696069303738346,742.3389359424109,83.33333333333334,51255093.10168258,50512754.16574016,51,
success,90,210,240,stacksats_momentum_weight,540,6,1.5983372082200242,807.3641447277332,83.33333333333334,51320118.310467914,50512754.16574016,51,
success,90,210,270,sma_210d_weight,570,6,1.7990927511074561,908.7712985805556,83.33333333333334,51421525.46432073,50512754.16574016,44,
success,90,210,270,stacksats_mvrv_weight,570,6,1.6220449616555666,819.339583938854,83.33333333333334,51332093.74967904,50512754.16574016,44,
success,90,210,270,stacksats_momentum_weight,570,6,1.7098629169234991,863.6988517967184,83.33333333333334,51376453.01753689,50512754.16574016,44,
success,90,210,300,sma_210d_weight,600,6,1.8533727637770392,936.1896279414796,83.33333333333334,51448943.79368164,50512754.16574016,37,
success,90,210,300,stacksats_mvrv_weight,600,6,1.6757657749775667,846.4754463080244,83.33333333333334,51359229.61204819,50512754.16574016,37,
success,90,210,300,stacksats_momentum_weight,600,6,1.7559113426398154,886.9591798759939,83.33333333333334,51399713.34561618,50512754.16574016,37,
success,90,210,340,sma_210d_weight,640,6,7.450543662174414,3763.4748040852937,83.33333333333334,54276228.96982546,50512754.16574016,34,
success,90,210,340,stacksats_mvrv_weight,640,6,7.253822308671931,3664.105430399075,83.33333333333334,54176859.59613926,50512754.16574016,34,
success,90,210,340,stacksats_momentum_weight,640,6,7.340751709893567,3708.015865135909,83.33333333333334,54220770.03087609,50512754.16574016,34,
success,90,240,60,sma_240d_weight,390,6,4.954289312663884,2502.5479811654513,83.33333333333334,53015302.14690562,50512754.16574016,42,
success,90,240,60,stacksats_mvrv_weight,390,6,4.753854869587837,2401.3030236709747,83.33333333333334,52914057.18941114,50512754.16574016,42,
success,90,240,60,stacksats_momentum_weight,390,6,4.8437019048204855,2446.6872357032407,83.33333333333334,52959441.401443414,50512754.16574016,42,
success,90,240,90,sma_240d_weight,420,6,4.407220656576416,2226.2085357981705,83.33333333333334,52738962.70153834,50512754.16574016,50,
success,90,240,90,stacksats_mvrv_weight,420,6,4.17542828237869,2109.1238236447316,83.33333333333334,52621877.98938491,50512754.16574016,50,
success,90,240,90,stacksats_momentum_weight,420,6,4.267070972625997,2155.415070480223,83.33333333333334,52668169.2362204,50512754.16574016,50,
success,90,240,120,sma_240d_weight,450,6,3.589164066444517,1812.985621488202,83.33333333333334,52325739.787228376,50512754.16574016,35,
success,90,240,120,stacksats_mvrv_weight,450,6,3.375349804532357,1704.9821489972164,83.33333333333334,52217736.314737394,50512754.16574016,35,
success,90,240,120,stacksats_momentum_weight,450,6,3.4762628068977897,1755.9560858033437,83.33333333333334,52268710.25154353,50512754.16574016,35,
success,90,240,150,sma_240d_weight,480,6,2.8594826917937244,1444.40346251765,83.33333333333334,51957157.628257826,50512754.16574016,50,
success,90,240,150,stacksats_mvrv_weight,480,6,2.625841842620713,1326.3850347441403,83.33333333333334,51839139.20048432,50512754.16574016,50,
success,90,240,150,stacksats_momentum_weight,480,6,2.726736321576362,1377.349614865816,83.33333333333334,51890103.780605994,50512754.16574016,50,
success,90,240,180,sma_240d_weight,510,6,2.666790566905708,1347.069363176226,83.33333333333334,51859823.52891639,50512754.16574016,54,
success,90,240,180,stacksats_mvrv_weight,510,6,2.442064481627493,1233.5540281733483,83.33333333333334,51746308.19391353,50512754.16574016,54,
success,90,240,180,stacksats_momentum_weight,510,6,2.535058693277903,1280.5279656926941,83.33333333333334,51793282.13143286,50512754.16574016,54,
success,90,240,200,sma_240d_weight,530,6,2.6059370749733857,1316.3305883951834,83.33333333333334,51829084.754135355,50512754.16574016,54,
success,90,240,200,stacksats_mvrv_weight,530,6,2.382364709001905,1203.398028789481,83.33333333333334,51716152.19452967,50512754.16574016,54,
success,90,240,200,stacksats_momentum_weight,530,6,2.474564712156546,1249.9707897237895,83.33333333333334,51762724.95546395,50512754.16574016,54,
success,90,240,210,sma_240d_weight,540,6,2.508953453002194,1267.3414898478513,83.33333333333334,51780095.655588016,50512754.16574016,54,
success,90,240,210,stacksats_mvrv_weight,540,6,2.2853892295984,1154.4130432773381,83.33333333333334,51667167.209017515,50512754.16574016,54,
success,90,240,210,stacksats_momentum_weight,540,6,2.3774605499113255,1200.9208029641668,83.33333333333334,51713674.968704335,50512754.16574016,54,
success,90,240,240,sma_240d_weight,570,6,2.5711807862991654,1298.77422974004,83.33333333333334,51811528.395480216,50512754.16574016,54,
success,90,240,240,stacksats_mvrv_weight,570,6,2.346672935073557,1185.3691307676636,83.33333333333334,51698123.296507835,50512754.16574016,54,
success,90,240,240,stacksats_momentum_weight,570,6,2.439274396909563,1232.1446795387674,83.33333333333334,51744898.84527893,50512754.16574016,54,
success,90,240,270,sma_240d_weight,600,6,2.655082650314289,1341.1553720504744,83.33333333333334,51853909.53779066,50512754.16574016,54,
success,90,240,270,stacksats_mvrv_weight,600,6,2.4282460759702973,1226.573970894111,83.33333333333334,51739328.13663429,50512754.16574016,54,
success,90,240,270,stacksats_momentum_weight,600,6,2.5223572332452537,1274.11210841094,83.33333333333334,51786866.27415111,50512754.16574016,54,
success,90,240,300,sma_240d_weight,630,6,2.6872019770159072,1357.3797285869514,83.33333333333334,51870133.89432712,50512754.16574016,40,
success,90,240,300,stacksats_mvrv_weight,630,6,2.4713607355540956,1248.3523728990695,83.33333333333334,51761106.53863925,50512754.16574016,40,
success,90,240,300,stacksats_momentum_weight,630,6,2.5604912354248333,1293.374643185467,83.33333333333334,51806128.80892565,50512754.16574016,40,
success,90,240,340,sma_240d_weight,670,6,6.435179720552564,3250.5865123662807,83.33333333333334,53763340.67810645,50512754.16574016,25,
success,90,240,340,stacksats_mvrv_weight,670,6,6.199461256178296,3131.518623933647,83.33333333333334,53644272.78967382,50512754.16574016,25,
success,90,240,340,stacksats_momentum_weight,670,6,6.306556304438171,3185.615282384846,83.33333333333334,53698369.44812502,50512754.16574016,25,
success,90,270,60,sma_270d_weight,420,6,5.728323172419891,2893.5338019035844,83.33333333333334,53406287.96764376,50512754.16574016,56,
success,90,270,60,stacksats_mvrv_weight,420,6,5.474661219373234,2765.4021631491196,83.33333333333334,53278156.328889295,50512754.16574016,56,
success,90,270,60,stacksats_momentum_weight,420,6,5.571366558007251,2814.2506931184616,83.33333333333334,53327004.85885864,50512754.16574016,56,
success,90,270,90,sma_270d_weight,450,6,5.222855526872094,2638.208172720675,83.33333333333334,53150962.33846085,50512754.16574016,61,
success,90,270,90,stacksats_mvrv_weight,450,6,4.960401161687411,2505.6352444376826,83.33333333333334,53018389.41017786,50512754.16574016,61,
success,90,270,90,stacksats_momentum_weight,450,6,5.043228746584627,2547.4737387782297,83.33333333333334,53060227.904518396,50512754.16574016,61,
success,90,270,120,sma_270d_weight,480,6,4.411673538939587,2228.457809319567,83.33333333333334,52741211.97505974,50512754.16574016,46,
success,90,270,120,stacksats_mvrv_weight,480,6,4.168207788835132,2105.4765534915205,83.33333333333334,52618230.7192317,50512754.16574016,46,
success,90,270,120,stacksats_momentum_weight,480,6,4.258850828236782,2151.2628491528376,83.33333333333334,52664017.014893,50512754.16574016,46,
success,90,270,150,sma_270d_weight,510,6,3.5742036039762892,1805.428679859564,83.33333333333334,52318182.84559973,50512754.16574016,58,
success,90,270,150,stacksats_mvrv_weight,510,6,3.31432761737791,1674.1581616133335,83.33333333333334,52186912.32735351,50512754.16574016,58,
success,90,270,150,stacksats_momentum_weight,510,6,3.403467102440527,1719.1849705676286,83.33333333333334,52231939.13630781,50512754.16574016,58,
success,90,270,180,sma_270d_weight,540,6,3.3360684214770453,1685.1400405415843,83.33333333333334,52197894.20628176,50512754.16574016,62,
success,90,270,180,stacksats_mvrv_weight,540,6,3.0724273039967276,1551.9676509889468,83.33333333333334,52064721.816729136,50512754.16574016,62,
success,90,270,180,stacksats_momentum_weight,540,6,3.160430858389529,1596.4206700764917,83.33333333333334,52109174.835816674,50512754.16574016,62,
success,90,270,200,sma_270d_weight,560,6,3.2605206786413543,1646.978794925235,83.33333333333334,52159732.96066541,50512754.16574016,63,
success,90,270,200,stacksats_mvrv_weight,560,6,2.9954530110213096,1513.0858156074537,83.33333333333334,52025839.981347635,50512754.16574016,63,
success,90,270,200,stacksats_momentum_weight,560,6,3.0832051100980307,1557.4118176893535,83.33333333333334,52070165.98342952,50512754.16574016,63,
success,90,270,210,sma_270d_weight,570,6,3.15437602063815,1593.362204768011,83.33333333333334,52106116.37050819,50512754.16574016,64,
success,90,270,210,stacksats_mvrv_weight,570,6,2.8861059722274263,1457.8516147139817,83.33333333333334,51970605.78045416,50512754.16574016,64,
success,90,270,210,stacksats_momentum_weight,570,6,2.974743989041828,1502.6251182448323,83.33333333333334,52015379.28398502,50512754.16574016,64,
success,90,270,240,sma_270d_weight,600,6,3.1926637338476116,1612.7023832171908,83.33333333333334,52125456.54895736,50512754.16574016,64,
success,90,270,240,stacksats_mvrv_weight,600,6,2.92357354862276,1476.7775194704227,83.33333333333334,51989531.6852106,50512754.16574016,64,
success,90,270,240,stacksats_momentum_weight,600,6,3.012848017122116,1521.8725122762698,83.33333333333334,52034626.67801645,50512754.16574016,64,
success,90,270,270,sma_270d_weight,630,6,3.2361582838719594,1634.6726783464837,83.33333333333334,52147426.84408665,50512754.16574016,64,
success,90,270,270,stacksats_mvrv_weight,630,6,2.9645548993327164,1497.4783284083387,83.33333333333334,52010232.494148515,50512754.16574016,64,
success,90,270,270,stacksats_momentum_weight,630,6,3.0554010296141243,1543.367210866476,83.33333333333334,52056121.37660665,50512754.16574016,64,
success,90,270,300,sma_270d_weight,660,6,3.2557556086767914,1644.5718268482087,83.33333333333334,52157325.99258838,50512754.16574016,63,
success,90,270,300,stacksats_mvrv_weight,660,6,2.985446475911857,1508.0312391271073,83.33333333333334,52020785.404867284,50512754.16574016,63,
success,90,270,300,stacksats_momentum_weight,660,6,3.0728744260845486,1552.1935046699873,83.33333333333334,52064947.67041016,50512754.16574016,63,
success,90,270,340,sma_270d_weight,700,6,6.96459474887583,3518.008624139693,83.33333333333334,54030762.789879866,50512754.16574016,47,
success,90,270,340,stacksats_mvrv_weight,700,6,6.702092234699375,3385.411374474861,83.33333333333334,53898165.540215045,50512754.16574016,47,
success,90,270,340,stacksats_momentum_weight,700,6,6.803870665902112,3436.8224632220445,83.33333333333334,53949576.628962226,50512754.16574016,47,
success,90,300,60,sma_300d_weight,450,6,6.627461353915853,3347.7132611329507,83.33333333333334,53860467.42687314,50512754.16574016,79,
success,90,300,60,stacksats_mvrv_weight,450,6,6.298194089945031,3181.3912975351122,83.33333333333334,53694145.46327529,50512754.16574016,79,
success,90,300,60,stacksats_momentum_weight,450,6,6.396986485184741,3231.2940572769876,83.33333333333334,53744048.223017156,50512754.16574016,79,
success,90,300,90,sma_300d_weight,480,6,6.045096803629946,3053.5448874986105,83.33333333333334,53566299.05323878,50512754.16574016,86,
success,90,300,90,stacksats_mvrv_weight,480,6,5.700348328732696,2879.4029378836276,83.33333333333334,53392157.103623785,50512754.16574016,86,
success,90,300,90,stacksats_momentum_weight,480,6,5.785822759313608,2922.578426877524,83.33333333333334,53435332.5926177,50512754.16574016,86,
success,90,300,120,sma_300d_weight,510,6,5.249281908057624,2651.5568656838223,83.33333333333334,53164311.031424,50512754.16574016,76,
success,90,300,120,stacksats_mvrv_weight,510,6,4.925828359700191,2488.171569961669,83.33333333333334,53000925.73570184,50512754.16574016,76,
success,90,300,120,stacksats_momentum_weight,510,6,5.015455418515247,2533.4446658469024,83.33333333333334,53046198.831587076,50512754.16574016,76,
success,90,300,150,sma_300d_weight,540,6,3.2990884446306046,1666.4604357466014,83.33333333333334,52179214.601486765,50512754.16574016,76,
success,90,300,150,stacksats_mvrv_weight,540,6,2.9615558460516,1495.9634239971565,83.33333333333334,52008717.58973733,50512754.16574016,76,
success,90,300,150,stacksats_momentum_weight,540,6,3.0570752049173366,1544.212882921689,83.33333333333334,52056967.048661865,50512754.16574016,76,
success,90,300,180,sma_300d_weight,570,6,3.303407168260364,1668.6419419967933,83.33333333333334,52181396.107736945,50512754.16574016,79,
success,90,300,180,stacksats_mvrv_weight,570,6,2.9608992391820577,1495.6317537833093,83.33333333333334,52008385.91952349,50512754.16574016,79,
success,90,300,180,stacksats_momentum_weight,570,6,3.056943645956456,1544.1464288671996,83.33333333333334,52056900.59460737,50512754.16574016,79,
success,90,300,200,sma_300d_weight,590,6,3.282738716849809,1658.2017379459212,83.33333333333334,52170955.90368609,50512754.16574016,80,
success,90,300,200,stacksats_mvrv_weight,590,6,2.937139548336898,1483.6300795561474,83.33333333333334,51996384.24529633,50512754.16574016,80,
success,90,300,200,stacksats_momentum_weight,590,6,3.033944653488807,1532.5290043414134,83.33333333333334,52045283.170081586,50512754.16574016,80,
success,90,300,210,sma_300d_weight,600,6,3.2139023983327464,1623.4306175966485,83.33333333333334,52136184.78333682,50512754.16574016,80,
success,90,300,210,stacksats_mvrv_weight,600,6,2.8675788745896824,1448.4930674301795,83.33333333333334,51961247.23317036,50512754.16574016,80,
success,90,300,210,stacksats_momentum_weight,600,6,2.9644766005572976,1497.4387775403957,83.33333333333334,52010192.94328056,50512754.16574016,80,
success,90,300,240,sma_300d_weight,630,6,3.3440628577093623,1689.1782504625517,83.33333333333334,52201932.416202724,50512754.16574016,80,
success,90,300,240,stacksats_mvrv_weight,630,6,2.9982410710632346,1514.494141522424,83.33333333333334,52027248.30726259,50512754.16574016,80,
success,90,300,240,stacksats_momentum_weight,630,6,3.095367292734341,1563.5552711056298,83.33333333333334,52076309.43684581,50512754.16574016,80,
success,90,300,270,sma_300d_weight,660,6,3.5016395965859815,1768.7746011936906,83.33333333333334,52281528.766933866,50512754.16574016,80,
success,90,300,270,stacksats_mvrv_weight,660,6,3.154441313763412,1593.3951861238602,83.33333333333334,52106149.351864025,50512754.16574016,80,
success,90,300,270,stacksats_momentum_weight,660,6,3.2526775358352467,1643.0170074807102,83.33333333333334,52155771.17322088,50512754.16574016,80,
success,90,300,300,sma_300d_weight,690,6,3.56821084499106,1802.401572245617,83.33333333333334,52315155.73798579,50512754.16574016,80,
success,90,300,300,stacksats_mvrv_weight,690,6,3.218269920639427,1625.6367734025553,83.33333333333334,52138390.939142734,50512754.16574016,80,
success,90,300,300,stacksats_momentum_weight,690,6,3.3175203524561825,1675.770900034593,83.33333333333334,52188525.06577477,50512754.16574016,80,
success,90,300,340,sma_300d_weight,730,6,7.317415993047538,3696.228351852653,83.33333333333334,54208982.51759282,50512754.16574016,77,
success,90,300,340,stacksats_mvrv_weight,730,6,6.974292548358729,3522.907249751981,83.33333333333334,54035661.415492155,50512754.16574016,77,
success,90,300,340,stacksats_momentum_weight,730,6,7.089278213663719,3580.989676193334,83.33333333333334,54093743.84193351,50512754.16574016,77,
success,90,340,60,sma_340d_weight,490,6,6.669181077340647,3368.787042465141,83.33333333333334,53881541.20820532,50512754.16574016,75,
success,90,340,60,stacksats_mvrv_weight,490,6,6.317369207265777,3191.077177408326,83.33333333333334,53703831.34314849,50512754.16574016,75,
success,90,340,60,stacksats_momentum_weight,490,6,6.280820511633478,3172.6154246328006,83.33333333333334,53685369.59037297,50512754.16574016,75,
success,90,340,90,sma_340d_weight,520,6,6.1713554702574225,3117.3216173850888,83.33333333333334,53630075.78312526,50512754.16574016,86,
success,90,340,90,stacksats_mvrv_weight,520,6,5.7927061382649025,2926.055411165493,83.33333333333334,53438809.57690567,50512754.16574016,86,
success,90,340,90,stacksats_momentum_weight,520,6,5.748316767648887,2903.6331175105006,83.33333333333334,53416387.28325066,50512754.16574016,86,
success,90,340,120,sma_340d_weight,550,6,5.475576007711447,2765.864247933532,83.33333333333334,53278618.41367369,50512754.16574016,76,
success,90,340,120,stacksats_mvrv_weight,550,6,5.119235450863879,2585.866818460294,83.33333333333334,53098620.98420048,50512754.16574016,76,
success,90,340,120,stacksats_momentum_weight,550,6,5.0820310909680755,2567.0738716071864,83.33333333333334,53079828.03734736,50512754.16574016,76,
success,90,340,150,sma_340d_weight,580,6,4.951979921268035,2501.381443966937,83.33333333333334,53014135.609707095,50512754.16574016,75,
success,90,340,150,stacksats_mvrv_weight,580,6,4.601716313381199,2324.4536487830046,83.33333333333334,52837207.81452318,50512754.16574016,75,
success,90,340,150,stacksats_momentum_weight,580,6,4.564610026895255,2305.710241510329,83.33333333333334,52818464.40725051,50512754.16574016,75,
success,90,340,180,sma_340d_weight,610,6,4.10936689520518,2075.7543975433073,83.33333333333334,52588508.563283496,50512754.16574016,75,
success,90,340,180,stacksats_mvrv_weight,610,6,3.721325072398507,1879.7437855287135,83.33333333333334,52392497.95126889,50512754.16574016,75,
success,90,340,180,stacksats_momentum_weight,610,6,3.7130466368964443,1875.5621197547807,83.33333333333334,52388316.28549495,50512754.16574016,75,
success,90,340,200,sma_340d_weight,630,6,3.131997650034557,1582.0582734387135,83.33333333333334,52094812.43917888,50512754.16574016,75,
success,90,340,200,stacksats_mvrv_weight,630,6,2.6647824731717007,1346.055019724954,83.33333333333334,51858809.18546513,50512754.16574016,75,
success,90,340,200,stacksats_momentum_weight,630,6,2.685348828616352,1356.443652291564,83.33333333333334,51869197.81803173,50512754.16574016,75,
success,90,340,210,sma_340d_weight,640,6,3.0634885723986205,1547.4524514712612,83.33333333333334,52060206.61721143,50512754.16574016,75,
success,90,340,210,stacksats_mvrv_weight,640,6,2.5956056315810327,1311.111891792636,83.33333333333334,51823866.05753282,50512754.16574016,75,
success,90,340,210,stacksats_momentum_weight,640,6,2.6164024817151077,1321.6169535750814,83.33333333333334,51834371.11931524,50512754.16574016,75,
success,90,340,240,sma_340d_weight,670,6,3.1941827995459082,1613.4697051389812,83.33333333333334,52126223.870879166,50512754.16574016,75,
success,90,340,240,stacksats_mvrv_weight,670,6,2.7279094349281774,1377.9421867292986,83.33333333333334,51890696.352469474,50512754.16574016,75,
success,90,340,240,stacksats_momentum_weight,670,6,2.7482070032113226,1388.195047497793,83.33333333333334,51900949.21323795,50512754.16574016,75,
success,90,340,270,sma_340d_weight,700,6,4.43111799325282,2238.2797387256724,83.33333333333334,52751033.90446584,50512754.16574016,75,
success,90,340,270,stacksats_mvrv_weight,700,6,4.015045865741085,2028.11024780351,83.33333333333334,52540864.41354368,50512754.16574016,75,
success,90,340,270,stacksats_momentum_weight,700,6,4.0005789774572476,2020.802624089265,83.33333333333334,52533556.78982943,50512754.16574016,75,
success,90,340,300,sma_340d_weight,730,6,3.7466343570368377,1892.5282022591782,83.33333333333334,52405282.36799935,50512754.16574016,75,
success,90,340,300,stacksats_mvrv_weight,730,6,3.3336367001067124,1683.9117111037922,83.33333333333334,52196665.87684397,50512754.16574016,75,
success,90,340,300,stacksats_momentum_weight,730,6,3.3444047037593627,1689.35092631742,83.33333333333334,52202105.092057586,50512754.16574016,75,
success,90,340,340,sma_340d_weight,770,6,8.21888811992537,4151.586751175128,83.33333333333334,54664340.9169153,50512754.16574016,75,
success,90,340,340,stacksats_mvrv_weight,770,6,7.77226693612445,3925.986090549646,83.33333333333334,54438740.25628981,50512754.16574016,75,
success,90,340,340,stacksats_momentum_weight,770,6,7.757255940818708,3918.403623393031,83.33333333333334,54431157.7891332,50512754.16574016,75,
success,120,60,60,sma_60d_weight,240,6,-2.0191867486849424,-1019.9468385104265,50.0,49492807.32722974,50512754.16574016,32,
success,120,60,60,stacksats_mvrv_weight,240,6,-2.164462721138316,-1093.3297333376904,50.0,49419424.43240248,50512754.16574016,32,
success,120,60,60,stacksats_momentum_weight,240,6,-2.080711115591749,-1051.0244907180895,50.0,49461729.67502208,50512754.16574016,32,
success,120,60,90,sma_60d_weight,270,6,-2.102224467206115,-1061.8914771318668,50.0,49450862.6886083,50512754.16574016,17,
success,120,60,90,stacksats_mvrv_weight,270,6,-2.2407624410688,-1131.8708232953213,50.0,49380883.34244485,50512754.16574016,17,
success,120,60,90,stacksats_momentum_weight,270,6,-2.145536187604813,-1083.7694199818143,50.0,49428984.74575837,50512754.16574016,17,
success,120,60,120,sma_60d_weight,300,6,-2.0632234751870704,-1042.1910019110874,50.0,49470563.16382908,50512754.16574016,27,
success,120,60,120,stacksats_mvrv_weight,300,6,-2.190668597594436,-1106.5670432889456,50.0,49406187.12245122,50512754.16574016,27,
success,120,60,120,stacksats_momentum_weight,300,6,-2.1146133815701296,-1068.149458988366,50.0,49444604.7067518,50512754.16574016,27,
success,120,60,150,sma_60d_weight,330,6,-2.082013292302587,-1051.6822560388391,50.0,49461071.909701325,50512754.16574016,47,
success,120,60,150,stacksats_mvrv_weight,330,6,-2.4048599374782653,-1214.7609882487668,50.0,49297993.177491404,50512754.16574016,47,
success,120,60,150,stacksats_momentum_weight,330,6,-2.1308212298511764,-1076.3364895461273,50.0,49436417.67619406,50512754.16574016,47,
success,120,60,180,sma_60d_weight,360,6,-2.084224474735219,-1052.7991851851912,50.0,49459954.98055497,50512754.16574016,43,
success,120,60,180,stacksats_mvrv_weight,360,6,-2.3849575911957688,-1204.7077649978746,50.0,49308046.40074231,50512754.16574016,43,
success,120,60,180,stacksats_momentum_weight,360,6,-2.1309880187809993,-1076.420739228226,50.0,49436333.42651195,50512754.16574016,43,
success,120,60,200,sma_60d_weight,380,6,-2.082044737964883,-1051.6981401089288,50.0,49461056.02563125,50512754.16574016,44,
success,120,60,200,stacksats_mvrv_weight,380,6,-2.3838289599283358,-1204.1376622603202,50.0,49308616.50347986,50512754.16574016,44,
success,120,60,200,stacksats_momentum_weight,380,6,-2.1294523902921747,-1075.6450509847637,50.0,49437109.114755414,50512754.16574016,44,
success,120,60,210,sma_60d_weight,390,6,-2.0827618338740805,-1052.060365002675,50.0,49460693.80073749,50512754.16574016,44,
success,120,60,210,stacksats_mvrv_weight,390,6,-2.384639213125195,-1204.5469434657716,50.0,49308207.2222744,50512754.16574016,44,
success,120,60,210,stacksats_momentum_weight,390,6,-2.1301904432223573,-1076.0178618470018,50.0,49436736.30389318,50512754.16574016,44,
success,120,60,240,sma_60d_weight,420,6,-2.084553249150345,-1052.9652581972623,50.0,49459788.9075429,50512754.16574016,44,
success,120,60,240,stacksats_mvrv_weight,420,6,-2.3865996631656894,-1205.5372207752662,50.0,49307216.9449649,50512754.16574016,44,
success,120,60,240,stacksats_momentum_weight,420,6,-2.132019146396502,-1076.9415901857792,50.0,49435812.57555441,50512754.16574016,44,
success,120,60,270,sma_60d_weight,450,6,-2.0807796593871775,-1051.0591140769684,50.0,49461695.051663205,50512754.16574016,44,
success,120,60,270,stacksats_mvrv_weight,450,6,-2.382530865175747,-1203.4819588491082,50.0,49309272.206891075,50512754.16574016,44,
success,120,60,270,stacksats_momentum_weight,450,6,-2.128181919818928,-1075.003301357865,50.0,49437750.86438232,50512754.16574016,44,
success,120,60,300,sma_60d_weight,480,6,-2.0714073321996596,-1046.324893485129,50.0,49466429.27225504,50512754.16574016,47,
success,120,60,300,stacksats_mvrv_weight,480,6,-2.374664316710262,-1199.5083485614086,50.0,49313245.817178756,50512754.16574016,47,
success,120,60,300,stacksats_momentum_weight,480,6,-2.119521320732287,-1070.6285942319519,50.0,49442125.57150823,50512754.16574016,47,
success,120,60,340,sma_60d_weight,520,6,-2.0626212006743305,-1041.886776467065,50.0,49470867.3892731,50512754.16574016,49,
success,120,60,340,stacksats_mvrv_weight,520,6,-2.378440633328882,-1201.4158700914923,50.0,49311338.29564868,50512754.16574016,49,
success,120,60,340,stacksats_momentum_weight,520,6,-2.113512300826159,-1067.5932727789987,50.0,49445160.89296118,50512754.16574016,49,
success,120,90,60,sma_90d_weight,270,6,-1.4723421400528292,-743.7205656834849,50.0,49769033.60005669,50512754.16574016,11,
success,120,90,60,stacksats_mvrv_weight,270,6,-1.6334623796530723,-825.1068362240039,50.0,49687647.32951617,50512754.16574016,11,
success,120,90,60,stacksats_momentum_weight,270,6,-1.5212478190315348,-768.4241710790811,50.0,49744329.99466109,50512754.16574016,11,
success,120,90,90,sma_90d_weight,300,6,-1.5899500384490284,-803.1275542798467,50.0,49709626.61146033,50512754.16574016,19,
success,120,90,90,stacksats_mvrv_weight,300,6,-1.7442064222628062,-881.0467022206649,50.0,49631707.463519506,50512754.16574016,19,
success,120,90,90,stacksats_momentum_weight,300,6,-1.6385980187818228,-827.70098899195,50.0,49685053.176748216,50512754.16574016,19,
success,120,90,120,sma_90d_weight,330,6,-1.6440825344678722,-830.4713689176278,50.0,49682282.796822555,50512754.16574016,23,
success,120,90,120,stacksats_mvrv_weight,330,6,-1.8163615695000912,-917.4942543625584,50.0,49595259.911377616,50512754.16574016,23,
success,120,90,120,stacksats_momentum_weight,330,6,-1.7239317551513533,-870.8054094647305,50.0,49641948.756275445,50512754.16574016,23,
success,120,90,150,sma_90d_weight,360,6,-1.6319494928161316,-824.3426354152543,50.0,49688411.53032492,50512754.16574016,8,
success,120,90,150,stacksats_mvrv_weight,360,6,-1.7969692266223025,-907.6986478777253,50.0,49605055.51786245,50512754.16574016,8,
success,120,90,150,stacksats_momentum_weight,360,6,-1.6817343549628272,-849.490340443168,50.0,49663263.825297005,50512754.16574016,8,
success,120,90,180,sma_90d_weight,390,6,-1.6362969172653452,-826.5386392398286,50.0,49686215.52650036,50512754.16574016,32,
success,120,90,180,stacksats_mvrv_weight,390,6,-1.7852546347906784,-901.7812849042966,50.0,49610972.880835876,50512754.16574016,32,
success,120,90,180,stacksats_momentum_weight,390,6,-1.7084870461738677,-863.00386158732,50.0,49649750.304152854,50512754.16574016,32,
success,120,90,200,sma_90d_weight,410,6,-1.6319391145314888,-824.3373930578455,50.0,49688416.77268233,50512754.16574016,31,
success,120,90,200,stacksats_mvrv_weight,410,6,-1.7804799726219067,-899.36947154074,50.0,49613384.69419942,50512754.16574016,31,
success,120,90,200,stacksats_momentum_weight,410,6,-1.7038750265737646,-860.674203464645,50.0,49652079.96227553,50512754.16574016,31,
success,120,90,210,sma_90d_weight,420,6,-1.6317670950933172,-824.2505013019254,50.0,49688503.66443825,50512754.16574016,31,
success,120,90,210,stacksats_mvrv_weight,420,6,-1.7803118239715587,-899.2845350263597,50.0,49613469.63071381,50512754.16574016,31,
success,120,90,210,stacksats_momentum_weight,420,6,-1.7037067341141743,-860.5891943082534,50.0,49652164.971431926,50512754.16574016,31,
success,120,90,240,sma_90d_weight,450,6,-1.6391648296402495,-827.9873007674541,50.0,49684766.86497272,50512754.16574016,59,
success,120,90,240,stacksats_mvrv_weight,450,6,-1.7910387923154358,-904.7030221753375,50.0,49608051.14356484,50512754.16574016,59,
success,120,90,240,stacksats_momentum_weight,450,6,-1.7050692322632566,-861.2774296488133,50.0,49651476.73609136,50512754.16574016,59,
success,120,90,270,sma_90d_weight,480,6,-1.7175909124441224,-867.6024751759905,50.0,49645151.69056419,50512754.16574016,63,
success,120,90,270,stacksats_mvrv_weight,480,6,-1.8598062576440366,-939.439362882782,50.0,49573314.8028574,50512754.16574016,63,
success,120,90,270,stacksats_momentum_weight,480,6,-1.7818785731683495,-900.0759431965271,50.0,49612678.22254364,50512754.16574016,63,
success,120,90,300,sma_90d_weight,510,6,-1.6523538001312454,-834.649413008563,50.0,49678104.752731614,50512754.16574016,68,
success,120,90,300,stacksats_mvrv_weight,510,6,-1.7783521217430431,-898.294635457285,50.0,49614459.530282885,50512754.16574016,68,
success,120,90,300,stacksats_momentum_weight,510,6,-1.7040161242915297,-860.7454758079548,50.0,49652008.68993221,50512754.16574016,68,
success,120,90,340,sma_90d_weight,550,6,-1.6967158963084872,-857.0579295933421,50.0,49655696.23614684,50512754.16574016,58,
success,120,90,340,stacksats_mvrv_weight,550,6,-1.8497766364323986,-934.373124976395,50.0,49578381.04076378,50512754.16574016,58,
success,120,90,340,stacksats_momentum_weight,550,6,-1.7618747525005474,-889.9714624388434,50.0,49622782.70330133,50512754.16574016,58,
success,120,120,60,sma_120d_weight,300,6,-0.5263016748954907,-265.849471210131,66.66666666666666,50246904.69453004,50512754.16574016,16,
success,120,120,60,stacksats_mvrv_weight,300,6,-0.7184650059436692,-362.91646221919655,66.66666666666666,50149837.70352097,50512754.16574016,16,
success,120,120,60,stacksats_momentum_weight,300,6,-0.5854219184301956,-295.7127344890032,66.66666666666666,50217041.43125117,50512754.16574016,16,
success,120,120,90,sma_120d_weight,330,6,-0.6775246081263675,-342.2363397152658,66.66666666666666,50170517.82602491,50512754.16574016,28,
success,120,120,90,stacksats_mvrv_weight,330,6,-0.8594978321864843,-434.1560270322225,66.66666666666666,50078598.13870795,50512754.16574016,28,
success,120,120,90,stacksats_momentum_weight,330,6,-0.7374860124258587,-372.52449646339664,66.66666666666666,50140229.669276774,50512754.16574016,28,
success,120,120,120,sma_120d_weight,360,6,-0.8602144631411845,-434.51801706464903,66.66666666666666,50078236.14867553,50512754.16574016,19,
success,120,120,120,stacksats_mvrv_weight,360,6,-1.052087510014743,-531.4383775422029,66.66666666666666,49981315.78819797,50512754.16574016,19,
success,120,120,120,stacksats_momentum_weight,360,6,-0.9224626305767814,-465.9612808540696,66.66666666666666,50046792.884886116,50512754.16574016,19,
success,120,120,150,sma_120d_weight,390,6,-0.8709411046994742,-439.936339145228,66.66666666666666,50072817.82659495,50512754.16574016,13,
success,120,120,150,stacksats_mvrv_weight,390,6,-1.0579462315646215,-534.3977791559519,66.66666666666666,49978356.38658422,50512754.16574016,13,
success,120,120,150,stacksats_momentum_weight,390,6,-0.923463469428687,-466.46683212292555,66.66666666666666,50046287.33361724,50512754.16574016,13,
success,120,120,180,sma_120d_weight,420,6,-0.9254875376032312,-467.48924470408383,66.66666666666666,50045264.92103609,50512754.16574016,13,
success,120,120,180,stacksats_mvrv_weight,420,6,-1.112962572751397,-562.1880483306086,66.66666666666666,49950566.11740958,50512754.16574016,13,
success,120,120,180,stacksats_momentum_weight,420,6,-0.9781476247577081,-494.0893050718878,66.66666666666666,50018664.86066829,50512754.16574016,13,
success,120,120,200,sma_120d_weight,440,6,-0.9060796683549199,-457.68579542187217,66.66666666666666,50055068.37031831,50512754.16574016,69,
success,120,120,200,stacksats_mvrv_weight,440,6,-1.1993652763669926,-605.8324336005098,66.66666666666666,49906921.73213966,50512754.16574016,69,
success,120,120,200,stacksats_momentum_weight,440,6,-1.0716990532785187,-541.3447081791455,66.66666666666666,49971409.45756103,50512754.16574016,69,
success,120,120,210,sma_120d_weight,450,6,-0.8978048681501316,-453.50596593672526,66.66666666666666,50059248.19980346,50512754.16574016,69,
success,120,120,210,stacksats_mvrv_weight,450,6,-1.1909314589565345,-601.5722801451775,66.66666666666666,49911181.885595,50512754.16574016,69,
success,120,120,210,stacksats_momentum_weight,450,6,-1.0632869681183155,-537.0955322819573,66.66666666666666,49975658.63345822,50512754.16574016,69,
success,120,120,240,sma_120d_weight,480,6,-0.8662654803326952,-437.5745525031234,66.66666666666666,50075179.61323704,50512754.16574016,51,
success,120,120,240,stacksats_mvrv_weight,480,6,-1.1330603066215028,-572.3399672333035,66.66666666666666,49940414.19850688,50512754.16574016,51,
success,120,120,240,stacksats_momentum_weight,480,6,-1.0522510279134756,-531.5209749364076,66.66666666666666,49981233.19080376,50512754.16574016,51,
success,120,120,270,sma_120d_weight,510,6,-0.8490024749548519,-428.85453303499526,66.66666666666666,50083899.63270518,50512754.16574016,43,
success,120,120,270,stacksats_mvrv_weight,510,6,-1.1084319496675432,-559.8995058300861,66.66666666666666,49952854.6599101,50512754.16574016,43,
success,120,120,270,stacksats_momentum_weight,510,6,-1.0290191822832417,-519.7859298650437,66.66666666666666,49992968.23587514,50512754.16574016,43,
success,120,120,300,sma_120d_weight,540,6,-0.8263584013398884,-417.4163877967585,66.66666666666666,50095337.777943425,50512754.16574016,29,
success,120,120,300,stacksats_mvrv_weight,540,6,-1.089144575310086,-550.1569218358782,66.66666666666666,49962597.2439043,50512754.16574016,29,
success,120,120,300,stacksats_momentum_weight,540,6,-1.0082650759735579,-509.30245916553395,66.66666666666666,50003451.70657465,50512754.16574016,29,
success,120,120,340,sma_120d_weight,580,6,-0.8364466150039385,-422.5122223645958,66.66666666666666,50090241.943375565,50512754.16574016,24,
success,120,120,340,stacksats_mvrv_weight,580,6,-1.09725641606494,-554.254436014693,66.66666666666666,49958499.72972548,50512754.16574016,24,
success,120,120,340,stacksats_momentum_weight,580,6,-1.01673890755819,-513.5828248823018,66.66666666666666,49999171.34085787,50512754.16574016,24,
success,120,150,60,sma_150d_weight,330,6,0.3483625853739847,175.96753635537607,66.66666666666666,50688721.70209554,50512754.16574016,26,
success,120,150,60,stacksats_mvrv_weight,330,6,0.06191022237369559,31.272558431090147,66.66666666666666,50544026.724171266,50512754.16574016,26,
success,120,150,60,stacksats_momentum_weight,330,6,0.1939544479425237,97.9717334827219,66.66666666666666,50610725.899222896,50512754.16574016,26,
success,120,150,90,sma_150d_weight,360,6,0.06892270483698226,34.814756458683405,66.66666666666666,50547568.92219885,50512754.16574016,39,
success,120,150,90,stacksats_mvrv_weight,360,6,-0.21126633061566702,-106.71644221887254,66.66666666666666,50406037.7235213,50512754.16574016,39,
success,120,150,90,stacksats_momentum_weight,360,6,-0.09136240052668443,-46.14966477796406,66.66666666666666,50466604.50096221,50512754.16574016,39,
success,120,150,120,sma_150d_weight,390,6,-0.31400990969822073,-158.61505374192348,66.66666666666666,50354139.111998245,50512754.16574016,29,
success,120,150,120,stacksats_mvrv_weight,390,6,-0.5957906605038477,-300.9502716827483,66.66666666666666,50211803.89405744,50512754.16574016,29,
success,120,150,120,stacksats_momentum_weight,390,6,-0.4682673848549701,-236.5347529501305,66.66666666666666,50276219.412790045,50512754.16574016,29,
success,120,150,150,sma_150d_weight,420,6,-0.43285803979289383,-218.6485175272246,66.66666666666666,50294105.64821294,50512754.16574016,28,
success,120,150,150,stacksats_mvrv_weight,420,6,-0.7152942615531899,-361.3148319000102,66.66666666666666,50151439.33384016,50512754.16574016,28,
success,120,150,150,stacksats_momentum_weight,420,6,-0.5867782349188833,-296.39784730264364,66.66666666666666,50216356.31843753,50512754.16574016,28,
success,120,150,180,sma_150d_weight,450,6,-0.4439826489635035,-224.26786400947458,66.66666666666666,50288486.3017307,50512754.16574016,28,
success,120,150,180,stacksats_mvrv_weight,450,6,-0.7268957115308616,-367.17504380689206,66.66666666666666,50145579.121933274,50512754.16574016,28,
success,120,150,180,stacksats_momentum_weight,450,6,-0.5981207593632965,-302.12726879143884,66.66666666666666,50210626.89694874,50512754.16574016,28,
success,120,150,200,sma_150d_weight,470,6,-0.4368811125589511,-220.68068238345586,66.66666666666666,50292073.483356714,50512754.16574016,76,
success,120,150,200,stacksats_mvrv_weight,470,6,-0.7911104683531622,-399.6116860586699,66.66666666666666,50113142.4796815,50512754.16574016,76,
success,120,150,200,stacksats_momentum_weight,470,6,-0.6414339860363882,-324.0059725020692,66.66666666666666,50188748.19323812,50512754.16574016,76,
success,120,150,210,sma_150d_weight,480,6,-0.40546086152719596,-204.80944822152378,66.66666666666666,50307944.71751865,50512754.16574016,76,
success,120,150,210,stacksats_mvrv_weight,480,6,-0.7598977171448418,-383.84526577244833,66.66666666666666,50128908.89996773,50512754.16574016,76,
success,120,150,210,stacksats_momentum_weight,480,6,-0.609939274511595,-308.09712629434216,66.66666666666666,50204657.03944584,50512754.16574016,76,
success,120,150,240,sma_150d_weight,510,6,-0.319630651882008,-161.45424542351248,66.66666666666666,50351299.92031667,50512754.16574016,58,
success,120,150,240,stacksats_mvrv_weight,510,6,-0.6412422627672165,-323.9091277984335,66.66666666666666,50188845.03794174,50512754.16574016,58,
success,120,150,240,stacksats_momentum_weight,510,6,-0.539005247873392,-272.26639579872426,66.66666666666666,50240487.76994146,50512754.16574016,58,
success,120,150,270,sma_150d_weight,540,6,-0.2653391388263593,-134.0301069008492,66.66666666666666,50378724.05883932,50512754.16574016,76,
success,120,150,270,stacksats_mvrv_weight,540,6,-0.5462976567114697,-275.9499923478652,66.66666666666666,50236804.17339231,50512754.16574016,76,
success,120,150,270,stacksats_momentum_weight,540,6,-0.47055030834929346,-237.68792048261093,66.66666666666666,50275066.245257564,50512754.16574016,76,
success,120,150,300,sma_150d_weight,570,6,2.218305296915557,1120.5271012765443,66.66666666666666,51633281.26701672,50512754.16574016,77,
success,120,150,300,stacksats_mvrv_weight,570,6,1.955393706186137,987.7232157781546,66.66666666666666,51500477.381518334,50512754.16574016,77,
success,120,150,300,stacksats_momentum_weight,570,6,2.024948563409623,1022.8572898177881,66.66666666666666,51535611.45555796,50512754.16574016,77,
success,120,150,340,sma_150d_weight,610,6,2.231110546510351,1126.9953855246713,66.66666666666666,51639749.551264845,50512754.16574016,71,
success,120,150,340,stacksats_mvrv_weight,610,6,1.9537794241260231,986.9077974495958,66.66666666666666,51499661.96318977,50512754.16574016,71,
success,120,150,340,stacksats_momentum_weight,610,6,2.0246347512623775,1022.698774659315,66.66666666666666,51535452.94039948,50512754.16574016,71,
success,120,180,60,sma_180d_weight,360,6,1.9916530317663605,1006.0387997706566,83.33333333333334,51518792.96551083,50512754.16574016,5,
success,120,180,60,stacksats_mvrv_weight,360,6,1.8227632152506557,920.7279019431007,83.33333333333334,51433482.06768329,50512754.16574016,5,
success,120,180,60,stacksats_momentum_weight,360,6,1.9179238825177247,968.7961758621968,83.33333333333334,51481550.34160236,50512754.16574016,5,
success,120,180,90,sma_180d_weight,390,6,1.4614397561352632,738.2134712969928,83.33333333333334,51250967.63703717,50512754.16574016,24,
success,120,180,90,stacksats_mvrv_weight,390,6,1.304660496497645,659.0199492933752,83.33333333333334,51171774.11503355,50512754.16574016,24,
success,120,180,90,stacksats_momentum_weight,390,6,1.3757676280346631,694.9381198409828,83.33333333333334,51207692.285581164,50512754.16574016,24,
success,120,180,120,sma_180d_weight,420,6,0.7457025493237124,376.6748955475414,83.33333333333334,50889429.061287716,50512754.16574016,14,
success,120,180,120,stacksats_mvrv_weight,420,6,0.5924410978783268,299.2583153480882,83.33333333333334,50812012.48108827,50512754.16574016,14,
success,120,180,120,stacksats_momentum_weight,420,6,0.6715187866097816,339.2026338569631,83.33333333333334,50851956.799597144,50512754.16574016,14,
success,120,180,150,sma_180d_weight,450,6,0.4796359176401088,242.2773119681442,83.33333333333334,50755031.47770832,50512754.16574016,13,
success,120,180,150,stacksats_mvrv_weight,450,6,0.32676570559386775,165.05835756457236,83.33333333333334,50677812.52330474,50512754.16574016,13,
success,120,180,150,stacksats_momentum_weight,450,6,0.4064974519446318,205.33305859078973,83.33333333333334,50718087.22433096,50512754.16574016,13,
success,120,180,180,sma_180d_weight,480,6,0.5285671884449394,266.99384449995705,83.33333333333334,50779748.01024012,50512754.16574016,13,
success,120,180,180,stacksats_mvrv_weight,480,6,0.37524118379894666,189.54465670097852,83.33333333333334,50702298.822441146,50512754.16574016,13,
success,120,180,180,stacksats_momentum_weight,480,6,0.4538146811793986,229.23429427218798,83.33333333333334,50741988.46001236,50512754.16574016,13,
success,120,180,200,sma_180d_weight,500,6,0.5073659558968879,256.2845180228542,83.33333333333334,50769038.68376303,50512754.16574016,13,
success,120,180,200,stacksats_mvrv_weight,500,6,0.35465995514247783,179.14851126544818,83.33333333333334,50691902.67700562,50512754.16574016,13,
success,120,180,200,stacksats_momentum_weight,500,6,0.43266985115697487,218.55345826419943,83.33333333333334,50731307.62400437,50512754.16574016,13,
success,120,180,210,sma_180d_weight,510,6,0.44439500286097555,224.47615532000054,83.33333333333334,50737230.32106018,50512754.16574016,13,
success,120,180,210,stacksats_mvrv_weight,510,6,0.29168900210658766,147.34014856260183,83.33333333333334,50660094.31430277,50512754.16574016,13,
success,120,180,210,stacksats_momentum_weight,510,6,0.3696988981210625,186.7450955613458,83.33333333333334,50699499.26130152,50512754.16574016,13,
success,120,180,240,sma_180d_weight,540,6,0.5281281702034013,266.7720842948693,83.33333333333334,50779526.250035055,50512754.16574016,67,
success,120,180,240,stacksats_mvrv_weight,540,6,0.38083989680761654,192.3727208394921,83.33333333333334,50705126.88657967,50512754.16574016,67,
success,120,180,240,stacksats_momentum_weight,540,6,0.4044884318407327,204.31824720456643,83.33333333333334,50717072.412944734,50512754.16574016,67,
success,120,180,270,sma_180d_weight,570,6,0.6969200243583495,352.0334986359521,83.33333333333334,50864787.664376125,50512754.16574016,52,
success,120,180,270,stacksats_mvrv_weight,570,6,0.5482447048241745,276.9334999745188,83.33333333333334,50789687.66571469,50512754.16574016,52,
success,120,180,270,stacksats_momentum_weight,570,6,0.5856904832125975,295.8483939573125,83.33333333333334,50808602.55969748,50512754.16574016,52,
success,120,180,300,sma_180d_weight,600,6,0.7051374676882993,356.184355583915,83.33333333333334,50868938.52132409,50512754.16574016,50,
success,120,180,300,stacksats_mvrv_weight,600,6,0.5477817129120988,276.6996300081664,83.33333333333334,50789453.79574834,50512754.16574016,50,
success,120,180,300,stacksats_momentum_weight,600,6,0.5951428755653687,300.6230576692469,83.33333333333334,50813377.22340942,50512754.16574016,50,
success,120,180,340,sma_180d_weight,640,6,4.056606319822853,2049.1035778040023,83.33333333333334,52561857.74354417,50512754.16574016,50,
success,120,180,340,stacksats_mvrv_weight,640,6,3.9027388032280674,1971.3808574055438,83.33333333333334,52484135.02314571,50512754.16574016,50,
success,120,180,340,stacksats_momentum_weight,640,6,3.947474963800901,1993.978324218886,83.33333333333334,52506732.48995905,50512754.16574016,50,
success,120,200,60,sma_200d_weight,380,6,4.202609611452135,2122.85386157858,83.33333333333334,52635608.02731876,50512754.16574016,57,
success,120,200,60,stacksats_mvrv_weight,380,6,3.924702025414395,1982.4750858353946,83.33333333333334,52495229.25157558,50512754.16574016,57,
success,120,200,60,stacksats_momentum_weight,380,6,4.072916717655595,2057.3424089647087,83.33333333333334,52570096.57470488,50512754.16574016,57,
success,120,200,90,sma_200d_weight,410,6,3.5959132271143,1816.3948084255753,83.33333333333334,52329148.97416575,50512754.16574016,73,
success,120,200,90,stacksats_mvrv_weight,410,6,3.327555847076291,1680.8401047613588,83.33333333333334,52193594.27050154,50512754.16574016,73,
success,120,200,90,stacksats_momentum_weight,410,6,3.4473526601045634,1741.3527744247185,83.33333333333334,52254106.940164894,50512754.16574016,73,
success,120,200,120,sma_200d_weight,440,6,2.7398313274141994,1383.964262972666,83.33333333333334,51896718.428712845,50512754.16574016,63,
success,120,200,120,stacksats_mvrv_weight,440,6,2.4946612329317386,1260.122095858831,83.33333333333334,51772876.261599004,50512754.16574016,63,
success,120,200,120,stacksats_momentum_weight,440,6,2.6137351143908694,1320.269592875884,83.33333333333334,51833023.75861606,50512754.16574016,63,
success,120,200,150,sma_200d_weight,470,6,2.0534480228459495,1037.2531517014286,83.33333333333334,51550007.3174416,50512754.16574016,62,
success,120,200,150,stacksats_mvrv_weight,470,6,1.8188670987497435,918.7598661929878,83.33333333333334,51431514.03193316,50512754.16574016,62,
success,120,200,150,stacksats_momentum_weight,470,6,1.9320225385914158,975.9177953453691,83.33333333333334,51488671.96108554,50512754.16574016,62,
success,120,200,180,sma_200d_weight,500,6,1.9169318698526006,968.2950829433685,83.33333333333334,51481049.24868354,50512754.16574016,62,
success,120,200,180,stacksats_mvrv_weight,500,6,1.684722559798879,850.999765005974,83.33333333333334,51363753.930746146,50512754.16574016,62,
success,120,200,180,stacksats_momentum_weight,500,6,1.7967712362484844,907.5986374869244,83.33333333333334,51420352.8032271,50512754.16574016,62,
success,120,200,200,sma_200d_weight,520,6,1.8826652151811007,950.9860519083377,83.33333333333334,51463740.217648506,50512754.16574016,62,
success,120,200,200,stacksats_mvrv_weight,520,6,1.6515350470083678,834.2358382563762,83.33333333333334,51346990.00399654,50512754.16574016,62,
success,120,200,200,stacksats_momentum_weight,520,6,1.762802479719161,890.4400830081067,83.33333333333334,51403194.24874828,50512754.16574016,62,
success,120,200,210,sma_200d_weight,530,6,1.7959654164994676,907.1915957380916,83.33333333333334,51419945.76147826,50512754.16574016,62,
success,120,200,210,stacksats_mvrv_weight,530,6,1.5655425512963062,790.7986602963647,83.33333333333334,51303552.82603654,50512754.16574016,62,
success,120,200,210,stacksats_momentum_weight,530,6,1.6762203992211733,846.7050895345747,83.33333333333334,51359459.255274735,50512754.16574016,62,
success,120,200,240,sma_200d_weight,560,6,1.8599078886553322,939.4906995056808,83.33333333333334,51452244.86524586,50512754.16574016,61,
success,120,200,240,stacksats_mvrv_weight,560,6,1.759246795514069,888.644008986681,83.33333333333334,51401398.174726844,50512754.16574016,61,
success,120,200,240,stacksats_momentum_weight,560,6,1.7535838981179719,885.7835235463353,83.33333333333334,51398537.6892865,50512754.16574016,61,
success,120,200,270,sma_200d_weight,590,6,2.0211365266391113,1020.9317250551903,83.33333333333334,51533685.89079537,50512754.16574016,45,
success,120,200,270,stacksats_mvrv_weight,590,6,1.927391634150566,973.5785979695211,83.33333333333334,51486332.763709694,50512754.16574016,45,
success,120,200,270,stacksats_momentum_weight,590,6,1.9351167344275888,977.480758881502,83.33333333333334,51490234.924621664,50512754.16574016,45,
success,120,200,300,sma_200d_weight,620,6,2.0843349156580704,1052.8549719370494,83.33333333333334,51565609.13767723,50512754.16574016,34,
success,120,200,300,stacksats_mvrv_weight,620,6,1.9890903383112502,1004.7443127256483,83.33333333333334,51517498.478465825,50512754.16574016,34,
success,120,200,300,stacksats_momentum_weight,620,6,1.9998105065694327,1010.1593649640636,83.33333333333334,51522913.53070424,50512754.16574016,34,
success,120,200,340,sma_200d_weight,660,6,7.395841941745651,3735.843458520685,83.33333333333334,54248597.62426087,50512754.16574016,34,
success,120,200,340,stacksats_mvrv_weight,660,6,7.284526504977995,3679.6149655977206,83.33333333333334,54192369.131337896,50512754.16574016,34,
success,120,200,340,stacksats_momentum_weight,660,6,7.302895701376078,3688.89375261651,83.33333333333334,54201647.91835668,50512754.16574016,34,
success,120,210,60,sma_210d_weight,390,6,3.863778921665806,1951.7011482087328,83.33333333333334,52464455.31394891,50512754.16574016,64,
success,120,210,60,stacksats_mvrv_weight,390,6,3.593791723859363,1815.3231787018012,83.33333333333334,52328077.34444198,50512754.16574016,64,
success,120,210,60,stacksats_momentum_weight,390,6,3.6927649653808237,1865.3172888814006,83.33333333333334,52378071.45462158,50512754.16574016,64,
success,120,210,90,sma_210d_weight,420,6,3.326837462556398,1680.4772289548564,83.33333333333334,52193231.39469503,50512754.16574016,82,
success,120,210,90,stacksats_mvrv_weight,420,6,3.0697956909523594,1550.6383507612481,83.33333333333334,52063392.51650143,50512754.16574016,82,
success,120,210,90,stacksats_momentum_weight,420,6,3.138267308301801,1585.2252505062788,83.33333333333334,52097979.41624647,50512754.16574016,82,
success,120,210,120,sma_210d_weight,450,6,2.543276833176744,1284.6791744967923,83.33333333333334,51797433.34023696,50512754.16574016,72,
success,120,210,120,stacksats_mvrv_weight,450,6,2.3100900424992465,1166.8901041748832,83.33333333333334,51679644.26991506,50512754.16574016,72,
success,120,210,120,stacksats_momentum_weight,450,6,2.3808636660770155,1202.6398106669076,83.33333333333334,51715393.97640709,50512754.16574016,72,
success,120,210,150,sma_210d_weight,480,6,1.883543110886321,951.4295012077419,83.33333333333334,51464183.666947916,50512754.16574016,71,
success,120,210,150,stacksats_mvrv_weight,480,6,1.65983037424009,838.4260365081791,83.33333333333334,51351180.20224835,50512754.16574016,71,
success,120,210,150,stacksats_momentum_weight,480,6,1.7274130887048322,872.5639269242893,83.33333333333334,51385318.09266445,50512754.16574016,71,
success,120,210,180,sma_210d_weight,510,6,1.7359785944213835,876.8905997699476,83.33333333333334,51389644.76551011,50512754.16574016,71,
success,120,210,180,stacksats_mvrv_weight,510,6,1.5154174486371241,765.4790904148031,83.33333333333334,51278233.25615497,50512754.16574016,71,
success,120,210,180,stacksats_momentum_weight,510,6,1.582525261010015,799.3770947047306,83.33333333333334,51312131.2604449,50512754.16574016,71,
success,120,210,200,sma_210d_weight,530,6,1.6937143990912729,855.5417906827206,83.33333333333334,51368295.95642289,50512754.16574016,71,
success,120,210,200,stacksats_mvrv_weight,530,6,1.4742595582694085,744.6891064335578,83.33333333333334,51257443.27217372,50512754.16574016,71,
success,120,210,200,stacksats_momentum_weight,530,6,1.541060425879559,778.4320644700492,83.33333333333334,51291186.230210215,50512754.16574016,71,
success,120,210,210,sma_210d_weight,540,6,1.6099849756034068,813.2477528318996,83.33333333333334,51326001.91857207,50512754.16574016,71,
success,120,210,210,stacksats_mvrv_weight,540,6,1.3910710552871075,702.6683024279482,83.33333333333334,51215422.46816812,50512754.16574016,71,
success,120,210,210,stacksats_momentum_weight,540,6,1.4577197818857357,736.3344098493035,83.33333333333334,51249088.57558947,50512754.16574016,71,
success,120,210,240,sma_210d_weight,570,6,1.6427443431366706,829.7954116202309,83.33333333333334,51342549.57736039,50512754.16574016,54,
success,120,210,240,stacksats_mvrv_weight,570,6,1.480082778855829,747.6305755329013,83.33333333333334,51260384.74127306,50512754.16574016,54,
success,120,210,240,stacksats_momentum_weight,570,6,1.520529167591289,768.0611604437581,83.33333333333334,51280815.32618393,50512754.16574016,54,
success,120,210,270,sma_210d_weight,600,6,1.7832788386722198,900.7832558681694,83.33333333333334,51413537.421608336,50512754.16574016,39,
success,120,210,270,stacksats_mvrv_weight,600,6,1.629768065139925,823.2407362158701,83.33333333333334,51335994.90195604,50512754.16574016,39,
success,120,210,270,stacksats_momentum_weight,600,6,1.6844681854096821,850.8712734960936,83.33333333333334,51363625.43923625,50512754.16574016,39,
success,120,210,300,sma_210d_weight,630,6,1.8373993007856804,928.1209918489039,83.33333333333334,51440875.15758908,50512754.16574016,26,
success,120,210,300,stacksats_mvrv_weight,630,6,1.6813978466740487,849.3203608385083,83.33333333333334,51362074.52657867,50512754.16574016,26,
success,120,210,300,stacksats_momentum_weight,630,6,1.7400363773048877,878.9402976624697,83.33333333333334,51391694.463402644,50512754.16574016,26,
success,120,210,340,sma_210d_weight,670,6,7.450543662174414,3763.4748040852937,83.33333333333334,54276228.96982546,50512754.16574016,24,
success,120,210,340,stacksats_mvrv_weight,670,6,7.2770915258047575,3675.8593528456695,83.33333333333334,54188613.518585846,50512754.16574016,24,
success,120,210,340,stacksats_momentum_weight,670,6,7.344183943677485,3709.7495809495667,83.33333333333334,54222503.74668973,50512754.16574016,24,
success,120,240,60,sma_240d_weight,420,6,4.933704818132045,2492.1501860463177,83.33333333333334,53004904.351786494,50512754.16574016,39,
success,120,240,60,stacksats_mvrv_weight,420,6,4.744494554336831,2396.574870639095,83.33333333333334,52909329.03637927,50512754.16574016,39,
success,120,240,60,stacksats_momentum_weight,420,6,4.814017108476731,2431.692627501521,83.33333333333334,52944446.79324169,50512754.16574016,39,
success,120,240,90,sma_240d_weight,450,6,4.388246059668033,2216.6239443078957,83.33333333333334,52729378.11004808,50512754.16574016,49,
success,120,240,90,stacksats_mvrv_weight,450,6,4.1681913376591995,2105.4682435494688,83.33333333333334,52618222.40928964,50512754.16574016,49,
success,120,240,90,stacksats_momentum_weight,450,6,4.230312630888711,2136.847419683072,83.33333333333334,52649601.585423246,50512754.16574016,49,
success,120,240,120,sma_240d_weight,480,6,3.5705007147438517,1803.558248524554,83.33333333333334,52316312.41426472,50512754.16574016,34,
success,120,240,120,stacksats_mvrv_weight,480,6,3.3680923206528046,1701.3161940065256,83.33333333333334,52214070.3597467,50512754.16574016,34,
success,120,240,120,stacksats_momentum_weight,480,6,3.4400615614471386,1737.6698396839129,83.33333333333334,52250424.0054241,50512754.16574016,34,
success,120,240,150,sma_240d_weight,510,6,2.824618059759443,1426.7923766473832,83.33333333333334,51939546.54238756,50512754.16574016,39,
success,120,240,150,stacksats_mvrv_weight,510,6,2.6291668084352793,1328.0645665521515,83.33333333333334,51840818.73229233,50512754.16574016,39,
success,120,240,150,stacksats_momentum_weight,510,6,2.697048219845133,1362.353337021843,83.33333333333334,51875107.50276202,50512754.16574016,39,
success,120,240,180,sma_240d_weight,540,6,2.6345267484829016,1330.7720198918396,83.33333333333334,51843526.185632005,50512754.16574016,42,
success,120,240,180,stacksats_mvrv_weight,540,6,2.4447795370109437,1234.9254774246583,83.33333333333334,51747679.643164836,50512754.16574016,42,
success,120,240,180,stacksats_momentum_weight,540,6,2.5085301743653643,1267.1276801505883,83.33333333333334,51779881.84589076,50512754.16574016,42,
success,120,240,200,sma_240d_weight,560,6,2.5737884523523658,1300.0914336829592,83.33333333333334,51812845.599423125,50512754.16574016,42,
success,120,240,200,stacksats_mvrv_weight,560,6,2.384894784341829,1204.6760395261517,83.33333333333334,51717430.205266334,50512754.16574016,42,
success,120,240,200,stacksats_momentum_weight,560,6,2.4483933413004255,1236.7509095014393,83.33333333333334,51749505.075241625,50512754.16574016,42,
success,120,240,210,sma_240d_weight,570,6,2.476821505931315,1251.1107584152705,83.33333333333334,51763864.924155444,50512754.16574016,42,
success,120,240,210,stacksats_mvrv_weight,570,6,2.2879456120452835,1155.7043424582735,83.33333333333334,51668458.508198455,50512754.16574016,42,
success,120,240,210,stacksats_momentum_weight,570,6,2.3515669846198684,1187.8412499837432,83.33333333333334,51700595.41572392,50512754.16574016,42,
success,120,240,240,sma_240d_weight,600,6,2.538935238125095,1282.486115261483,83.33333333333334,51795240.28100166,50512754.16574016,42,
success,120,240,240,stacksats_mvrv_weight,600,6,2.349476216824442,1186.7851455870623,83.33333333333334,51699539.31132725,50512754.16574016,42,
success,120,240,240,stacksats_momentum_weight,600,6,2.4137154973619124,1219.234175442798,83.33333333333334,51731988.34118298,50512754.16574016,42,
success,120,240,270,sma_240d_weight,630,6,2.6212424767551257,1324.0617683712771,83.33333333333334,51836815.93411146,50512754.16574016,37,
success,120,240,270,stacksats_mvrv_weight,630,6,2.4345773884306032,1229.7720911926444,83.33333333333334,51742526.256932825,50512754.16574016,37,
success,120,240,270,stacksats_momentum_weight,630,6,2.5093465478866372,1267.540052900462,83.33333333333334,51780294.21864064,50512754.16574016,37,
success,120,240,300,sma_240d_weight,660,6,2.6614438479514613,1344.3685881749334,83.33333333333334,51857122.7539151,50512754.16574016,31,
success,120,240,300,stacksats_mvrv_weight,660,6,2.4745707361067515,1249.9738325869548,83.33333333333334,51762727.99832713,50512754.16574016,31,
success,120,240,300,stacksats_momentum_weight,660,6,2.552296732498971,1289.2353740674225,83.33333333333334,51801989.53980762,50512754.16574016,31,
success,120,240,340,sma_240d_weight,700,6,6.412256311504461,3239.0072671074086,83.33333333333334,53751761.43284758,50512754.16574016,15,
success,120,240,340,stacksats_mvrv_weight,700,6,6.19779031593255,3130.6745859950606,83.33333333333334,53643428.75173523,50512754.16574016,15,
success,120,240,340,stacksats_momentum_weight,700,6,6.296742287874979,3180.6579523244945,83.33333333333334,53693412.11806468,50512754.16574016,15,
success,120,270,60,sma_270d_weight,450,6,5.687282667809179,2872.8031127012,83.33333333333334,53385557.278441384,50512754.16574016,36,
success,120,270,60,stacksats_mvrv_weight,450,6,5.49016829742679,2773.235215364599,83.33333333333334,53285989.38110478,50512754.16574016,36,
success,120,270,60,stacksats_momentum_weight,450,6,5.568015352080202,2812.5579067069484,83.33333333333334,53325312.072447136,50512754.16574016,36,
success,120,270,90,sma_270d_weight,480,6,5.201056926513181,2627.1970993098003,83.33333333333334,53139951.26504998,50512754.16574016,51,
success,120,270,90,stacksats_mvrv_weight,480,6,5.031284154103588,2541.4401961421827,83.33333333333334,53054194.36188236,50512754.16574016,51,
success,120,270,90,stacksats_momentum_weight,480,6,5.0615382896661565,2556.7223932638735,83.33333333333334,53069476.55900404,50512754.16574016,51,
success,120,270,120,sma_270d_weight,510,6,4.3954694446350695,2220.272674998734,83.33333333333334,52733026.84073891,50512754.16574016,36,
success,120,270,120,stacksats_mvrv_weight,510,6,4.239647466605989,2141.5627023007182,83.33333333333334,52654316.8680409,50512754.16574016,36,
success,120,270,120,stacksats_momentum_weight,510,6,4.277894401813076,2160.8822826578034,83.33333333333334,52673636.44839797,50512754.16574016,36,
success,120,270,150,sma_270d_weight,540,6,3.547755614918069,1792.0690721648061,83.33333333333334,52304823.23790497,50512754.16574016,47,
success,120,270,150,stacksats_mvrv_weight,540,6,3.4794333706814617,1757.5576248930593,83.33333333333334,52270311.79063324,50512754.16574016,47,
success,120,270,150,stacksats_momentum_weight,540,6,3.460378243225759,1747.9323552053902,83.33333333333334,52260686.520945564,50512754.16574016,47,
success,120,270,180,sma_270d_weight,570,6,3.3025877841557083,1668.2280485183364,83.33333333333334,52180982.214258514,50512754.16574016,50,
success,120,270,180,stacksats_mvrv_weight,570,6,3.2457934581900494,1639.5396702632133,83.33333333333334,52152293.836003385,50512754.16574016,50,
success,120,270,180,stacksats_momentum_weight,570,6,3.2190842960818866,1626.0481368677865,83.33333333333334,52138802.30260795,50512754.16574016,50,
success,120,270,200,sma_270d_weight,590,6,3.2244185430445604,1628.7426119226366,83.33333333333334,52141496.77766281,50512754.16574016,50,
success,120,270,200,stacksats_mvrv_weight,590,6,3.165051486656534,1598.7546766739179,83.33333333333334,52111508.842414096,50512754.16574016,50,
success,120,270,200,stacksats_momentum_weight,590,6,3.140001592511954,1586.1012852258864,83.33333333333334,52098855.45096606,50512754.16574016,50,
success,120,270,210,sma_270d_weight,600,6,3.1153483598813647,1573.6482584332916,83.33333333333334,52086402.42417347,50512754.16574016,50,
success,120,270,210,stacksats_mvrv_weight,600,6,3.0534117580658826,1542.3623750196202,83.33333333333334,52055116.54075979,50512754.16574016,50,
success,120,270,210,stacksats_momentum_weight,600,6,3.0298193513553118,1530.4452006161373,83.33333333333334,52043199.366356306,50512754.16574016,50,
success,120,270,240,sma_270d_weight,630,6,3.1536644642645273,1593.0027780462478,83.33333333333334,52105756.94378642,50512754.16574016,50,
success,120,270,240,stacksats_mvrv_weight,630,6,3.0880071717826807,1559.8374713030134,83.33333333333334,52072591.63704318,50512754.16574016,50,
success,120,270,240,stacksats_momentum_weight,630,6,3.0670000010456056,1549.226170791415,83.33333333333334,52061980.336531594,50512754.16574016,50,
success,120,270,270,sma_270d_weight,660,6,3.197138291121493,1614.9626053329412,83.33333333333334,52127716.77107312,50512754.16574016,50,
success,120,270,270,stacksats_mvrv_weight,660,6,3.1283003290811795,1580.1906547948165,83.33333333333334,52092944.82053499,50512754.16574016,50,
success,120,270,270,stacksats_momentum_weight,660,6,3.109404900570434,1570.6460534426224,83.33333333333334,52083400.21918279,50512754.16574016,50,
success,120,270,300,sma_270d_weight,690,6,3.216644398495383,1624.81567739803,83.33333333333334,52137569.84313821,50512754.16574016,50,
success,120,270,300,stacksats_mvrv_weight,690,6,3.1459704578301606,1589.1163234905616,83.33333333333334,52101870.48923074,50512754.16574016,50,
success,120,270,300,stacksats_momentum_weight,690,6,3.1280398212865324,1580.0590651329258,83.33333333333334,52092813.2308731,50512754.16574016,50,
success,120,270,340,sma_270d_weight,730,6,6.93224838393538,3501.669584335774,83.33333333333334,54014423.750075944,50512754.16574016,35,
success,120,270,340,stacksats_mvrv_weight,730,6,6.856842067265001,3463.579776970626,83.33333333333334,53976333.942710795,50512754.16574016,35,
success,120,270,340,stacksats_momentum_weight,730,6,6.859641705278818,3464.9939512380806,83.33333333333334,53977748.11697826,50512754.16574016,35,
success,120,300,60,sma_300d_weight,480,6,6.558907063577135,3313.0846009840825,83.33333333333334,53825838.766724266,50512754.16574016,53,
success,120,300,60,stacksats_mvrv_weight,480,6,6.34394244380605,3204.5000510557948,83.33333333333334,53717254.21679597,50512754.16574016,53,
success,120,300,60,stacksats_momentum_weight,480,6,6.409279965161563,3237.5038325960923,83.33333333333334,53750257.99833628,50512754.16574016,53,
success,120,300,90,sma_300d_weight,510,6,5.991044251624733,3026.241454783907,83.33333333333334,53538995.62052408,50512754.16574016,69,
success,120,300,90,stacksats_mvrv_weight,510,6,5.8061818759510775,2932.862377414931,83.33333333333334,53445616.54315509,50512754.16574016,69,
success,120,300,90,stacksats_momentum_weight,510,6,5.82002157880992,2939.853192497285,83.33333333333334,53452607.35823745,50512754.16574016,69,
success,120,300,120,sma_300d_weight,540,6,5.200580265672006,2626.9563247908955,83.33333333333334,53139710.490531065,50512754.16574016,59,
success,120,300,120,stacksats_mvrv_weight,540,6,5.03214022313947,2541.872620189766,83.33333333333334,53054626.78592993,50512754.16574016,59,
success,120,300,120,stacksats_momentum_weight,540,6,5.0510198958332975,2551.4092628449,83.33333333333334,53064163.428585075,50512754.16574016,59,
success,120,300,150,sma_300d_weight,570,6,4.286781253588701,2165.3712762482974,83.33333333333334,52678125.441988476,50512754.16574016,63,
success,120,300,150,stacksats_mvrv_weight,570,6,4.2058691824996774,2124.5003606886894,83.33333333333334,52637254.52642887,50512754.16574016,63,
success,120,300,150,stacksats_momentum_weight,570,6,4.170393671104056,2106.5807028283743,83.33333333333334,52619334.86856855,50512754.16574016,63,
success,120,300,180,sma_300d_weight,600,6,3.1037090742166207,1567.7689346788102,83.33333333333334,52080523.10041898,50512754.16574016,65,
success,120,300,180,stacksats_mvrv_weight,600,6,2.9608992391820577,1495.6317537833093,83.33333333333334,52008385.91952349,50512754.16574016,65,
success,120,300,180,stacksats_momentum_weight,600,6,2.9613862027728644,1495.8777325047995,83.33333333333334,52008631.89824497,50512754.16574016,65,
success,120,300,200,sma_300d_weight,620,6,3.0805199277647244,1556.055458138435,83.33333333333334,52068809.62387862,50512754.16574016,65,
success,120,300,200,stacksats_mvrv_weight,620,6,2.937139548336898,1483.6300795561474,83.33333333333334,51996384.24529633,50512754.16574016,65,
success,120,300,200,stacksats_momentum_weight,620,6,2.937994964413382,1484.0621737759575,83.33333333333334,51996816.33951613,50512754.16574016,65,
success,120,300,210,sma_300d_weight,630,6,3.011876810575531,1521.3819291009495,83.33333333333334,52034136.09484113,50512754.16574016,65,
success,120,300,210,stacksats_mvrv_weight,630,6,2.8675788745896824,1448.4930674301795,83.33333333333334,51961247.23317036,50512754.16574016,65,
success,120,300,210,stacksats_momentum_weight,630,6,2.8686609818389552,1449.0396696048192,83.33333333333334,51961793.835344985,50512754.16574016,65,
success,120,300,240,sma_300d_weight,660,6,3.1413987174686797,1586.807011520672,83.33333333333334,52099561.17726084,50512754.16574016,65,
success,120,300,240,stacksats_mvrv_weight,660,6,2.9982410710632346,1514.494141522424,83.33333333333334,52027248.30726259,50512754.16574016,65,
success,120,300,240,stacksats_momentum_weight,660,6,2.9991596991927105,1514.9581658911702,83.33333333333334,52027712.33163135,50512754.16574016,65,
success,120,300,270,sma_300d_weight,690,6,3.2955257993620535,1664.6608455002934,83.33333333333334,52177415.01124047,50512754.16574016,65,
success,120,300,270,stacksats_mvrv_weight,690,6,3.154441313763412,1593.3951861238602,83.33333333333334,52106149.351864025,50512754.16574016,65,
success,120,300,270,stacksats_momentum_weight,690,6,3.154335733612834,1593.341854681952,83.33333333333334,52106096.02042212,50512754.16574016,65,
success,120,300,300,sma_300d_weight,720,6,3.785511463668678,1912.1660995588682,83.33333333333334,52424920.26529904,50512754.16574016,65,
success,120,300,300,stacksats_mvrv_weight,720,6,3.688113911378621,1862.9679134071484,83.33333333333334,52375722.07914733,50512754.16574016,65,
success,120,300,300,stacksats_momentum_weight,720,6,3.6632597627786145,1850.4133984248401,83.33333333333334,52363167.56416501,50512754.16574016,65,
success,120,300,340,sma_300d_weight,760,6,7.098592187171526,3585.6944207343913,83.33333333333334,54098448.58647456,50512754.16574016,61,
success,120,300,340,stacksats_mvrv_weight,760,6,6.974292548358729,3522.907249751981,83.33333333333334,54035661.415492155,50512754.16574016,61,
success,120,300,340,stacksats_momentum_weight,760,6,6.986410532671861,3529.0283773779156,83.33333333333334,54041782.54311809,50512754.16574016,61,
success,120,340,60,sma_340d_weight,520,6,6.64247604232131,3355.2975937759547,83.33333333333334,53868051.759516135,50512754.16574016,52,
success,120,340,60,stacksats_mvrv_weight,520,6,6.23089127066605,3147.394789886108,83.33333333333334,53660148.95562627,50512754.16574016,52,
success,120,340,60,stacksats_momentum_weight,520,6,6.2317453152262114,3147.8261913152455,83.33333333333334,53660580.35705541,50512754.16574016,52,
success,120,340,90,sma_340d_weight,550,6,6.1550972841308615,3109.109159795167,83.33333333333334,53621863.325535335,50512754.16574016,68,
success,120,340,90,stacksats_mvrv_weight,550,6,5.774598173225587,2916.908579300769,83.33333333333334,53429662.74504095,50512754.16574016,68,
success,120,340,90,stacksats_momentum_weight,550,6,5.7160750554727136,2887.346940700125,83.33333333333334,53400101.10644029,50512754.16574016,68,
success,120,340,120,sma_340d_weight,580,6,5.4596455729383875,2757.8173465790896,83.33333333333334,53270571.51231926,50512754.16574016,58,
success,120,340,120,stacksats_mvrv_weight,580,6,5.101168910167564,2576.7409111721136,83.33333333333334,53089495.076912284,50512754.16574016,58,
success,120,340,120,stacksats_momentum_weight,580,6,5.050600650669312,2551.1974905658644,83.33333333333334,53063951.656306036,50512754.16574016,58,
success,120,340,150,sma_340d_weight,610,6,4.936338266269824,2493.480413230238,83.33333333333334,53006234.578970395,50512754.16574016,62,
success,120,340,150,stacksats_mvrv_weight,610,6,4.692922622711726,2370.524467598785,83.33333333333334,52883278.63333896,50512754.16574016,62,
success,120,340,150,stacksats_momentum_weight,610,6,4.57272391900696,2309.808791885989,83.33333333333334,52822562.95762615,50512754.16574016,62,
success,120,340,180,sma_340d_weight,640,6,4.09383753312913,2067.9100890543195,83.33333333333334,52580664.2547945,50512754.16574016,63,
success,120,340,180,stacksats_mvrv_weight,640,6,3.836982056367355,1938.1653135164088,83.33333333333334,52450919.47925658,50512754.16574016,63,
success,120,340,180,stacksats_momentum_weight,640,6,3.728220970053653,1883.2270933587715,83.33333333333334,52395981.25909895,50512754.16574016,63,
success,120,340,200,sma_340d_weight,660,6,3.017903792272869,1524.426323549349,83.33333333333334,52037180.48928952,50512754.16574016,63,
success,120,340,200,stacksats_mvrv_weight,660,6,2.6647824731717007,1346.055019724954,83.33333333333334,51858809.18546513,50512754.16574016,63,
success,120,340,200,stacksats_momentum_weight,660,6,2.589739297369187,1308.1486448136639,83.33333333333334,51820902.810553834,50512754.16574016,63,
success,120,340,210,sma_340d_weight,670,6,2.949402343245211,1489.8243550020343,83.33333333333334,52002578.52074221,50512754.16574016,63,
success,120,340,210,stacksats_mvrv_weight,670,6,2.5956056315810327,1311.111891792636,83.33333333333334,51823866.05753282,50512754.16574016,63,
success,120,340,210,stacksats_momentum_weight,670,6,2.5208371595742074,1273.3442773343413,83.33333333333334,51786098.4430745,50512754.16574016,63,
success,120,340,240,sma_340d_weight,700,6,3.0800185963508975,1555.8022218338156,83.33333333333334,52068556.387573995,50512754.16574016,63,
success,120,340,240,stacksats_mvrv_weight,700,6,2.7279094349281774,1377.9421867292986,83.33333333333334,51890696.352469474,50512754.16574016,63,
success,120,340,240,stacksats_momentum_weight,700,6,2.652689371807937,1339.9464611620642,83.33333333333334,51852700.62690222,50512754.16574016,63,
success,120,340,270,sma_340d_weight,730,6,5.02516819234915,2538.350855416298,83.33333333333334,53051105.02115647,50512754.16574016,65,
success,120,340,270,stacksats_mvrv_weight,730,6,4.797570811632701,2423.385150007336,83.33333333333334,52936139.31574749,50512754.16574016,65,
success,120,340,270,stacksats_momentum_weight,730,6,4.660645916081108,2354.220614125654,83.33333333333334,52866974.77986583,50512754.16574016,65,
success,120,340,300,sma_340d_weight,760,6,3.731215755072559,1884.739841753173,83.33333333333334,52397494.00749335,50512754.16574016,66,
success,120,340,300,stacksats_mvrv_weight,760,6,3.4316383888302493,1733.4150632069868,83.33333333333334,52246169.228947155,50512754.16574016,66,
success,120,340,300,stacksats_momentum_weight,760,6,3.3380247950593356,1686.128258719771,83.33333333333334,52198882.42445993,50512754.16574016,66,
success,120,340,340,sma_340d_weight,800,6,8.124412561157946,4103.864544428223,83.33333333333334,54616618.71016839,50512754.16574016,66,
success,120,340,340,stacksats_mvrv_weight,800,6,7.77226693612445,3925.986090549646,83.33333333333334,54438740.25628981,50512754.16574016,66,
success,120,340,340,stacksats_momentum_weight,800,6,7.65216825995354,3865.320941499129,83.33333333333334,54378075.107239306,50512754.16574016,66,
success,150,60,60,sma_60d_weight,270,6,-2.0493141838215823,-1035.16503575744,50.0,49477589.129982725,50512754.16574016,31,
success,150,60,60,stacksats_mvrv_weight,270,6,-2.1901899289086924,-1106.3252545524447,50.0,49406428.91118772,50512754.16574016,31,
success,150,60,60,stacksats_momentum_weight,270,6,-2.1112650799031463,-1066.4581395985952,50.0,49446296.02614157,50512754.16574016,31,
success,150,60,90,sma_60d_weight,300,6,-2.115734749984599,-1068.7158930588557,50.0,49444038.27268131,50512754.16574016,51,
success,150,60,90,stacksats_mvrv_weight,300,6,-2.306351186027644,-1165.0015047967754,50.0,49347752.66094339,50512754.16574016,51,
success,150,60,90,stacksats_momentum_weight,300,6,-2.139316762282828,-1080.6278169583966,50.0,49432126.34878177,50512754.16574016,51,
success,150,60,120,sma_60d_weight,330,6,-2.0793243057163457,-1050.3239748549822,50.0,49462430.190885186,50512754.16574016,50,
success,150,60,120,stacksats_mvrv_weight,330,6,-2.2775943185480707,-1150.4756190210537,50.0,49362278.54671911,50512754.16574016,50,
success,150,60,120,stacksats_momentum_weight,330,6,-2.123254877604952,-1072.5145166366783,50.0,49440239.64910349,50512754.16574016,50,
success,150,60,150,sma_60d_weight,360,6,-2.0982307543527035,-1059.8741427761342,50.0,49452880.02296404,50512754.16574016,21,
success,150,60,150,stacksats_mvrv_weight,360,6,-2.279330028250748,-1151.352373796195,50.0,49361401.791943975,50512754.16574016,21,
success,150,60,150,stacksats_momentum_weight,360,6,-2.130934071738766,-1076.3934890914024,50.0,49436360.67664878,50512754.16574016,21,
success,150,60,180,sma_60d_weight,390,6,-2.10047378363889,-1061.0071586453341,50.0,49451747.00709483,50512754.16574016,17,
success,150,60,180,stacksats_mvrv_weight,390,6,-2.2605465269649128,-1141.8643099679612,50.0,49370889.85577221,50512754.16574016,17,
success,150,60,180,stacksats_momentum_weight,390,6,-2.1311008606686,-1076.4777387735012,50.0,49436276.42696667,50512754.16574016,17,
success,150,60,200,sma_60d_weight,410,6,-2.098282350441716,-1059.9002053817385,50.0,49452853.96035844,50512754.16574016,18,
success,150,60,200,stacksats_mvrv_weight,410,6,-2.2594860663146643,-1141.3286420866789,50.0,49371425.52365349,50512754.16574016,18,
success,150,60,200,stacksats_momentum_weight,410,6,-2.1295652321797642,-1075.7020505300388,50.0,49437052.11521013,50512754.16574016,18,
success,150,60,210,sma_60d_weight,420,6,-2.099006468056619,-1060.2659771324252,50.0,49452488.188607745,50512754.16574016,18,
success,150,60,210,stacksats_mvrv_weight,420,6,-2.2602550215466866,-1141.7170625526778,50.0,49371037.103187494,50512754.16574016,18,
success,150,60,210,stacksats_momentum_weight,420,6,-2.130303285109947,-1076.074861392277,50.0,49436679.304347895,50512754.16574016,18,
success,150,60,240,sma_60d_weight,450,6,-2.100811185598972,-1061.1775896679828,50.0,49451576.57607218,50512754.16574016,18,
success,150,60,240,stacksats_mvrv_weight,450,6,-2.262137761766847,-1142.6680864916634,50.0,49370086.079248495,50512754.16574016,18,
success,150,60,240,stacksats_momentum_weight,450,6,-2.1321319882841028,-1076.9985897310544,50.0,49435755.576009125,50512754.16574016,18,
success,150,60,270,sma_60d_weight,480,6,-2.0970139370600216,-1059.2594948484402,50.0,49453494.67089173,50512754.16574016,18,
success,150,60,270,stacksats_mvrv_weight,480,6,-2.258206803029328,-1140.6824509682265,50.0,49372071.71477194,50512754.16574016,18,
success,150,60,270,stacksats_momentum_weight,480,6,-2.128294761706506,-1075.0603009031329,50.0,49437693.864837036,50512754.16574016,18,
success,150,60,300,sma_60d_weight,510,6,-2.087586756757376,-1054.4975664373997,50.0,49458256.59930277,50512754.16574016,21,
success,150,60,300,stacksats_mvrv_weight,510,6,-2.250659314471526,-1136.8700066273377,50.0,49375884.159112826,50512754.16574016,21,
success,150,60,300,stacksats_momentum_weight,510,6,-2.119634162619888,-1070.685593777227,50.0,49442068.571962945,50512754.16574016,21,
success,150,60,340,sma_60d_weight,550,6,-2.0816289335607197,-1051.488105852448,50.0,49461266.05988772,50512754.16574016,21,
success,150,60,340,stacksats_mvrv_weight,550,6,-2.2445278087974696,-1133.7728142395426,50.0,49378981.35150063,50512754.16574016,21,
success,150,60,340,stacksats_momentum_weight,550,6,-2.11362514271376,-1067.6502723242738,50.0,49445103.8934159,50512754.16574016,21,
success,150,90,60,sma_90d_weight,300,6,-1.5318756432695313,-773.7925778095887,50.0,49738961.58793058,50512754.16574016,7,
success,150,90,60,stacksats_mvrv_weight,300,6,-1.6762470006253194,-846.7185266364613,50.0,49666035.6391037,50512754.16574016,7,
success,150,90,60,stacksats_momentum_weight,300,6,-1.5812832724538817,-798.7497320785988,50.0,49714004.433661565,50512754.16574016,7,
success,150,90,90,sma_90d_weight,330,6,-1.6498402439075632,-833.3797465324751,50.0,49679374.4192077,50512754.16574016,15,
success,150,90,90,stacksats_mvrv_weight,330,6,-1.7876500952523688,-902.9912979584478,50.0,49609762.86778173,50512754.16574016,15,
success,150,90,90,stacksats_momentum_weight,330,6,-1.6990029164735465,-858.2131664670378,50.0,49654540.999273136,50512754.16574016,15,
success,150,90,120,sma_90d_weight,360,6,-1.706024781062565,-861.7601036647393,50.0,49650994.06207544,50512754.16574016,19,
success,150,90,120,stacksats_mvrv_weight,360,6,-1.8614668845131521,-940.2781912507926,50.0,49572475.97448938,50512754.16574016,19,
success,150,90,120,stacksats_momentum_weight,360,6,-1.7863579861618684,-902.3386180700109,50.0,49610415.54767017,50512754.16574016,19,
success,150,90,150,sma_90d_weight,390,6,-1.6594118991600681,-838.2146532197658,50.0,49674539.51252041,50512754.16574016,42,
success,150,90,150,stacksats_mvrv_weight,390,6,-1.6069266891523437,-811.7029281151918,50.0,49701051.23762498,50512754.16574016,42,
success,150,90,150,stacksats_momentum_weight,390,6,-1.673261798304393,-845.2106187267418,50.0,49667543.54701343,50512754.16574016,42,
success,150,90,180,sma_90d_weight,420,6,-1.6473428899469011,-832.1182642656786,50.0,49680635.9014745,50512754.16574016,63,
success,150,90,180,stacksats_mvrv_weight,420,6,-1.5076762140144084,-761.5687796004349,50.0,49751185.38613975,50512754.16574016,63,
success,150,90,180,stacksats_momentum_weight,420,6,-1.6452299120178537,-831.0509409188016,50.0,49681703.224821374,50512754.16574016,63,
success,150,90,200,sma_90d_weight,440,6,-1.6348905058079954,-825.8282220778201,50.0,49686925.94366235,50512754.16574016,51,
success,150,90,200,stacksats_mvrv_weight,440,6,-1.5450367096662365,-780.4405949241482,50.0,49732313.570816025,50512754.16574016,51,
success,150,90,200,stacksats_momentum_weight,440,6,-1.6451321661862806,-831.0015668071937,50.0,49681752.59893298,50512754.16574016,51,
success,150,90,210,sma_90d_weight,450,6,-1.636569524764997,-826.6763407959661,50.0,49686077.824944206,50512754.16574016,48,
success,150,90,210,stacksats_mvrv_weight,450,6,-1.5564800982706517,-786.220965678127,50.0,49726533.200062044,50512754.16574016,48,
success,150,90,210,stacksats_momentum_weight,450,6,-1.64496417382205,-830.91670923723,50.0,49681837.456502944,50512754.16574016,48,
success,150,90,240,sma_90d_weight,480,6,-1.6413668872391485,-829.0996207089702,50.0,49683654.545031205,50512754.16574016,46,
success,150,90,240,stacksats_mvrv_weight,480,6,-1.5696607312924993,-792.8788664339372,50.0,49719875.299306236,50512754.16574016,46,
success,150,90,240,stacksats_momentum_weight,480,6,-1.6463270110692818,-831.6051158656046,50.0,49681149.049874574,50512754.16574016,46,
success,150,90,270,sma_90d_weight,510,6,-1.7195672878782986,-868.600796840452,50.0,49644153.368899725,50512754.16574016,50,
success,150,90,270,stacksats_mvrv_weight,510,6,-1.6346470617306763,-825.705251769512,50.0,49687048.91397066,50512754.16574016,50,
success,150,90,270,stacksats_momentum_weight,510,6,-1.7225518610180401,-870.1083869334252,50.0,49642645.778806746,50512754.16574016,50,
success,150,90,300,sma_90d_weight,540,6,-1.6544249545795808,-835.6956101634423,50.0,49677058.555576734,50512754.16574016,26,
success,150,90,300,stacksats_mvrv_weight,540,6,-1.5920712915689084,-804.1990576535245,50.0,49708555.10808665,50512754.16574016,26,
success,150,90,300,stacksats_momentum_weight,540,6,-1.667610124166763,-842.355802463353,50.0,49670398.36327681,50512754.16574016,26,
success,150,90,340,sma_90d_weight,580,6,-1.6986932646544606,-858.0567528048923,50.0,49654697.41293529,50512754.16574016,47,
success,150,90,340,stacksats_mvrv_weight,580,6,-1.6228808652460458,-819.761821864573,50.0,49692992.34387561,50512754.16574016,47,
success,150,90,340,stacksats_momentum_weight,580,6,-1.7026048345087696,-860.0325944694196,50.0,49652721.571270764,50512754.16574016,47,
success,150,120,60,sma_120d_weight,330,6,-0.5909147302503026,-298.4873050204842,66.66666666666666,50214266.86071969,50512754.16574016,10,
success,150,120,60,stacksats_mvrv_weight,330,6,-0.7556774005663569,-381.7134676341375,66.66666666666666,50131040.69810603,50512754.16574016,10,
success,150,120,60,stacksats_momentum_weight,330,6,-0.6518270012908833,-329.2557707479791,66.66666666666666,50183498.394992195,50512754.16574016,10,
success,150,120,90,sma_120d_weight,360,6,-0.7424312071053096,-375.0224504948419,66.66666666666666,50137731.715245344,50512754.16574016,20,
success,150,120,90,stacksats_mvrv_weight,360,6,-0.8890493458429738,-449.08331047778483,66.66666666666666,50063670.85526239,50512754.16574016,20,
success,150,120,90,stacksats_momentum_weight,360,6,-0.8047993892674521,-406.5263370280445,66.66666666666666,50106227.82871213,50512754.16574016,20,
success,150,120,120,sma_120d_weight,390,6,-0.924886323515306,-467.18555490984,66.66666666666666,50045568.61083034,50512754.16574016,11,
success,150,120,120,stacksats_mvrv_weight,390,6,-1.0811360436648987,-546.1115919336589,66.66666666666666,49966642.573806524,50512754.16574016,11,
success,150,120,120,stacksats_momentum_weight,390,6,-0.9895915998261562,-499.8699720650038,66.66666666666666,50012884.193675175,50512754.16574016,11,
success,150,120,150,sma_120d_weight,420,6,-0.9215946460254365,-465.52283795145195,66.66666666666666,50047231.32778873,50512754.16574016,5,
success,150,120,150,stacksats_mvrv_weight,420,6,-1.0729413248805941,-541.9722137795688,66.66666666666666,49970781.951960616,50512754.16574016,5,
success,150,120,150,stacksats_momentum_weight,420,6,-0.9765711436778957,-493.29298105957423,66.66666666666666,50019461.18468062,50512754.16574016,5,
success,150,120,180,sma_120d_weight,450,6,-0.9246740894733207,-467.0783496499571,66.66666666666666,50045675.81609022,50512754.16574016,52,
success,150,120,180,stacksats_mvrv_weight,450,6,-1.0475870130304599,-529.1650525642981,66.66666666666666,49983589.113175884,50512754.16574016,52,
success,150,120,180,stacksats_momentum_weight,450,6,-0.9875133033855232,-498.82016729311,66.66666666666666,50013933.99844706,50512754.16574016,52,
success,150,120,200,sma_120d_weight,470,6,-0.9052659060649892,-457.27474167686887,66.66666666666666,50055479.42406331,50512754.16574016,48,
success,150,120,200,stacksats_mvrv_weight,470,6,-1.027152378240348,-518.8429557280979,66.66666666666666,49993911.21001208,50512754.16574016,48,
success,150,120,200,stacksats_momentum_weight,470,6,-0.9673773182998335,-488.6489266479257,66.66666666666666,50024105.23909226,50512754.16574016,48,
success,150,120,210,sma_120d_weight,480,6,-0.8969953316758872,-453.09704676760884,66.66666666666666,50059657.11897257,50512754.16574016,48,
success,150,120,210,stacksats_mvrv_weight,480,6,-1.0187567381015228,-514.6020866641338,66.66666666666666,49998152.07907605,50512754.16574016,48,
success,150,120,210,stacksats_momentum_weight,480,6,-0.9590240715483089,-484.4294716514705,66.66666666666666,50028324.69408871,50512754.16574016,48,
success,150,120,240,sma_120d_weight,510,6,-0.8654640540326941,-437.16973000638245,66.66666666666666,50075584.435733795,50512754.16574016,53,
success,150,120,240,stacksats_mvrv_weight,510,6,-0.9030241785839888,-456.14238338532596,66.66666666666666,50056611.78235485,50512754.16574016,53,
success,150,120,240,stacksats_momentum_weight,510,6,-0.9268551809832548,-468.1800790424968,66.66666666666666,50044574.08669768,50512754.16574016,53,
success,150,120,270,sma_120d_weight,540,6,-0.8597477236142126,-434.28225407479476,66.66666666666666,50078471.91166538,50512754.16574016,42,
success,150,120,270,stacksats_mvrv_weight,540,6,-0.9035603782294732,-456.4132325940882,66.66666666666666,50056340.9331461,50512754.16574016,42,
success,150,120,270,stacksats_momentum_weight,540,6,-0.9264337794472333,-467.967217520556,66.66666666666666,50044786.948219635,50512754.16574016,42,
success,150,120,300,sma_120d_weight,570,6,-0.8490304801313298,-428.868679220941,66.66666666666666,50083885.486519225,50512754.16574016,40,
success,150,120,300,stacksats_mvrv_weight,570,6,-0.8832389628771198,-446.148326014154,66.66666666666666,50066605.83972602,50512754.16574016,40,
success,150,120,300,stacksats_momentum_weight,570,6,-0.9051412248585744,-457.2117617655822,66.66666666666666,50055542.403974585,50512754.16574016,40,
success,150,120,340,sma_120d_weight,610,6,-0.844267675250332,-426.4628553000075,66.66666666666666,50086291.310440175,50512754.16574016,31,
success,150,120,340,stacksats_mvrv_weight,610,6,-0.9017110898511427,-455.479106101724,66.66666666666666,50057275.05963845,50512754.16574016,31,
success,150,120,340,stacksats_momentum_weight,610,6,-0.9142274347976986,-461.8014566551137,66.66666666666666,50050952.70908507,50512754.16574016,31,
success,150,150,60,sma_150d_weight,360,6,0.2911597132190913,147.0727901680366,66.66666666666666,50659826.95590822,50512754.16574016,26,
success,150,150,60,stacksats_mvrv_weight,360,6,0.0036377946887933277,1.8375502882045112,66.66666666666666,50514591.71602838,50512754.16574016,26,
success,150,150,60,stacksats_momentum_weight,360,6,0.13656356193814112,68.98201632179553,66.66666666666666,50581736.18206198,50512754.16574016,26,
success,150,150,90,sma_150d_weight,390,6,0.019537694014504225,9.869027347202064,66.66666666666666,50522623.193087384,50512754.16574016,39,
success,150,150,90,stacksats_mvrv_weight,390,6,-0.2615982067090572,-132.1404590569291,66.66666666666666,50380613.70668324,50512754.16574016,39,
success,150,150,90,stacksats_momentum_weight,390,6,-0.14060752364023488,-71.02473275492957,66.66666666666666,50441729.432985246,50512754.16574016,39,
success,150,150,120,sma_150d_weight,420,6,-0.34045202532803076,-171.97169460623263,66.66666666666666,50340782.47113395,50512754.16574016,29,
success,150,150,120,stacksats_mvrv_weight,420,6,-0.6231193379807931,-314.754739353426,66.66666666666666,50197999.426386744,50512754.16574016,29,
success,150,150,120,stacksats_momentum_weight,420,6,-0.4947677570041997,-249.92082078687963,66.66666666666666,50262833.3449533,50512754.16574016,29,
success,150,150,150,sma_150d_weight,450,6,-0.41167795447555333,-207.94987309878343,66.66666666666666,50304804.29264139,50512754.16574016,28,
success,150,150,150,stacksats_mvrv_weight,450,6,-0.6942390623032035,-350.6792708637586,66.66666666666666,50162074.89487642,50512754.16574016,28,
success,150,150,150,stacksats_momentum_weight,450,6,-0.565584230221361,-285.692171811912,66.66666666666666,50227061.99392826,50512754.16574016,28,
success,150,150,180,sma_150d_weight,480,6,-0.45102459548672647,-227.8249451452357,66.66666666666666,50284929.22059493,50512754.16574016,28,
success,150,150,180,stacksats_mvrv_weight,480,6,-0.7340630260358916,-370.7954517631006,66.66666666666666,50141958.71397707,50512754.16574016,28,
success,150,150,180,stacksats_momentum_weight,480,6,-0.6051487388665899,-305.6772948007565,66.66666666666666,50207076.87093942,50512754.16574016,28,
success,150,150,200,sma_150d_weight,500,6,-0.4435357332737144,-224.04211458576174,66.66666666666666,50288712.05115441,50512754.16574016,28,
success,150,150,200,stacksats_mvrv_weight,500,6,-0.7264701348245528,-366.96007329144777,66.66666666666666,50145794.09244873,50512754.16574016,28,
success,150,150,200,stacksats_momentum_weight,500,6,-0.5976799066832794,-301.9045819609528,66.66666666666666,50210849.583779216,50512754.16574016,28,
success,150,150,210,sma_150d_weight,510,6,-0.41500359015325117,-209.62974327310803,66.66666666666666,50303124.42246706,50512754.16574016,28,
success,150,150,210,stacksats_mvrv_weight,510,6,-0.6979642177754597,-352.5609494897508,66.66666666666666,50160193.21625042,50512754.16574016,28,
success,150,150,210,stacksats_momentum_weight,510,6,-0.5692074192100827,-287.5223443587456,66.66666666666666,50225231.82138142,50512754.16574016,28,
success,150,150,240,sma_150d_weight,540,6,-0.319630651882008,-161.45424542351248,66.66666666666666,50351299.92031667,50512754.16574016,28,
success,150,150,240,stacksats_mvrv_weight,540,6,-0.6029070057070651,-304.54493364083464,66.66666666666666,50208209.23209934,50512754.16574016,28,
success,150,150,240,stacksats_momentum_weight,540,6,-0.4741924655294216,-239.5276743853392,66.66666666666666,50273226.49135484,50512754.16574016,28,
success,150,150,270,sma_150d_weight,570,6,-0.2522454699036669,-127.41613410665741,66.66666666666666,50385338.031633526,50512754.16574016,47,
success,150,150,270,stacksats_mvrv_weight,570,6,-0.586889548182179,-296.4540746976854,66.66666666666666,50216300.091042474,50512754.16574016,47,
success,150,150,270,stacksats_momentum_weight,570,6,-0.4935479151602751,-249.30464507504803,66.66666666666666,50263449.52066512,50512754.16574016,47,
success,150,150,300,sma_150d_weight,600,6,2.216280830264039,1119.504487413702,66.66666666666666,51632258.65315388,50512754.16574016,42,
success,150,150,300,stacksats_mvrv_weight,600,6,1.8843978356101854,951.8612462063029,66.66666666666666,51464615.411946476,50512754.16574016,42,
success,150,150,300,stacksats_momentum_weight,600,6,1.9794146142154245,999.8568379993667,66.66666666666666,51512611.003739536,50512754.16574016,42,
success,150,150,340,sma_150d_weight,640,6,2.2309380055313355,1126.9082303241084,66.66666666666666,51639662.3960643,50512754.16574016,36,
success,150,150,340,stacksats_mvrv_weight,640,6,1.9059575927238503,962.7516733158554,66.66666666666666,51475505.83905604,50512754.16574016,36,
success,150,150,340,stacksats_momentum_weight,640,6,2.003151344278331,1011.8469141030364,66.66666666666666,51524601.07984322,50512754.16574016,36,
success,150,180,60,sma_180d_weight,390,6,2.0332899936039706,1027.0707759457728,83.33333333333334,51539824.94168595,50512754.16574016,5,
success,150,180,60,stacksats_mvrv_weight,390,6,1.8644001770882657,941.7598781182169,83.33333333333334,51454514.043858394,50512754.16574016,5,
success,150,180,60,stacksats_momentum_weight,390,6,1.9595608443553347,989.828152037313,83.33333333333334,51502582.317777485,50512754.16574016,5,
success,150,180,90,sma_180d_weight,420,6,1.5019618448854466,758.6822943702064,83.33333333333334,51271436.460110374,50512754.16574016,24,
success,150,180,90,stacksats_mvrv_weight,420,6,1.345387616109317,679.5923391016113,83.33333333333334,51192346.50484178,50512754.16574016,24,
success,150,180,90,stacksats_momentum_weight,420,6,1.4160989395019197,715.310576054253,83.33333333333334,51228064.741794415,50512754.16574016,24,
success,150,180,120,sma_180d_weight,450,6,0.7863182321934392,397.19099558826565,83.33333333333334,50909945.16132844,50512754.16574016,14,
success,150,180,120,stacksats_mvrv_weight,450,6,0.6333375135370689,319.9162212523879,83.33333333333334,50832670.386992574,50512754.16574016,14,
success,150,180,120,stacksats_momentum_weight,450,6,0.712139585991256,359.7213183886779,83.33333333333334,50872475.48412886,50512754.16574016,14,
success,150,180,150,sma_180d_weight,480,6,0.4771695098266582,241.0314614526069,83.33333333333334,50753785.62719278,50512754.16574016,13,
success,150,180,150,stacksats_mvrv_weight,480,6,0.32446845067026775,163.89795083245554,83.33333333333334,50676652.11657262,50512754.16574016,13,
success,150,180,150,stacksats_momentum_weight,480,6,0.4033935759384377,203.76520533417352,83.33333333333334,50716519.37107434,50512754.16574016,13,
success,150,180,180,sma_180d_weight,510,6,0.42730795709555736,215.84501789832575,83.33333333333334,50728599.183638506,50512754.16574016,13,
success,150,180,180,stacksats_mvrv_weight,510,6,0.27441945254822464,138.61682344865403,83.33333333333334,50651370.98918882,50512754.16574016,13,
success,150,180,180,stacksats_momentum_weight,510,6,0.35407919550711764,178.85515357853728,83.33333333333334,50691609.31931871,50512754.16574016,13,
success,150,180,200,sma_180d_weight,530,6,0.41981143572031865,212.05831848506932,83.33333333333334,50724812.48422524,50512754.16574016,13,
success,150,180,200,stacksats_mvrv_weight,530,6,0.26741667492593546,135.0795276035351,83.33333333333334,50647833.693343714,50512754.16574016,13,
success,150,180,200,stacksats_momentum_weight,530,6,0.34661806605509327,175.0863316004543,83.33333333333334,50687840.497340634,50512754.16574016,13,
success,150,180,210,sma_180d_weight,540,6,0.43262667622312456,218.5316494159997,83.33333333333334,50731285.81515617,50512754.16574016,13,
success,150,180,210,stacksats_mvrv_weight,540,6,0.27981590662686795,141.34272103106923,83.33333333333334,50654096.88677125,50512754.16574016,13,
success,150,180,210,stacksats_momentum_weight,540,6,0.359402858583735,181.5442824210404,83.33333333333334,50694298.448161215,50512754.16574016,13,
success,150,180,240,sma_180d_weight,570,6,0.5100085494256668,257.6193647956461,83.33333333333334,50770373.53053582,50512754.16574016,13,
success,150,180,240,stacksats_mvrv_weight,570,6,0.35739514930224203,180.53013316731813,83.33333333333334,50693284.29890749,50512754.16574016,13,
success,150,180,240,stacksats_momentum_weight,570,6,0.4367974502194949,220.63842223159008,83.33333333333334,50733392.58797178,50512754.16574016,13,
success,150,180,270,sma_180d_weight,600,6,0.6678384802638382,337.34360975988966,83.33333333333334,50850097.77550007,50512754.16574016,33,
success,150,180,270,stacksats_mvrv_weight,600,6,0.4754212133947444,240.14834877386602,83.33333333333334,50752902.514514044,50512754.16574016,33,
success,150,180,270,stacksats_momentum_weight,600,6,0.5403353178834669,272.9382507931441,83.33333333333334,50785692.41653332,50512754.16574016,33,
success,150,180,300,sma_180d_weight,630,6,0.7051374676882993,356.184355583915,83.33333333333334,50868938.52132409,50512754.16574016,57,
success,150,180,300,stacksats_mvrv_weight,630,6,0.5585758658606998,282.1520539513658,83.33333333333334,50794906.21969154,50512754.16574016,57,
success,150,180,300,stacksats_momentum_weight,630,6,0.5865257024590509,296.27028620202327,83.33333333333334,50809024.4519422,50512754.16574016,57,
success,150,180,340,sma_180d_weight,670,6,4.109501274746918,2075.8222763508747,83.33333333333334,52588576.44209104,50512754.16574016,49,
success,150,180,340,stacksats_mvrv_weight,670,6,3.9836932784116597,2012.2731924411928,83.33333333333334,52525027.358181365,50512754.16574016,49,
success,150,180,340,stacksats_momentum_weight,670,6,4.004217314189629,2022.6404481786158,83.33333333333334,52535394.61391879,50512754.16574016,49,
success,150,200,60,sma_200d_weight,410,6,4.3719950643263505,2208.4151189814584,83.33333333333334,52721169.284721635,50512754.16574016,5,
success,150,200,60,stacksats_mvrv_weight,410,6,4.200939629293132,2122.0103075959923,83.33333333333334,52634764.47333616,50512754.16574016,5,
success,150,200,60,stacksats_momentum_weight,410,6,4.293574236297171,2168.8025989043454,83.33333333333334,52681556.76464452,50512754.16574016,5,
success,150,200,90,sma_200d_weight,440,6,3.753280849352225,1895.8855285830941,83.33333333333334,52408639.694323264,50512754.16574016,21,
success,150,200,90,stacksats_mvrv_weight,440,6,3.583697314206624,1810.2242143694239,83.33333333333334,52322978.3801096,50512754.16574016,21,
success,150,200,90,stacksats_momentum_weight,440,6,3.654277164313391,1845.8760405444045,83.33333333333334,52358630.20628458,50512754.16574016,21,
success,150,200,120,sma_200d_weight,470,6,2.884997707920678,1457.291799889208,83.33333333333334,51970045.96562939,50512754.16574016,11,
success,150,200,120,stacksats_mvrv_weight,470,6,2.7295575982786646,1378.7747194307885,83.33333333333334,51891528.885170974,50512754.16574016,11,
success,150,200,120,stacksats_momentum_weight,470,6,2.806764150655172,1417.7738754325765,83.33333333333334,51930528.04117276,50512754.16574016,11,
success,150,200,150,sma_200d_weight,500,6,2.187192287646922,1104.8110633911201,83.33333333333334,51617565.2291313,50512754.16574016,10,
success,150,200,150,stacksats_mvrv_weight,500,6,2.036019098090902,1028.4493217861746,83.33333333333334,51541203.48752634,50512754.16574016,10,
success,150,200,150,stacksats_momentum_weight,500,6,2.1121354570975637,1066.8977910911271,83.33333333333334,51579651.95683129,50512754.16574016,10,
success,150,200,180,sma_200d_weight,530,6,2.0495713902699775,1035.2949578184198,83.33333333333334,51548049.12355859,50512754.16574016,10,
success,150,200,180,stacksats_mvrv_weight,530,6,1.900921364316699,960.2077356413283,83.33333333333334,51472961.90138149,50512754.16574016,10,
success,150,200,180,stacksats_momentum_weight,530,6,1.975611214697004,997.9356361506943,83.33333333333334,51510689.801890865,50512754.16574016,10,
success,150,200,200,sma_200d_weight,550,6,2.0153785378135947,1018.0232063148724,83.33333333333334,51530777.372055046,50512754.16574016,10,
success,150,200,200,stacksats_mvrv_weight,550,6,1.8671422950911287,943.1449974439456,83.33333333333334,51455899.163184114,50512754.16574016,10,
success,150,200,200,stacksats_momentum_weight,550,6,1.9414491296605885,980.6794261183531,83.33333333333334,51493433.59185852,50512754.16574016,10,
success,150,200,210,sma_200d_weight,560,6,1.927197657582913,973.4806150627555,83.33333333333334,51486234.780802935,50512754.16574016,10,
success,150,200,210,stacksats_mvrv_weight,560,6,1.7789057803403896,898.5743036634813,83.33333333333334,51411328.469403654,50512754.16574016,10,
success,150,200,210,stacksats_momentum_weight,560,6,1.8532652221134205,936.1353056853113,83.33333333333334,51448889.47142548,50512754.16574016,10,
success,150,200,240,sma_200d_weight,590,6,1.9038187858615663,961.6713030634346,83.33333333333334,51474425.46880361,50512754.16574016,10,
success,150,200,240,stacksats_mvrv_weight,590,6,1.7555636106906247,886.7835308913491,83.33333333333334,51399537.69663151,50512754.16574016,10,
success,150,200,240,stacksats_momentum_weight,590,6,1.8299019124118132,924.3338544907601,83.33333333333334,51437088.020230934,50512754.16574016,10,
success,150,200,270,sma_200d_weight,620,6,2.042359751161671,1031.6521602843204,83.33333333333334,51544406.326024495,50512754.16574016,63,
success,150,200,270,stacksats_mvrv_weight,620,6,1.8546564894565298,936.8380731381185,83.33333333333334,51449592.23887829,50512754.16574016,63,
success,150,200,270,stacksats_momentum_weight,620,6,1.9398609271031209,979.8771812648483,83.33333333333334,51492631.34700502,50512754.16574016,63,
success,150,200,300,sma_200d_weight,650,6,2.10154601081296,1061.5487701218663,83.33333333333334,51574302.93586205,50512754.16574016,47,
success,150,200,300,stacksats_mvrv_weight,650,6,1.9342140417673015,977.0247839571384,83.33333333333334,51489778.94969731,50512754.16574016,47,
success,150,200,300,stacksats_momentum_weight,650,6,1.9879574541766365,1004.1720617477476,83.33333333333334,51516926.227487914,50512754.16574016,47,
success,150,200,340,sma_200d_weight,690,6,7.395841941745651,3735.843458520685,83.33333333333334,54248597.62426087,50512754.16574016,39,
success,150,200,340,stacksats_mvrv_weight,690,6,7.221107287947515,3647.5801724052726,83.33333333333334,54160334.33814546,50512754.16574016,39,
success,150,200,340,stacksats_momentum_weight,690,6,7.282332255076884,3678.5065895393927,83.33333333333334,54191260.75527957,50512754.16574016,39,
success,150,210,60,sma_210d_weight,420,6,3.96016158291852,2000.3866849457117,83.33333333333334,52513140.85068589,50512754.16574016,5,
success,150,210,60,stacksats_mvrv_weight,420,6,3.788128136613067,1913.4878531305949,83.33333333333334,52426242.01887076,50512754.16574016,5,
success,150,210,60,stacksats_momentum_weight,420,6,3.87977423078647,1959.7808193829042,83.33333333333334,52472534.985123076,50512754.16574016,5,
success,150,210,90,sma_210d_weight,450,6,3.3899628664206594,1712.3636090249493,83.33333333333334,52225117.77476512,50512754.16574016,23,
success,150,210,90,stacksats_mvrv_weight,450,6,3.2250525924641726,1629.0628877472554,83.33333333333334,52141817.05348743,50512754.16574016,23,
success,150,210,90,stacksats_momentum_weight,450,6,3.290127182093361,1661.9338552310146,83.33333333333334,52174688.02097119,50512754.16574016,23,
success,150,210,120,sma_210d_weight,480,6,2.625809038240212,1326.3684643480592,83.33333333333334,51839122.63008824,50512754.16574016,13,
success,150,210,120,stacksats_mvrv_weight,480,6,2.478090352076734,1251.7516875494402,83.33333333333334,51764505.853289604,50512754.16574016,13,
success,150,210,120,stacksats_momentum_weight,480,6,2.5497185458933647,1287.9330610053948,83.33333333333334,51800687.22674556,50512754.16574016,13,
success,150,210,150,sma_210d_weight,510,6,1.9601496592609013,990.12557866305,83.33333333333334,51502879.74440323,50512754.16574016,12,
success,150,210,150,stacksats_mvrv_weight,510,6,1.8170167720962915,917.825215239267,83.33333333333334,51430579.38097944,50512754.16574016,12,
success,150,210,150,stacksats_momentum_weight,510,6,1.8875505263279857,953.4537571181936,83.33333333333334,51466207.922858365,50512754.16574016,12,
success,150,210,180,sma_210d_weight,540,6,1.81243489389884,915.510782369216,83.33333333333334,51428264.94810938,50512754.16574016,12,
success,150,210,180,stacksats_mvrv_weight,540,6,1.6721123857355469,844.6300187814923,83.33333333333334,51357384.18452166,50512754.16574016,12,
success,150,210,180,stacksats_momentum_weight,540,6,1.741042591976183,879.4485644057568,83.33333333333334,51392202.73014593,50512754.16574016,12,
success,150,210,200,sma_210d_weight,560,6,1.7704944768746511,894.3255226217007,83.33333333333334,51407079.68836187,50512754.16574016,12,
success,150,210,200,stacksats_mvrv_weight,560,6,1.63068894154621,823.705896251151,83.33333333333334,51336460.06199132,50512754.16574016,12,
success,150,210,200,stacksats_momentum_weight,560,6,1.699222172536441,858.3239187430809,83.33333333333334,51371078.08448326,50512754.16574016,12,
success,150,210,210,sma_210d_weight,570,6,1.6861238658279376,851.7076032755431,83.33333333333334,51364461.76901572,50512754.16574016,12,
success,150,210,210,stacksats_mvrv_weight,570,6,1.5462245930496499,781.0406275373898,83.33333333333334,51293794.79327756,50512754.16574016,12,
success,150,210,210,stacksats_momentum_weight,570,6,1.6148311061136456,815.6956668230923,83.33333333333334,51328449.832563266,50512754.16574016,12,
success,150,210,240,sma_210d_weight,600,6,1.691040551730194,854.191156738445,83.33333333333334,51366945.32247862,50512754.16574016,12,
success,150,210,240,stacksats_mvrv_weight,600,6,1.5508137465523486,783.358735364498,83.33333333333334,51296112.90110467,50512754.16574016,12,
success,150,210,240,stacksats_momentum_weight,600,6,1.6196891885131848,818.1496180427348,83.33333333333334,51330903.78378291,50512754.16574016,12,
success,150,210,270,sma_210d_weight,630,6,1.8223107051126508,920.4993266095189,83.33333333333334,51433253.49234968,50512754.16574016,62,
success,150,210,270,stacksats_mvrv_weight,630,6,1.6188153520176218,817.7082191619265,83.33333333333334,51330462.3849021,50512754.16574016,62,
success,150,210,270,stacksats_momentum_weight,630,6,1.7054579063164876,861.4737596178238,83.33333333333334,51374227.92535799,50512754.16574016,62,
success,150,210,300,sma_210d_weight,660,6,1.8715792841395906,945.3862428143475,83.33333333333334,51458140.40855452,50512754.16574016,45,
success,150,210,300,stacksats_mvrv_weight,660,6,1.6928867239323964,855.1237091644216,83.33333333333334,51367877.874904595,50512754.16574016,45,
success,150,210,300,stacksats_momentum_weight,660,6,1.7478253793788978,882.8747371320787,83.33333333333334,51395628.90287225,50512754.16574016,45,
success,150,210,340,sma_210d_weight,700,6,7.450543662174414,3763.4748040852937,83.33333333333334,54276228.96982546,50512754.16574016,37,
success,150,210,340,stacksats_mvrv_weight,700,6,7.26285349572644,3668.6673317141685,83.33333333333334,54181421.497454345,50512754.16574016,37,
success,150,210,340,stacksats_momentum_weight,700,6,7.326237599109509,3700.684388036214,83.33333333333334,54213438.55377638,50512754.16574016,37,
success,150,240,60,sma_240d_weight,450,6,4.974084234206,2512.5469412213206,83.33333333333334,53025301.10696149,50512754.16574016,29,
success,150,240,60,stacksats_mvrv_weight,450,6,4.719445090129493,2383.921696364203,83.33333333333334,52896675.86210438,50512754.16574016,29,
success,150,240,60,stacksats_momentum_weight,450,6,4.849178158260248,2449.453442140766,83.33333333333334,52962207.60788095,50512754.16574016,29,
success,150,240,90,sma_240d_weight,480,6,4.4208673472062365,2233.1018550877707,83.33333333333334,52745856.02082795,50512754.16574016,40,
success,150,240,90,stacksats_mvrv_weight,480,6,4.144204921472938,2093.3520441081346,83.33333333333334,52606106.209848315,50512754.16574016,40,
success,150,240,90,stacksats_momentum_weight,480,6,4.262318194351766,2153.014311274528,83.33333333333334,52665768.4770147,50512754.16574016,40,
success,150,240,120,sma_240d_weight,510,6,3.5927073756206296,1814.775444541665,83.33333333333334,52327529.61028183,50512754.16574016,30,
success,150,240,120,stacksats_mvrv_weight,510,6,3.345328986083551,1689.817806775638,83.33333333333334,52202571.972515814,50512754.16574016,30,
success,150,240,120,stacksats_momentum_weight,510,6,3.4671297496827735,1751.342727064497,83.33333333333334,52264096.89280467,50512754.16574016,30,
success,150,240,150,sma_240d_weight,540,6,2.8484457470424385,1438.8283977480314,83.33333333333334,51951582.56348821,50512754.16574016,29,
success,150,240,150,stacksats_mvrv_weight,540,6,2.6090214474650653,1317.888589889466,83.33333333333334,51830642.755629644,50512754.16574016,29,
success,150,240,150,stacksats_momentum_weight,540,6,2.7275409840396003,1377.7560720377369,83.33333333333334,51890510.23777792,50512754.16574016,29,
success,150,240,180,sma_240d_weight,570,6,2.663726814060352,1345.5217772332107,83.33333333333334,51858275.94297339,50512754.16574016,29,
success,150,240,180,stacksats_mvrv_weight,570,6,2.4270600749105142,1225.9748890943738,83.33333333333334,51738729.05483455,50512754.16574016,29,
success,150,240,180,stacksats_momentum_weight,570,6,2.544107023397424,1285.098526442067,83.33333333333334,51797852.69218224,50512754.16574016,29,
success,150,240,200,sma_240d_weight,590,6,2.604316748771107,1315.512117003942,83.33333333333334,51828266.28274412,50512754.16574016,29,
success,150,240,200,stacksats_mvrv_weight,590,6,2.3680302815334064,1196.1573146812589,83.33333333333334,51708911.48042144,50512754.16574016,29,
success,150,240,200,stacksats_momentum_weight,590,6,2.4848610280944206,1255.1717424816234,83.33333333333334,51767925.90822179,50512754.16574016,29,
success,150,240,210,sma_240d_weight,600,6,2.5072354881227277,1266.4736984716292,83.33333333333334,51779227.864211805,50512754.16574016,29,
success,150,240,210,stacksats_mvrv_weight,600,6,2.2713771177693687,1147.3351396757134,83.33333333333334,51660089.30541589,50512754.16574016,29,
success,150,240,210,stacksats_momentum_weight,600,6,2.387874378575505,1206.1811146365362,83.33333333333334,51718935.28037672,50512754.16574016,29,
success,150,240,240,sma_240d_weight,630,6,2.569006388769157,1297.6758816611182,83.33333333333334,51810430.04740129,50512754.16574016,29,
success,150,240,240,stacksats_mvrv_weight,630,6,2.3327350177047013,1178.3287048313068,83.33333333333334,51691082.87057148,50512754.16574016,29,
success,150,240,240,stacksats_momentum_weight,630,6,2.4497290381942483,1237.4256067898095,83.33333333333334,51750179.77252998,50512754.16574016,29,
success,150,240,270,sma_240d_weight,660,6,2.65136629855125,1339.2781404204798,83.33333333333334,51852032.30616065,50512754.16574016,50,
success,150,240,270,stacksats_mvrv_weight,660,6,2.4251140455936238,1224.9918960895448,83.33333333333334,51737746.06182973,50512754.16574016,50,
success,150,240,270,stacksats_momentum_weight,660,6,2.5377774858513114,1281.9013027015753,83.33333333333334,51794655.468441755,50512754.16574016,50,
success,150,240,300,sma_240d_weight,690,6,2.687395694227823,1357.477580485982,83.33333333333334,51870231.74622615,50512754.16574016,36,
success,150,240,300,stacksats_mvrv_weight,690,6,2.496064997260361,1260.8311758832206,83.33333333333334,51773585.341623396,50512754.16574016,36,
success,150,240,300,stacksats_momentum_weight,690,6,2.5768790668273533,1301.6525881749185,83.33333333333334,51814406.75391509,50512754.16574016,36,
success,150,240,340,sma_240d_weight,730,6,6.427818365150761,3246.8680890089017,83.33333333333334,53759622.254749075,50512754.16574016,27,
success,150,240,340,stacksats_mvrv_weight,730,6,6.225628574324271,3144.7364570204954,83.33333333333334,53657490.62276067,50512754.16574016,27,
success,150,240,340,stacksats_momentum_weight,730,6,6.31576590980798,3190.267307704933,83.33333333333334,53703021.47344511,50512754.16574016,27,
success,150,270,60,sma_270d_weight,480,6,5.747816763012881,2903.3805513979023,83.33333333333334,53416134.71713807,50512754.16574016,56,
success,150,270,60,stacksats_mvrv_weight,480,6,5.486886155175941,2771.5773149180604,83.33333333333334,53284331.48065823,50512754.16574016,56,
success,150,270,60,stacksats_momentum_weight,480,6,5.602411051091605,2829.932121592159,83.33333333333334,53342686.28733234,50512754.16574016,56,
success,150,270,90,sma_270d_weight,510,6,5.242204626555491,2647.981935877033,83.33333333333334,53160736.10161721,50512754.16574016,63,
success,150,270,90,stacksats_mvrv_weight,510,6,4.972781053525077,2511.8886687676277,83.33333333333334,53024642.83450781,50512754.16574016,63,
success,150,270,90,stacksats_momentum_weight,510,6,5.074962284669859,2563.503222859312,83.33333333333334,53076257.388599485,50512754.16574016,63,
success,150,270,120,sma_270d_weight,540,6,4.424011183127563,2234.689893198083,83.33333333333334,52747444.05893826,50512754.16574016,52,
success,150,270,120,stacksats_mvrv_weight,540,6,4.186353487084671,2114.642445439975,83.33333333333334,52627396.61118015,50512754.16574016,52,
success,150,270,120,stacksats_momentum_weight,540,6,4.292334653498631,2168.17645149264,83.33333333333334,52680930.61723281,50512754.16574016,52,
success,150,270,150,sma_270d_weight,570,6,2.8200597672499716,1424.489857557921,83.33333333333334,51937244.0232981,50512754.16574016,51,
success,150,270,150,stacksats_mvrv_weight,570,6,2.6029587849152103,1314.8261720597584,83.33333333333334,51827580.33779994,50512754.16574016,51,
success,150,270,150,stacksats_momentum_weight,570,6,2.696705967920976,1362.180456148766,83.33333333333334,51874934.62188895,50512754.16574016,51,
success,150,270,180,sma_270d_weight,600,6,2.8326040545692432,1430.8263225733535,83.33333333333334,51943580.48831353,50512754.16574016,54,
success,150,270,180,stacksats_mvrv_weight,600,6,2.609597277183817,1318.1794573397128,83.33333333333334,51830933.62307989,50512754.16574016,54,
success,150,270,180,stacksats_momentum_weight,600,6,2.703867259512416,1365.7978217654454,83.33333333333334,51878551.98750562,50512754.16574016,54,
success,150,270,200,sma_270d_weight,620,6,2.825024852508329,1426.997858868599,83.33333333333334,51939752.024608776,50512754.16574016,55,
success,150,270,200,stacksats_mvrv_weight,620,6,2.600445983009081,1313.5568866102476,83.33333333333334,51826311.052350424,50512754.16574016,55,
success,150,270,200,stacksats_momentum_weight,620,6,2.694659613327266,1361.1467860834819,83.33333333333334,51873900.95182367,50512754.16574016,55,
success,150,270,210,sma_270d_weight,630,6,2.7594785619593276,1393.888622258819,83.33333333333334,51906642.78799899,50512754.16574016,56,
success,150,270,210,stacksats_mvrv_weight,630,6,2.531720277745131,1278.841640061597,83.33333333333334,51791595.80580179,50512754.16574016,56,
success,150,270,210,stacksats_momentum_weight,630,6,2.626983531758742,1326.9617333717688,83.33333333333334,51839715.89911196,50512754.16574016,56,
success,150,270,240,sma_270d_weight,660,6,2.8783456508490124,1453.931662653631,83.33333333333334,51966685.8283938,50512754.16574016,56,
success,150,270,240,stacksats_mvrv_weight,660,6,2.6492055672593606,1338.1866955348232,83.33333333333334,51850940.86127501,50512754.16574016,56,
success,150,270,240,stacksats_momentum_weight,660,6,2.7452768973283304,1386.7149703163232,83.33333333333334,51899469.1360565,50512754.16574016,56,
success,150,270,270,sma_270d_weight,690,6,3.018993724879726,1524.9768785276174,83.33333333333334,52037731.04426779,50512754.16574016,56,
success,150,270,270,stacksats_mvrv_weight,690,6,2.7865887091348185,1407.5827042555393,83.33333333333334,51920336.86999571,50512754.16574016,56,
success,150,270,270,stacksats_momentum_weight,690,6,2.8846112349777187,1457.096581761616,83.33333333333334,51969850.74750179,50512754.16574016,56,
success,150,270,300,sma_270d_weight,720,6,3.056492928829302,1543.9187592327798,83.33333333333334,52056672.92497295,50512754.16574016,49,
success,150,270,300,stacksats_mvrv_weight,720,6,2.844299364674119,1436.7339458155475,83.33333333333334,51949488.11155573,50512754.16574016,49,
success,150,270,300,stacksats_momentum_weight,720,6,2.923482056059612,1476.7313040569206,83.33333333333334,51989485.469797105,50512754.16574016,49,
success,150,270,340,sma_270d_weight,760,6,6.859556185633142,3464.9507529096954,83.33333333333334,53977704.91864987,50512754.16574016,40,
success,150,270,340,stacksats_mvrv_weight,760,6,6.64130833727774,3354.707753797913,83.33333333333334,53867461.91953809,50512754.16574016,40,
success,150,270,340,stacksats_momentum_weight,760,6,6.728368163356646,3398.684069722265,83.33333333333334,53911438.23546245,50512754.16574016,40,
success,150,300,60,sma_300d_weight,510,6,6.598907357520867,3333.289851129455,83.33333333333334,53846044.01686963,50512754.16574016,64,
success,150,300,60,stacksats_mvrv_weight,510,6,6.402972597092638,3234.317807269108,83.33333333333334,53747071.97300929,50512754.16574016,64,
success,150,300,60,stacksats_momentum_weight,510,6,6.442469354785496,3254.2687073859415,83.33333333333334,53767022.87312612,50512754.16574016,64,
success,150,300,90,sma_300d_weight,540,6,6.017299469883919,3039.503688638848,83.33333333333334,53552257.85437901,50512754.16574016,71,
success,150,300,90,stacksats_mvrv_weight,540,6,5.789751288829259,2924.5628353341017,83.33333333333334,53437317.00107428,50512754.16574016,71,
success,150,300,90,stacksats_momentum_weight,540,6,5.830180804097185,2944.9848969917803,83.33333333333334,53457739.06273195,50512754.16574016,71,
success,150,300,120,sma_300d_weight,570,6,3.6190925978773603,1828.1033469962858,83.33333333333334,52340857.51273647,50512754.16574016,62,
success,150,300,120,stacksats_mvrv_weight,570,6,3.403846196921867,1719.3764616310436,83.33333333333334,52232130.627371214,50512754.16574016,62,
success,150,300,120,stacksats_momentum_weight,570,6,3.460414168812065,1747.950502208485,83.33333333333334,52260704.66794866,50512754.16574016,62,
success,150,300,150,sma_300d_weight,600,6,3.164947282121311,1598.702040093216,83.33333333333334,52111456.20583339,50512754.16574016,61,
success,150,300,150,stacksats_mvrv_weight,600,6,2.9615558460516,1495.9634239971565,83.33333333333334,52008717.58973733,50512754.16574016,61,
success,150,300,150,stacksats_momentum_weight,600,6,3.013677235057055,1522.2913730932487,83.33333333333334,52035045.53883343,50512754.16574016,61,
success,150,300,180,sma_300d_weight,630,6,3.169924806426483,1601.2163247090284,83.33333333333334,52113970.490449205,50512754.16574016,64,
success,150,300,180,stacksats_mvrv_weight,630,6,2.9608992391820577,1495.6317537833093,83.33333333333334,52008385.91952349,50512754.16574016,64,
success,150,300,180,stacksats_momentum_weight,630,6,3.0139333677393187,1522.420752765378,83.33333333333334,52035174.91850556,50512754.16574016,64,
success,150,300,200,sma_300d_weight,650,6,3.149385851678166,1590.841532988794,83.33333333333334,52103595.69872897,50512754.16574016,65,
success,150,300,200,stacksats_mvrv_weight,650,6,2.937139548336898,1483.6300795561474,83.33333333333334,51996384.24529633,50512754.16574016,65,
success,150,300,200,stacksats_momentum_weight,650,6,2.9910609486437423,1510.8672639358701,83.33333333333334,52023621.429676056,50512754.16574016,65,
success,150,300,210,sma_300d_weight,660,6,3.0802809219021787,1555.9347296946435,83.33333333333334,52068688.89543481,50512754.16574016,65,
success,150,300,210,stacksats_mvrv_weight,660,6,2.8675788745896824,1448.4930674301795,83.33333333333334,51961247.23317036,50512754.16574016,65,
success,150,300,210,stacksats_momentum_weight,660,6,2.9216893667577404,1475.8257673169137,83.33333333333334,51988579.93305709,50512754.16574016,65,
success,150,300,240,sma_300d_weight,690,6,3.210838923522208,1621.88317209667,83.33333333333334,52134637.337836854,50512754.16574016,65,
success,150,300,240,stacksats_mvrv_weight,690,6,2.9982410710632346,1514.494141522424,83.33333333333334,52027248.30726259,50512754.16574016,65,
success,150,300,240,stacksats_momentum_weight,690,6,3.05236120627288,1541.8317123750458,83.33333333333334,52054585.87811522,50512754.16574016,65,
success,150,300,270,sma_300d_weight,720,6,3.3678106754286175,1701.1739272468112,83.33333333333334,52213928.092986986,50512754.16574016,65,
success,150,300,270,stacksats_mvrv_weight,720,6,3.154441313763412,1593.3951861238602,83.33333333333334,52106149.351864025,50512754.16574016,65,
success,150,300,270,stacksats_momentum_weight,720,6,3.2086046006440716,1620.7545540739666,83.33333333333334,52133508.719814144,50512754.16574016,65,
success,150,300,300,sma_300d_weight,750,6,3.433917756950833,1734.5664348222708,83.33333333333334,52247320.600562446,50512754.16574016,65,
success,150,300,300,stacksats_mvrv_weight,750,6,3.218269920639427,1625.6367734025553,83.33333333333334,52138390.939142734,50512754.16574016,65,
success,150,300,300,stacksats_momentum_weight,750,6,3.2728597697017303,1653.2116096588434,83.33333333333334,52165965.77539902,50512754.16574016,65,
success,150,300,340,sma_300d_weight,790,6,7.195540170236381,3634.665517088586,83.33333333333334,54147419.68282877,50512754.16574016,63,
success,150,300,340,stacksats_mvrv_weight,790,6,6.974292548358729,3522.907249751981,83.33333333333334,54035661.415492155,50512754.16574016,63,
success,150,300,340,stacksats_momentum_weight,790,6,7.038080433623906,3555.1282674235044,83.33333333333334,54067882.43316367,50512754.16574016,63,
success,150,340,60,sma_340d_weight,550,6,6.617840446870438,3342.853476008582,83.33333333333334,53855607.64174876,50512754.16574016,67,
success,150,340,60,stacksats_mvrv_weight,550,6,6.30023283591008,3182.4211242724996,83.33333333333334,53695175.29001269,50512754.16574016,67,
success,150,340,60,stacksats_momentum_weight,550,6,6.246298882603507,3155.177599026887,83.33333333333334,53667931.76476706,50512754.16574016,67,
success,150,340,90,sma_340d_weight,580,6,6.13061617207713,3096.7430758464325,83.33333333333334,53609497.241586596,50512754.16574016,77,
success,150,340,90,stacksats_mvrv_weight,580,6,5.739918705723213,2899.391025135301,83.33333333333334,53412145.19087548,50512754.16574016,77,
success,150,340,90,stacksats_momentum_weight,580,6,5.6998335680575885,2879.1429180892665,83.33333333333334,53391897.08382945,50512754.16574016,77,
success,150,340,120,sma_340d_weight,610,6,5.435659196863485,2745.7011673991,83.33333333333334,53258455.33313926,50512754.16574016,71,
success,150,340,120,stacksats_mvrv_weight,610,6,5.1290233816299935,2590.8109718660926,83.33333333333334,53103565.13760626,50512754.16574016,71,
success,150,340,120,stacksats_momentum_weight,610,6,5.0500343346499665,2550.911428747211,83.33333333333334,53063665.594487384,50512754.16574016,71,
success,150,340,150,sma_340d_weight,640,6,3.4255104428165595,1730.319668901684,83.33333333333334,52243073.83464187,50512754.16574016,70,
success,150,340,150,stacksats_mvrv_weight,640,6,3.040713526835459,1535.9481486948062,83.33333333333334,52048702.31443498,50512754.16574016,70,
success,150,340,150,stacksats_momentum_weight,640,6,2.9942352072800826,1512.4706693974294,83.33333333333334,52025224.835137606,50512754.16574016,70,
success,150,340,180,sma_340d_weight,670,6,3.068707827537409,1550.0888409887993,83.33333333333334,52062843.006728984,50512754.16574016,70,
success,150,340,180,stacksats_mvrv_weight,670,6,2.688124057907104,1357.8454970407402,83.33333333333334,51870599.66278091,50512754.16574016,70,
success,150,340,180,stacksats_momentum_weight,670,6,2.645659705882575,1336.3955832945067,83.33333333333334,51849149.74903467,50512754.16574016,70,
success,150,340,200,sma_340d_weight,690,6,3.045534830634522,1538.38352203041,83.33333333333334,52051137.6877706,50512754.16574016,70,
success,150,340,200,stacksats_mvrv_weight,690,6,2.6647824731717007,1346.055019724954,83.33333333333334,51858809.18546513,50512754.16574016,70,
success,150,340,200,stacksats_momentum_weight,690,6,2.6227385440993345,1324.8174731910112,83.33333333333334,51837571.63893118,50512754.16574016,70,
success,150,340,210,sma_340d_weight,700,6,2.977095464004731,1503.8129130121088,83.33333333333334,52016567.078752294,50512754.16574016,70,
success,150,340,210,stacksats_mvrv_weight,700,6,2.5956056315810327,1311.111891792636,83.33333333333334,51823866.05753282,50512754.16574016,70,
success,150,340,210,stacksats_momentum_weight,700,6,2.553839264154556,1290.014549290543,83.33333333333334,51802768.715030715,50512754.16574016,70,
success,150,340,240,sma_340d_weight,730,6,3.1083296898510415,1570.1029348951706,83.33333333333334,52082857.10063535,50512754.16574016,70,
success,150,340,240,stacksats_mvrv_weight,730,6,2.7279094349281774,1377.9421867292986,83.33333333333334,51890696.352469474,50512754.16574016,70,
success,150,340,240,stacksats_momentum_weight,730,6,2.685934285204783,1356.7393825388208,83.33333333333334,51869493.548279,50512754.16574016,70,
success,150,340,270,sma_340d_weight,760,6,4.383098923687911,2214.0239841636794,83.33333333333334,52726778.149903856,50512754.16574016,72,
success,150,340,270,stacksats_mvrv_weight,760,6,4.015045865741085,2028.11024780351,83.33333333333334,52540864.41354368,50512754.16574016,72,
success,150,340,270,stacksats_momentum_weight,760,6,3.9482341238627816,1994.3617968746767,83.33333333333334,52507115.96261484,50512754.16574016,72,
success,150,340,300,sma_340d_weight,790,6,3.375481427220861,1705.0486352422886,83.33333333333334,52217802.800982475,50512754.16574016,73,
success,150,340,300,stacksats_mvrv_weight,790,6,2.9770691488170353,1503.7996204860465,83.33333333333334,52016553.78622622,50512754.16574016,73,
success,150,340,300,stacksats_momentum_weight,790,6,2.9295420621017643,1479.7923800114222,83.33333333333334,51992546.5457516,50512754.16574016,73,
success,150,340,340,sma_340d_weight,830,6,8.170498184375585,4127.143661989903,83.33333333333334,54639897.8277301,50512754.16574016,73,
success,150,340,340,stacksats_mvrv_weight,830,6,7.77226693612445,3925.986090549646,83.33333333333334,54438740.25628981,50512754.16574016,73,
success,150,340,340,stacksats_momentum_weight,830,6,7.696169575256895,3887.54721772801,83.33333333333334,54400301.38346818,50512754.16574016,73,
success,180,60,60,sma_60d_weight,300,6,-2.0181612574900365,-1019.4288346641551,50.0,49493325.33107602,50512754.16574016,31,
success,180,60,60,stacksats_mvrv_weight,300,6,-2.1577552851344994,-1089.941622678256,50.0,49422812.54306192,50512754.16574016,31,
success,180,60,60,stacksats_momentum_weight,300,6,-2.0797206234299592,-1050.5241658473751,50.0,49462229.9998928,50512754.16574016,31,
success,180,60,90,sma_60d_weight,330,6,-2.0911005734865373,-1056.2724920436376,50.0,49456481.67369653,50512754.16574016,16,
success,180,60,90,stacksats_mvrv_weight,330,6,-2.22288998034057,-1122.8429511443028,50.0,49389911.21459587,50512754.16574016,16,
success,180,60,90,stacksats_momentum_weight,330,6,-2.134126081959653,-1078.0058613672227,50.0,49434748.30437295,50512754.16574016,16,
success,180,60,120,sma_60d_weight,360,6,-2.0651968890344374,-1043.1878275964773,50.0,49469566.338143684,50512754.16574016,26,
success,180,60,120,stacksats_mvrv_weight,360,6,-2.187182615404215,-1104.8061776749382,50.0,49407947.98806523,50512754.16574016,26,
success,180,60,120,stacksats_momentum_weight,360,6,-2.1166996373050972,-1069.2032842190383,50.0,49443550.88152112,50512754.16574016,26,
success,180,60,150,sma_60d_weight,390,6,-2.083311777793284,-1052.3381568226323,50.0,49460416.00891754,50512754.16574016,32,
success,180,60,150,stacksats_mvrv_weight,390,6,-2.3741315866008583,-1199.2392519108762,50.0,49313514.9138293,50512754.16574016,32,
success,180,60,150,stacksats_momentum_weight,390,6,-2.130934071738766,-1076.3934890914024,50.0,49436360.67664878,50512754.16574016,32,
success,180,60,180,sma_60d_weight,420,6,-2.0855239641160095,-1053.455593061517,50.0,49459298.57267865,50512754.16574016,28,
success,180,60,180,stacksats_mvrv_weight,420,6,-2.354227032319134,-1189.184913338766,50.0,49323569.252401404,50512754.16574016,28,
success,180,60,180,stacksats_momentum_weight,420,6,-2.1311008606686,-1076.4777387735012,50.0,49436276.42696667,50512754.16574016,28,
success,180,60,200,sma_60d_weight,440,6,-2.0840202897123294,-1052.696045706536,50.0,49460058.12003364,50512754.16574016,28,
success,180,60,200,stacksats_mvrv_weight,440,6,-2.35257859393444,-1188.3522417099302,50.0,49324401.92403025,50512754.16574016,28,
success,180,60,200,stacksats_momentum_weight,440,6,-2.1295652321797642,-1075.7020505300388,50.0,49437052.11521013,50512754.16574016,28,
success,180,60,210,sma_60d_weight,450,6,-2.084737385621549,-1053.0582706002897,50.0,49459695.89513988,50512754.16574016,28,
success,180,60,210,stacksats_mvrv_weight,450,6,-2.353388847131299,-1188.7615229153816,50.0,49323992.6428248,50512754.16574016,28,
success,180,60,210,stacksats_momentum_weight,450,6,-2.130303285109947,-1076.074861392277,50.0,49436679.304347895,50512754.16574016,28,
success,180,60,240,sma_60d_weight,480,6,-2.0865288008978133,-1053.963163794877,50.0,49458791.001945294,50512754.16574016,28,
success,180,60,240,stacksats_mvrv_weight,480,6,-2.3553492971717827,-1189.751800224869,50.0,49323002.36551529,50512754.16574016,28,
success,180,60,240,stacksats_momentum_weight,480,6,-2.1321319882841028,-1076.9985897310544,50.0,49435755.576009125,50512754.16574016,28,
success,180,60,270,sma_60d_weight,510,6,-2.082756427217314,-1052.0576339514373,50.0,49460696.53178873,50512754.16574016,28,
success,180,60,270,stacksats_mvrv_weight,510,6,-2.3512784841739465,-1187.6955204627302,50.0,49325058.64527745,50512754.16574016,28,
success,180,60,270,stacksats_momentum_weight,510,6,-2.128294761706506,-1075.0603009031329,50.0,49437693.864837036,50512754.16574016,28,
success,180,60,300,sma_60d_weight,540,6,-2.0733825533122197,-1047.3226320699468,50.0,49465431.53367022,50512754.16574016,31,
success,180,60,300,stacksats_mvrv_weight,540,6,-2.3434079168932698,-1183.7198801607883,50.0,49329034.285579376,50512754.16574016,31,
success,180,60,300,stacksats_momentum_weight,540,6,-2.119634162619888,-1070.685593777227,50.0,49442068.571962945,50512754.16574016,31,
success,180,60,340,sma_60d_weight,580,6,-2.064878603848641,-1043.0270529830304,50.0,49469727.11275714,50512754.16574016,32,
success,180,60,340,stacksats_mvrv_weight,580,6,-2.3438882903900726,-1183.9625300443076,50.0,49328791.63569587,50512754.16574016,32,
success,180,60,340,stacksats_momentum_weight,580,6,-2.11362514271376,-1067.6502723242738,50.0,49445103.8934159,50512754.16574016,32,
success,180,90,60,sma_90d_weight,330,6,-1.5312908463737895,-773.4971807912734,50.0,49739256.9849489,50512754.16574016,7,
success,180,90,60,stacksats_mvrv_weight,330,6,-1.6755891493911546,-846.3862278597735,50.0,49666367.9378804,50512754.16574016,7,
success,180,90,60,stacksats_momentum_weight,330,6,-1.580673729364357,-798.4418350762571,50.0,49714312.33066391,50512754.16574016,7,
success,180,90,90,sma_90d_weight,360,6,-1.649248010501403,-833.0805931279319,50.0,49679673.57261224,50512754.16574016,15,
success,180,90,90,stacksats_mvrv_weight,360,6,-1.7869847873353328,-902.6552326058736,50.0,49610098.93313431,50512754.16574016,15,
success,180,90,90,stacksats_momentum_weight,360,6,-1.6983859300555237,-857.9015096344665,50.0,49654852.656105705,50512754.16574016,15,
success,180,90,120,sma_90d_weight,390,6,-1.7070253817708103,-862.2655346406755,50.0,49650488.63109951,50512754.16574016,19,
success,180,90,120,stacksats_mvrv_weight,390,6,-1.8624674852213974,-940.7836222267288,50.0,49571970.54351344,50512754.16574016,19,
success,180,90,120,stacksats_momentum_weight,390,6,-1.7873585868701136,-902.844049045947,50.0,49609910.11669423,50512754.16574016,19,
success,180,90,150,sma_90d_weight,420,6,-1.660110118052971,-838.5673428126756,50.0,49674186.822927505,50512754.16574016,42,
success,180,90,150,stacksats_mvrv_weight,420,6,-1.592119160621508,-804.2232376303873,50.0,49708530.92810979,50512754.16574016,42,
success,180,90,150,stacksats_momentum_weight,420,6,-1.6502407414321518,-833.5820488625104,50.0,49679172.11687767,50512754.16574016,42,
success,180,90,180,sma_90d_weight,450,6,-1.6362969172653452,-826.5386392398286,50.0,49686215.52650036,50512754.16574016,28,
success,180,90,180,stacksats_mvrv_weight,450,6,-1.5422184971932484,-779.017038185797,50.0,49733737.12755438,50512754.16574016,28,
success,180,90,180,stacksats_momentum_weight,450,6,-1.6214752866338333,-819.0518253955815,50.0,49693702.34034459,50512754.16574016,28,
success,180,90,200,sma_90d_weight,470,6,-1.6359122604954757,-826.3443385112841,50.0,49686409.82722889,50512754.16574016,56,
success,180,90,200,stacksats_mvrv_weight,470,6,-1.5431338316814869,-779.4793988456368,50.0,49733274.76689455,50512754.16574016,56,
success,180,90,200,stacksats_momentum_weight,470,6,-1.6213732274832804,-819.0002725077575,50.0,49693753.89323241,50512754.16574016,56,
success,180,90,210,sma_90d_weight,480,6,-1.6375898156700375,-827.1917178326039,50.0,49685562.447907574,50512754.16574016,53,
success,180,90,210,stacksats_mvrv_weight,480,6,-1.5544999595956788,-785.2207430970957,50.0,49727533.42264309,50512754.16574016,53,
success,180,90,210,stacksats_momentum_weight,480,6,-1.6212033924457914,-818.9144841527814,50.0,49693839.6815874,50512754.16574016,53,
success,180,90,240,sma_90d_weight,510,6,-1.6423854879547894,-829.6141439843923,50.0,49683140.021755785,50512754.16574016,51,
success,180,90,240,stacksats_mvrv_weight,510,6,-1.567575222431683,-791.825418469969,50.0,49720928.74727022,50512754.16574016,51,
success,180,90,240,stacksats_momentum_weight,510,6,-1.6225486595519034,-819.5940156189681,50.0,49693160.1501212,50512754.16574016,51,
success,180,90,270,sma_90d_weight,540,6,-1.7205856506977257,-869.1151999479407,50.0,49643638.965792246,50512754.16574016,53,
success,180,90,270,stacksats_mvrv_weight,540,6,-1.6310658421793134,-823.8962791413942,50.0,49688857.88659879,50512754.16574016,53,
success,180,90,270,stacksats_momentum_weight,540,6,-1.698977781611899,-858.2004701561673,50.0,49654553.695584,50512754.16574016,53,
success,180,90,300,sma_90d_weight,570,6,-1.6549551717014443,-835.9634374347515,50.0,49676790.72830543,50512754.16574016,23,
success,180,90,300,stacksats_mvrv_weight,570,6,-1.577966303512679,-797.0742397115755,50.0,49715679.92602861,50512754.16574016,23,
success,180,90,300,stacksats_momentum_weight,570,6,-1.6440621500721564,-830.4610721979334,50.0,49682293.09354223,50512754.16574016,23,
success,180,90,340,sma_90d_weight,610,6,-1.6983725306937258,-857.8947412477792,50.0,49654859.4244924,50512754.16574016,45,
success,180,90,340,stacksats_mvrv_weight,610,6,-1.6172427320624738,-816.9138455100183,50.0,49695840.320230156,50512754.16574016,45,
success,180,90,340,stacksats_momentum_weight,610,6,-1.6784604919842017,-847.8366220850512,50.0,49664917.54365513,50512754.16574016,45,
success,180,120,60,sma_120d_weight,360,6,-0.6119950463733259,-309.13555328106304,66.66666666666666,50203618.61245911,50512754.16574016,10,
success,180,120,60,stacksats_mvrv_weight,360,6,-0.7767580692735865,-392.36189399471914,66.66666666666666,50120392.27174545,50512754.16574016,10,
success,180,120,60,stacksats_momentum_weight,360,6,-0.6729072879856579,-339.9040041435437,66.66666666666666,50172850.161596626,50512754.16574016,10,
success,180,120,90,sma_120d_weight,390,6,-0.7633367742660213,-385.582428241687,66.66666666666666,50127171.73749849,50512754.16574016,20,
success,180,120,90,stacksats_mvrv_weight,390,6,-0.9099549130036966,-459.64328822462994,66.66666666666666,50053110.87751554,50512754.16574016,20,
success,180,120,90,stacksats_momentum_weight,390,6,-0.8257049564281638,-417.0863147748896,66.66666666666666,50095667.850965284,50512754.16574016,20,
success,180,120,120,sma_120d_weight,420,6,-0.9453640627645643,-477.52942499551864,66.66666666666666,50035224.74074465,50512754.16574016,11,
success,180,120,120,stacksats_mvrv_weight,420,6,-1.101613782914157,-556.4554620193376,66.66666666666666,49956298.70372084,50512754.16574016,11,
success,180,120,120,stacksats_momentum_weight,420,6,-1.0100693390754145,-510.21384215068247,66.66666666666666,50002540.3235895,50512754.16574016,11,
success,180,120,150,sma_120d_weight,450,6,-0.9421345958163796,-475.8981322951149,66.66666666666666,50036856.03344506,50512754.16574016,5,
success,180,120,150,stacksats_mvrv_weight,450,6,-1.0934812746715261,-552.3475081232318,66.66666666666666,49960406.65761694,50512754.16574016,5,
success,180,120,150,stacksats_momentum_weight,450,6,-0.9971110934688276,-503.6682754032299,66.66666666666666,50009085.890336946,50512754.16574016,5,
success,180,120,180,sma_120d_weight,480,6,-0.9451913892302044,-477.4422028375993,66.66666666666666,50035311.96290258,50512754.16574016,5,
success,180,120,180,stacksats_mvrv_weight,480,6,-1.0969930914365822,-554.1214234925137,66.66666666666666,49958632.74224766,50512754.16574016,5,
success,180,120,180,stacksats_momentum_weight,480,6,-1.0003327333055756,-505.29561441407714,66.66666666666666,50007458.5513261,50512754.16574016,5,
success,180,120,200,sma_120d_weight,500,6,-0.9257734702030507,-467.633677135309,66.66666666666666,50045120.48860487,50512754.16574016,41,
success,180,120,200,stacksats_mvrv_weight,500,6,-1.016827566833567,-513.6276091241161,66.66666666666666,49999126.55661606,50512754.16574016,41,
success,180,120,200,stacksats_momentum_weight,500,6,-0.9303747786739147,-469.95792477160285,66.66666666666666,50042796.24096856,50512754.16574016,41,
success,180,120,210,sma_120d_weight,510,6,-0.917522074648347,-463.4656699835177,66.66666666666666,50049288.49575667,50512754.16574016,41,
success,180,120,210,stacksats_mvrv_weight,510,6,-1.008477116783868,-509.40956681878015,66.66666666666666,50003344.59892139,50512754.16574016,41,
success,180,120,210,stacksats_momentum_weight,510,6,-0.9220878205053795,-465.77195396411116,66.66666666666666,50046982.211776055,50512754.16574016,41,
success,180,120,240,sma_120d_weight,540,6,-0.8860523650170982,-447.5694529208122,66.66666666666666,50065184.71281936,50512754.16574016,51,
success,180,120,240,stacksats_mvrv_weight,540,6,-0.9081530287749606,-458.73310687382036,66.66666666666666,50054021.05886635,50512754.16574016,51,
success,180,120,240,stacksats_momentum_weight,540,6,-0.8693771553365481,-439.1463452482567,66.66666666666666,50073607.820491925,50512754.16574016,51,
success,180,120,270,sma_120d_weight,570,6,-0.8803056974434731,-444.6666528566275,66.66666666666666,50068087.51288355,50512754.16574016,40,
success,180,120,270,stacksats_mvrv_weight,570,6,-0.9089715245452212,-459.1465516301105,66.66666666666666,50053607.61411007,50512754.16574016,40,
success,180,120,270,stacksats_momentum_weight,570,6,-0.8701983991502016,-439.56117811695003,66.66666666666666,50073192.98762322,50512754.16574016,40,
success,180,120,300,sma_120d_weight,600,6,-0.8697020445982528,-439.3104557623301,66.66666666666666,50073443.709977835,50512754.16574016,43,
success,180,120,300,stacksats_mvrv_weight,600,6,-0.8871768326968787,-448.137452515577,66.66666666666666,50064616.713224605,50512754.16574016,43,
success,180,120,300,stacksats_momentum_weight,600,6,-0.8477202253663441,-428.2068334525611,66.66666666666666,50084547.332287624,50512754.16574016,43,
success,180,120,340,sma_120d_weight,640,6,-0.8648256490795925,-436.8472540818402,66.66666666666666,50075906.91165834,50512754.16574016,35,
success,180,120,340,stacksats_mvrv_weight,640,6,-0.9057045537179009,-457.4963146874361,66.66666666666666,50055257.85105273,50512754.16574016,35,
success,180,120,340,stacksats_momentum_weight,640,6,-0.8571606933114428,-432.9754738177653,66.66666666666666,50079778.69192241,50512754.16574016,35,
success,180,150,60,sma_150d_weight,390,6,0.2888724735994552,145.917442441787,66.66666666666666,50658671.60818196,50512754.16574016,26,
success,180,150,60,stacksats_mvrv_weight,390,6,0.0013561813790197164,0.685044566031138,66.66666666666666,50513439.21030622,50512754.16574016,26,
success,180,150,60,stacksats_momentum_weight,390,6,0.13427577760962706,67.82639344808558,66.66666666666666,50580580.55918826,50512754.16574016,26,
success,180,150,90,sma_150d_weight,420,6,0.018012098222608408,9.098406895282096,66.66666666666666,50521852.572635464,50512754.16574016,39,
success,180,150,90,stacksats_mvrv_weight,420,6,-0.26311817619105726,-132.90823750476557,66.66666666666666,50379845.92823542,50512754.16574016,39,
success,180,150,90,stacksats_momentum_weight,420,6,-0.1421336641410198,-71.79562835430988,66.66666666666666,50440958.537385866,50512754.16574016,39,
success,180,150,120,sma_150d_weight,450,6,-0.3428975578305016,-173.20700042724638,66.66666666666666,50339547.165312916,50512754.16574016,29,
success,180,150,120,stacksats_mvrv_weight,450,6,-0.6255592441733793,-315.9872031703635,66.66666666666666,50196766.96256982,50512754.16574016,29,
success,180,150,120,stacksats_momentum_weight,450,6,-0.49721383421557075,-251.156401755361,66.66666666666666,50261597.763984814,50512754.16574016,29,
success,180,150,150,sma_150d_weight,480,6,-0.42099467691030235,-212.65600619855104,66.66666666666666,50300098.15954164,50512754.16574016,28,
success,180,150,150,stacksats_mvrv_weight,480,6,-0.7042548690120776,-355.738530684328,66.66666666666666,50157015.635055855,50512754.16574016,28,
success,180,150,150,stacksats_momentum_weight,480,6,-0.5749672232901015,-290.43178003410867,66.66666666666666,50222322.38570606,50512754.16574016,28,
success,180,150,180,sma_150d_weight,510,6,-0.45102459548672647,-227.8249451452357,66.66666666666666,50284929.22059493,50512754.16574016,28,
success,180,150,180,stacksats_mvrv_weight,510,6,-0.7340630260358916,-370.7954517631006,66.66666666666666,50141958.71397707,50512754.16574016,28,
success,180,150,180,stacksats_momentum_weight,510,6,-0.6051487388665899,-305.6772948007565,66.66666666666666,50207076.87093942,50512754.16574016,28,
success,180,150,200,sma_150d_weight,530,6,-0.4435357332737144,-224.04211458576174,66.66666666666666,50288712.05115441,50512754.16574016,28,
success,180,150,200,stacksats_mvrv_weight,530,6,-0.7264701348245528,-366.96007329144777,66.66666666666666,50145794.09244873,50512754.16574016,28,
success,180,150,200,stacksats_momentum_weight,530,6,-0.5976799066832794,-301.9045819609528,66.66666666666666,50210849.583779216,50512754.16574016,28,
success,180,150,210,sma_150d_weight,540,6,-0.41500359015325117,-209.62974327310803,66.66666666666666,50303124.42246706,50512754.16574016,28,
success,180,150,210,stacksats_mvrv_weight,540,6,-0.6979642177754597,-352.5609494897508,66.66666666666666,50160193.21625042,50512754.16574016,28,
success,180,150,210,stacksats_momentum_weight,540,6,-0.5692074192100827,-287.5223443587456,66.66666666666666,50225231.82138142,50512754.16574016,28,
success,180,150,240,sma_150d_weight,570,6,-0.319630651882008,-161.45424542351248,66.66666666666666,50351299.92031667,50512754.16574016,28,
success,180,150,240,stacksats_mvrv_weight,570,6,-0.6029070057070651,-304.54493364083464,66.66666666666666,50208209.23209934,50512754.16574016,28,
success,180,150,240,stacksats_momentum_weight,570,6,-0.4741924655294216,-239.5276743853392,66.66666666666666,50273226.49135484,50512754.16574016,28,
success,180,150,270,sma_150d_weight,600,6,-0.25464222344306897,-128.62680032997014,66.66666666666666,50384127.36541021,50512754.16574016,39,
success,180,150,270,stacksats_mvrv_weight,600,6,-0.5521197857093707,-278.89091005578666,66.66666666666666,50233863.25568439,50512754.16574016,39,
success,180,150,270,stacksats_momentum_weight,600,6,-0.42612882699728516,-215.24940681049338,66.66666666666666,50297504.75892968,50512754.16574016,39,
success,180,150,300,sma_150d_weight,630,6,2.2134791135385745,1118.0892631317402,66.66666666666666,51630843.42887192,50512754.16574016,36,
success,180,150,300,stacksats_mvrv_weight,630,6,1.918419747024247,969.0466506813755,66.66666666666666,51481800.81642155,50512754.16574016,36,
success,180,150,300,stacksats_momentum_weight,630,6,2.0459131197431146,1033.4470646204645,66.66666666666666,51546201.23036064,50512754.16574016,36,
success,180,150,340,sma_150d_weight,670,6,2.228127562101312,1125.4885979433384,66.66666666666666,51638242.76368352,50512754.16574016,31,
success,180,150,340,stacksats_mvrv_weight,670,6,1.9403284676219767,980.1133488577616,66.66666666666666,51492867.514597945,50512754.16574016,31,
success,180,150,340,stacksats_momentum_weight,670,6,2.0699518427456987,1045.5896856753461,66.66666666666666,51558343.85141553,50512754.16574016,31,
success,180,180,60,sma_180d_weight,420,6,2.11808993823992,1069.9055635124096,83.33333333333334,51582659.72925258,50512754.16574016,5,
success,180,180,60,stacksats_mvrv_weight,420,6,1.949389138880453,984.6901434563188,83.33333333333334,51497444.30919649,50512754.16574016,5,
success,180,180,60,stacksats_momentum_weight,420,6,2.0445498061475,1032.7584173754076,83.33333333333334,51545512.58311558,50512754.16574016,5,
success,180,180,90,sma_180d_weight,450,6,1.5315521709599489,773.6291830370537,83.33333333333334,51286383.348777235,50512754.16574016,24,
success,180,180,90,stacksats_mvrv_weight,450,6,1.375508252240265,694.8071019835916,83.33333333333334,51207561.26772376,50512754.16574016,24,
success,180,180,90,stacksats_momentum_weight,450,6,1.445428718408226,730.1258551705541,83.33333333333334,51242880.02091073,50512754.16574016,24,
success,180,180,120,sma_180d_weight,480,6,0.8016462214458064,404.9335851178621,83.33333333333334,50917687.75085804,50512754.16574016,14,
success,180,180,120,stacksats_mvrv_weight,480,6,0.6497720031876542,328.2177346079843,83.33333333333334,50840971.900348164,50512754.16574016,14,
success,180,180,120,stacksats_momentum_weight,480,6,0.7277013057919834,367.5819716555852,83.33333333333334,50880336.13739576,50512754.16574016,14,
success,180,180,150,sma_180d_weight,510,6,0.4104637688677748,207.33655450760853,83.33333333333334,50720090.72024779,50512754.16574016,13,
success,180,180,150,stacksats_mvrv_weight,510,6,0.25928972137101436,130.97437953317421,83.33333333333334,50643728.54527335,50512754.16574016,13,
success,180,180,150,stacksats_momentum_weight,510,6,0.3375332064369241,170.49731879522733,83.33333333333334,50683251.484535396,50512754.16574016,13,
success,180,180,180,sma_180d_weight,540,6,0.5455101328116108,275.552192336334,83.33333333333334,50788306.358076505,50512754.16574016,13,
success,180,180,180,stacksats_mvrv_weight,540,6,0.39485421897205164,199.45174094240792,83.33333333333334,50712205.90668258,50512754.16574016,13,
success,180,180,180,stacksats_momentum_weight,540,6,0.47255015845488746,238.69809985013853,83.33333333333334,50751452.26559032,50512754.16574016,13,
success,180,180,200,sma_180d_weight,560,6,0.5294778310808823,267.45383517598384,83.33333333333334,50780208.000916146,50512754.16574016,13,
success,180,180,200,stacksats_mvrv_weight,560,6,0.3784261472153938,191.15346944179328,83.33333333333334,50703907.635181956,50512754.16574016,13,
success,180,180,200,stacksats_momentum_weight,560,6,0.4564842122335655,230.58274793095916,83.33333333333334,50743336.91367112,50512754.16574016,13,
success,180,180,210,sma_180d_weight,570,6,0.48122430363455315,243.07964948071458,83.33333333333334,50755833.81522088,50512754.16574016,13,
success,180,180,210,stacksats_mvrv_weight,570,6,0.33017261976904244,166.77928374652402,83.33333333333334,50679533.449486695,50512754.16574016,13,
success,180,180,210,stacksats_momentum_weight,570,6,0.40823068478723634,206.2085622356899,83.33333333333334,50718962.72797586,50512754.16574016,13,
success,180,180,240,sma_180d_weight,600,6,0.6232655618425786,314.8286010532611,83.33333333333334,50827582.76679343,50512754.16574016,13,
success,180,180,240,stacksats_mvrv_weight,600,6,0.4726162933290867,238.73150639655796,83.33333333333334,50751485.672136724,50512754.16574016,13,
success,180,180,240,stacksats_momentum_weight,600,6,0.5503039215782657,277.9736670712591,83.33333333333334,50790727.832811415,50512754.16574016,13,
success,180,180,270,sma_180d_weight,630,6,0.8271483461664841,417.8154106850634,83.33333333333334,50930569.57642523,50512754.16574016,13,
success,180,180,270,stacksats_mvrv_weight,630,6,0.6756475300444098,341.2881758782314,83.33333333333334,50854042.341618404,50512754.16574016,13,
success,180,180,270,stacksats_momentum_weight,630,6,0.7541139266026065,380.9237138743847,83.33333333333334,50893677.879614554,50512754.16574016,13,
success,180,180,300,sma_180d_weight,660,6,0.9043819423082633,456.8282272375145,83.33333333333334,50969582.392977685,50512754.16574016,13,
success,180,180,300,stacksats_mvrv_weight,660,6,0.752676429672805,380.1975945840968,83.33333333333334,50892951.76032427,50512754.16574016,13,
success,180,180,300,stacksats_momentum_weight,660,6,0.8312609609175681,419.89280566406524,83.33333333333334,50932646.97140424,50512754.16574016,13,
success,180,180,340,sma_180d_weight,700,6,4.162205563367993,2102.444664096831,83.33333333333334,52615198.829837,50512754.16574016,20,
success,180,180,340,stacksats_mvrv_weight,700,6,3.985383020165667,2013.1267275394348,83.33333333333334,52525880.893279605,50512754.16574016,20,
success,180,180,340,stacksats_momentum_weight,700,6,4.069865723631061,2055.8012678534797,83.33333333333334,52568555.433593646,50512754.16574016,20,
success,180,200,60,sma_200d_weight,440,6,4.07569577927529,2058.746189528778,83.33333333333334,52571500.355268955,50512754.16574016,5,
success,180,200,60,stacksats_mvrv_weight,440,6,3.9035653949284654,1971.7983916391167,83.33333333333334,52484552.55737929,50512754.16574016,5,
success,180,200,60,stacksats_momentum_weight,440,6,3.996767724155914,2018.8774550785238,83.33333333333334,52531631.6208187,50512754.16574016,5,
success,180,200,90,sma_200d_weight,470,6,3.466155076459132,1750.8503927751299,83.33333333333334,52263604.558515295,50512754.16574016,21,
success,180,200,90,stacksats_mvrv_weight,470,6,3.2955820440818018,1664.689256257312,83.33333333333334,52177443.42199748,50512754.16574016,21,
success,180,200,90,stacksats_momentum_weight,470,6,3.3657377206694816,1700.1268207053654,83.33333333333334,52212880.98644554,50512754.16574016,21,
success,180,200,120,sma_200d_weight,500,6,2.598767236745436,1312.7089056370169,83.33333333333334,51825463.071377195,50512754.16574016,11,
success,180,200,120,stacksats_mvrv_weight,500,6,2.442896274885009,1233.9741898566863,83.33333333333334,51746728.35559685,50512754.16574016,11,
success,180,200,120,stacksats_momentum_weight,500,6,2.5200011007876277,1272.9219610147993,83.33333333333334,51785676.12675496,50512754.16574016,11,
success,180,200,150,sma_200d_weight,530,6,1.911291190127451,965.4458202605238,83.33333333333334,51478199.98600071,50512754.16574016,10,
success,180,200,150,stacksats_mvrv_weight,530,6,1.7597816547617828,888.9141811236113,83.33333333333334,51401668.3468638,50512754.16574016,10,
success,180,200,150,stacksats_momentum_weight,530,6,1.8357963081615303,927.3112761253651,83.33333333333334,51440065.44186555,50512754.16574016,10,
success,180,200,180,sma_200d_weight,560,6,1.775293359704433,896.749570508211,83.33333333333334,51409503.73624838,50512754.16574016,10,
success,180,200,180,stacksats_mvrv_weight,560,6,1.6263570519814863,821.5177395245846,83.33333333333334,51334271.90526476,50512754.16574016,10,
success,180,200,180,stacksats_momentum_weight,560,6,1.7009105802801905,859.1767799959998,83.33333333333334,51371930.94573617,50512754.16574016,10,
success,180,200,200,sma_200d_weight,580,6,1.7426344763695534,880.2526690559826,83.33333333333334,51393006.83479615,50512754.16574016,10,
success,180,200,200,stacksats_mvrv_weight,580,6,1.594154057449737,805.2511200627632,83.33333333333334,51318005.28580294,50512754.16574016,10,
success,180,200,200,stacksats_momentum_weight,580,6,1.6682849793655086,842.6966904108631,83.33333333333334,51355450.856151044,50512754.16574016,10,
success,180,200,210,sma_200d_weight,590,6,1.6567194918224004,836.854644120147,83.33333333333334,51349608.80986032,50512754.16574016,10,
success,180,200,210,stacksats_mvrv_weight,590,6,1.5081776678774084,761.8220777575116,83.33333333333334,51274576.243497685,50512754.16574016,10,
success,180,200,210,stacksats_momentum_weight,590,6,1.5823666567964523,799.2969793482334,83.33333333333334,51312051.14508842,50512754.16574016,10,
success,180,200,240,sma_200d_weight,620,6,1.7782154202577782,898.225583772095,83.33333333333334,51410979.749512255,50512754.16574016,10,
success,180,200,240,stacksats_mvrv_weight,620,6,1.6292752194790205,822.991786298764,83.33333333333334,51335745.95203893,50512754.16574016,10,
success,180,200,240,stacksats_momentum_weight,620,6,1.7038550142145503,860.6640946708285,83.33333333333334,51373418.260411,50512754.16574016,10,
success,180,200,270,sma_200d_weight,650,6,1.9753080786986565,997.782513809063,83.33333333333334,51510536.67954924,50512754.16574016,10,
success,180,200,270,stacksats_mvrv_weight,650,6,1.8266805116923468,922.7066362646437,83.33333333333334,51435460.802004814,50512754.16574016,10,
success,180,200,270,stacksats_momentum_weight,650,6,1.9012207739779186,960.3589757074515,83.33333333333334,51473113.14144763,50512754.16574016,10,
success,180,200,300,sma_200d_weight,680,6,1.9965908605934946,1008.5330331072255,83.33333333333334,51521287.1988474,50512754.16574016,39,
success,180,200,300,stacksats_mvrv_weight,680,6,1.9255890787333918,972.6680775829445,83.33333333333334,51485422.24332311,50512754.16574016,39,
success,180,200,300,stacksats_momentum_weight,680,6,1.8808026807481504,950.045234468962,83.33333333333334,51462799.40020914,50512754.16574016,39,
success,180,200,340,sma_200d_weight,720,6,7.404439518783068,3740.1863314738075,83.33333333333334,54252940.49721399,50512754.16574016,16,
success,180,200,340,stacksats_mvrv_weight,720,6,7.226557545778611,3650.333247744893,83.33333333333334,54163087.413485065,50512754.16574016,16,
success,180,200,340,stacksats_momentum_weight,720,6,7.311655444479115,3693.318540115695,83.33333333333334,54206072.705855876,50512754.16574016,16,
success,180,210,60,sma_210d_weight,450,6,3.6995600016080266,1868.7496488263132,83.33333333333334,52381503.81456648,50512754.16574016,5,
success,180,210,60,stacksats_mvrv_weight,450,6,3.5257722883439424,1780.9646884549657,83.33333333333334,52293718.85419513,50512754.16574016,5,
success,180,210,60,stacksats_momentum_weight,450,6,3.618354122084355,1827.730322534393,83.33333333333334,52340484.48827457,50512754.16574016,5,
success,180,210,90,sma_210d_weight,480,6,3.153400288706143,1592.8693356958756,83.33333333333334,52105623.50143604,50512754.16574016,23,
success,180,210,90,stacksats_mvrv_weight,480,6,2.986938967749375,1508.7851378599444,83.33333333333334,52021539.30360012,50512754.16574016,23,
success,180,210,90,stacksats_momentum_weight,480,6,3.0523816373668744,1541.842032683322,83.33333333333334,52054596.19842349,50512754.16574016,23,
success,180,210,120,sma_210d_weight,510,6,2.3571089910872978,1190.64067008649,83.33333333333334,51703394.835826665,50512754.16574016,13,
success,180,210,120,stacksats_mvrv_weight,510,6,2.2082656041573223,1115.455775954586,83.33333333333334,51628209.94169475,50512754.16574016,13,
success,180,210,120,stacksats_momentum_weight,510,6,2.2803096152236524,1151.847190155655,83.33333333333334,51664601.35589583,50512754.16574016,13,
success,180,210,150,sma_210d_weight,540,6,1.6985375378383738,857.978090901117,83.33333333333334,51370732.2566413,50512754.16574016,12,
success,180,210,150,stacksats_mvrv_weight,540,6,1.5543863544538183,785.1633580110647,83.33333333333334,51297917.523751244,50512754.16574016,12,
success,180,210,150,stacksats_momentum_weight,540,6,1.6253087616701745,820.9882192166915,83.33333333333334,51333742.38495686,50512754.16574016,12,
success,180,210,180,sma_210d_weight,570,6,1.5529576984735005,784.4417045278533,83.33333333333334,51297195.87026802,50512754.16574016,12,
success,180,210,180,stacksats_mvrv_weight,570,6,1.4116956502548073,713.0863533816591,83.33333333333334,51225840.519121826,50512754.16574016,12,
success,180,210,180,stacksats_momentum_weight,570,6,1.4809643944722728,748.0759038619217,83.33333333333334,51260830.069602095,50512754.16574016,12,
success,180,210,200,sma_210d_weight,590,6,1.512114645738305,763.8107537059477,83.33333333333334,51276564.91944612,50512754.16574016,12,
success,180,210,200,stacksats_mvrv_weight,590,6,1.3714039223849728,692.7338919336398,83.33333333333334,51205488.05767381,50512754.16574016,12,
success,180,210,200,stacksats_momentum_weight,590,6,1.4402488903926924,727.5093813788626,83.33333333333334,51240263.54711904,50512754.16574016,12,
success,180,210,210,sma_210d_weight,600,6,1.429380534068203,722.0194752668176,83.33333333333334,51234773.64100699,50512754.16574016,12,
success,180,210,210,stacksats_mvrv_weight,600,6,1.2885699442074294,650.8921681711145,83.33333333333334,51163646.33391128,50512754.16574016,12,
success,180,210,210,stacksats_momentum_weight,600,6,1.3574930033468657,685.7071035977206,83.33333333333334,51198461.269337885,50512754.16574016,12,
success,180,210,240,sma_210d_weight,630,6,1.5279426822993658,771.8059309032978,83.33333333333334,51284560.09664347,50512754.16574016,12,
success,180,210,240,stacksats_mvrv_weight,630,6,1.3865230120958305,700.3709605513868,83.33333333333334,51213125.12629155,50512754.16574016,12,
success,180,210,240,stacksats_momentum_weight,630,6,1.455935534539865,735.4331373737805,83.33333333333334,51248187.303113945,50512754.16574016,12,
success,180,210,270,sma_210d_weight,660,6,1.717086983521865,867.3479267983275,83.33333333333334,51380102.092538506,50512754.16574016,12,
success,180,210,270,stacksats_mvrv_weight,660,6,1.5757553196258378,795.9574108561719,83.33333333333334,51308711.57659634,50512754.16574016,12,
success,180,210,270,stacksats_momentum_weight,660,6,1.6452671066401914,831.0697289469463,83.33333333333334,51343823.894687116,50512754.16574016,12,
success,180,210,300,sma_210d_weight,690,6,1.8203351496595133,919.5014191400696,83.33333333333334,51432255.58488024,50512754.16574016,12,
success,180,210,300,stacksats_mvrv_weight,690,6,1.6783904350460954,847.8012343961309,83.33333333333334,51360555.40013629,50512754.16574016,12,
success,180,210,300,stacksats_momentum_weight,690,6,1.748410721556004,883.17040958703,83.33333333333334,51395924.575327195,50512754.16574016,12,
success,180,210,340,sma_210d_weight,730,6,7.43067643841353,3753.439322187405,83.33333333333334,54266193.48792758,50512754.16574016,19,
success,180,210,340,stacksats_mvrv_weight,730,6,7.256627463481569,3665.5223913520313,83.33333333333334,54178276.557092205,50512754.16574016,19,
success,180,210,340,stacksats_momentum_weight,730,6,7.338261649522271,3706.758067061972,83.33333333333334,54219512.232802145,50512754.16574016,19,
success,180,240,60,sma_240d_weight,480,6,4.861203909440004,2455.527980270781,83.33333333333334,52968282.14601096,50512754.16574016,4,
success,180,240,60,stacksats_mvrv_weight,480,6,4.682249260545679,2365.133058406631,83.33333333333334,52877887.224146806,50512754.16574016,4,
success,180,240,60,stacksats_momentum_weight,480,6,4.775224593745331,2412.097459900542,83.33333333333334,52924851.62564072,50512754.16574016,4,
success,180,240,90,sma_240d_weight,510,6,4.306779636571112,2175.473010281319,83.33333333333334,52688227.1760215,50512754.16574016,15,
success,180,240,90,stacksats_mvrv_weight,510,6,4.102963041446128,2072.519634636854,83.33333333333334,52585273.800377026,50512754.16574016,15,
success,180,240,90,stacksats_momentum_weight,510,6,4.186761203905309,2114.84839443527,83.33333333333334,52627602.56017545,50512754.16574016,15,
success,180,240,120,sma_240d_weight,540,6,3.4755509332126566,1755.5964987987973,83.33333333333334,52268350.66453899,50512754.16574016,5,
success,180,240,120,stacksats_mvrv_weight,540,6,3.297729225537971,1665.7738567477572,83.33333333333334,52178528.02248794,50512754.16574016,5,
success,180,240,120,stacksats_momentum_weight,540,6,3.388235939158668,1711.4912905024757,83.33333333333334,52224245.456242666,50512754.16574016,5,
success,180,240,150,sma_240d_weight,570,6,2.725391772986119,1376.6704463417846,83.33333333333334,51889424.61208196,50512754.16574016,4,
success,180,240,150,stacksats_mvrv_weight,570,6,2.5529073151870474,1289.5437961996358,83.33333333333334,51802297.96193982,50512754.16574016,4,
success,180,240,150,stacksats_momentum_weight,570,6,2.6425053082769434,1334.8022101865645,83.33333333333334,51847556.37592675,50512754.16574016,4,
success,180,240,180,sma_240d_weight,600,6,2.5416057641403533,1283.8350715025008,83.33333333333334,51796589.23724267,50512754.16574016,4,
success,180,240,180,stacksats_mvrv_weight,600,6,2.371444095449182,1197.8817261122022,83.33333333333334,51710635.89185237,50512754.16574016,4,
success,180,240,180,stacksats_momentum_weight,600,6,2.4598306678202952,1242.528218129548,83.33333333333334,51755282.38386973,50512754.16574016,4,
success,180,240,200,sma_240d_weight,620,6,2.4825287787970884,1253.9936591275255,83.33333333333334,51766747.82486771,50512754.16574016,4,
success,180,240,200,stacksats_mvrv_weight,620,6,2.3126211971381982,1168.1686600952162,83.33333333333334,51680922.82583539,50512754.16574016,4,
success,180,240,200,stacksats_momentum_weight,620,6,2.400875460213747,1212.7483190433486,83.33333333333334,51725502.48478354,50512754.16574016,4,
success,180,240,210,sma_240d_weight,630,6,2.3859042146674447,1205.1859305850012,83.33333333333334,51717940.09632518,50512754.16574016,4,
success,180,240,210,stacksats_mvrv_weight,630,6,2.216112014156568,1119.4192137483406,83.33333333333334,51632173.37948853,50512754.16574016,4,
success,180,240,210,stacksats_momentum_weight,630,6,2.3043061967051415,1163.968524367585,83.33333333333334,51676722.69010777,50512754.16574016,4,
success,180,240,240,sma_240d_weight,660,6,2.4473524898598997,1236.2251467720562,83.33333333333334,51748979.312512234,50512754.16574016,4,
success,180,240,240,stacksats_mvrv_weight,660,6,2.2776296675351304,1150.4934747679872,83.33333333333334,51663247.64050817,50512754.16574016,4,
success,180,240,240,stacksats_momentum_weight,660,6,2.365787706748379,1195.0245283931072,83.33333333333334,51707778.69413329,50512754.16574016,4,
success,180,240,270,sma_240d_weight,690,6,2.5455049875050095,1285.8046766150655,83.33333333333334,51798558.84235525,50512754.16574016,4,
success,180,240,270,stacksats_mvrv_weight,690,6,2.3757127869941774,1200.0379597784195,83.33333333333334,51712792.12551859,50512754.16574016,4,
success,180,240,270,stacksats_momentum_weight,690,6,2.4639069695427507,1244.5872703976638,83.33333333333334,51757341.43613784,50512754.16574016,4,
success,180,240,300,sma_240d_weight,720,6,2.6439017892013528,1335.5076111628878,83.33333333333334,51848261.77690306,50512754.16574016,4,
success,180,240,300,stacksats_mvrv_weight,720,6,2.4739896719203625,1249.6803210629296,83.33333333333334,51762434.486803114,50512754.16574016,4,
success,180,240,300,stacksats_momentum_weight,720,6,2.562246348789987,1294.2611992849343,83.33333333333334,51807015.36502512,50512754.16574016,4,
success,180,240,340,sma_240d_weight,760,6,6.413816289259944,3239.795254836077,83.33333333333334,53752549.42057626,50512754.16574016,49,
success,180,240,340,stacksats_mvrv_weight,760,6,6.196613868538714,3130.0803300151238,83.33333333333334,53642834.49575531,50512754.16574016,49,
success,180,240,340,stacksats_momentum_weight,760,6,6.285248499693208,3174.8521233559077,83.33333333333334,53687606.28909609,50512754.16574016,49,
success,180,270,60,sma_270d_weight,510,6,5.650164898857435,2854.0539053187968,83.33333333333334,53366808.07105897,50512754.16574016,4,
success,180,270,60,stacksats_mvrv_weight,510,6,5.465140850972561,2760.5931628632097,83.33333333333334,53273347.32860339,50512754.16574016,4,
success,180,270,60,stacksats_momentum_weight,510,6,5.558038909584884,2807.518530834801,83.33333333333334,53320272.69657497,50512754.16574016,4,
success,180,270,90,sma_270d_weight,540,6,5.1584086311755595,2605.6542707300323,83.33333333333334,53118408.436470196,50512754.16574016,15,
success,180,270,90,stacksats_mvrv_weight,540,6,4.948033810632846,2499.3881548026766,83.33333333333334,53012142.32054284,50512754.16574016,15,
success,180,270,90,stacksats_momentum_weight,540,6,5.031121885816114,2541.3582299610425,83.33333333333334,53054112.395701215,50512754.16574016,15,
success,180,270,120,sma_270d_weight,570,6,4.337382658617872,2190.9314395750916,83.33333333333334,52703685.60531526,50512754.16574016,5,
success,180,270,120,stacksats_mvrv_weight,570,6,4.1538132739657785,2098.205487582214,83.33333333333334,52610959.6533224,50512754.16574016,5,
success,180,270,120,stacksats_momentum_weight,570,6,4.2438050172334485,2143.662795628479,83.33333333333334,52656416.96136866,50512754.16574016,5,
success,180,270,150,sma_270d_weight,600,6,2.785267870480279,1406.9155122730517,83.33333333333334,51919669.678013235,50512754.16574016,4,
success,180,270,150,stacksats_mvrv_weight,600,6,2.6029587849152103,1314.8261720597584,83.33333333333334,51827580.33779994,50512754.16574016,4,
success,180,270,150,stacksats_momentum_weight,600,6,2.694481506835489,1361.0568195891465,83.33333333333334,51873810.98532932,50512754.16574016,4,
success,180,270,180,sma_270d_weight,630,6,2.7880787608763002,1408.3353704286565,83.33333333333334,51921089.536168836,50512754.16574016,4,
success,180,270,180,stacksats_mvrv_weight,630,6,2.609597277183817,1318.1794573397128,83.33333333333334,51830933.62307989,50512754.16574016,4,
success,180,270,180,stacksats_momentum_weight,630,6,2.699190113152028,1363.435266322449,83.33333333333334,51876189.43206263,50512754.16574016,4,
success,180,270,200,sma_270d_weight,650,6,2.778690798166883,1403.5932519040798,83.33333333333334,51916347.41764427,50512754.16574016,4,
success,180,270,200,stacksats_mvrv_weight,650,6,2.600445983009081,1313.5568866102476,83.33333333333334,51826311.052350424,50512754.16574016,4,
success,180,270,200,stacksats_momentum_weight,650,6,2.6899196827420813,1358.7525165993648,83.33333333333334,51871506.68233956,50512754.16574016,4,
success,180,270,210,sma_270d_weight,660,6,2.7098900327267916,1368.840090393176,83.33333333333334,51881594.256133355,50512754.16574016,4,
success,180,270,210,stacksats_mvrv_weight,660,6,2.531720277745131,1278.841640061597,83.33333333333334,51791595.80580179,50512754.16574016,4,
success,180,270,210,stacksats_momentum_weight,660,6,2.6211561832616637,1324.0181791510622,83.33333333333334,51836772.34489124,50512754.16574016,4,
success,180,270,240,sma_270d_weight,690,6,2.8272756012707845,1428.134774057864,83.33333333333334,51940888.93979805,50512754.16574016,4,
success,180,270,240,stacksats_mvrv_weight,690,6,2.6492055672593606,1338.1866955348232,83.33333333333334,51850940.86127501,50512754.16574016,4,
success,180,270,240,stacksats_momentum_weight,690,6,2.7385912534945156,1383.3378674821433,83.33333333333334,51896092.033222325,50512754.16574016,4,
success,180,270,270,sma_270d_weight,720,6,2.964758464116435,1497.581154587111,83.33333333333334,52010335.32032728,50512754.16574016,4,
success,180,270,270,stacksats_mvrv_weight,720,6,2.7865887091348185,1407.5827042555393,83.33333333333334,51920336.86999571,50512754.16574016,4,
success,180,270,270,stacksats_momentum_weight,720,6,2.876024614651329,1452.7592433449972,83.33333333333334,51965513.40908517,50512754.16574016,4,
success,180,270,300,sma_270d_weight,750,6,3.0218047533795422,1526.3968064432556,83.33333333333334,52039150.972183436,50512754.16574016,4,
success,180,270,300,stacksats_mvrv_weight,750,6,2.8432420746382636,1436.1998794989122,83.33333333333334,51948954.04523909,50512754.16574016,4,
success,180,270,300,stacksats_momentum_weight,750,6,2.932875766483334,1481.476325910291,83.33333333333334,51994230.49165047,50512754.16574016,4,
success,180,270,340,sma_270d_weight,790,6,6.8300712334981695,3450.057091521863,83.33333333333334,53962811.25726203,50512754.16574016,45,
success,180,270,340,stacksats_mvrv_weight,790,6,6.64130833727774,3354.707753797913,83.33333333333334,53867461.91953809,50512754.16574016,45,
success,180,270,340,stacksats_momentum_weight,790,6,6.715628383846739,3392.2488562171784,83.33333333333334,53905003.02195735,50512754.16574016,45,
success,180,300,60,sma_300d_weight,540,6,6.518960386107375,3292.9064339964025,83.33333333333334,53805660.59973657,50512754.16574016,50,
success,180,300,60,stacksats_mvrv_weight,540,6,6.403361813842512,3234.5144113691495,83.33333333333334,53747268.57710932,50512754.16574016,50,
success,180,300,60,stacksats_momentum_weight,540,6,6.393566550340046,3229.5665539962647,83.33333333333334,53742320.71973645,50512754.16574016,50,
success,180,300,90,sma_300d_weight,570,6,5.948150005093034,3004.574389482106,83.33333333333334,53517328.55522227,50512754.16574016,62,
success,180,300,90,stacksats_mvrv_weight,570,6,5.807017541260517,2933.284494978332,83.33333333333334,53446038.6607185,50512754.16574016,62,
success,180,300,90,stacksats_momentum_weight,570,6,5.78989617549841,2924.6360215811073,83.33333333333334,53437390.187321275,50512754.16574016,62,
success,180,300,120,sma_300d_weight,600,6,3.546047770778582,1791.2063930531003,83.33333333333334,52303960.55879327,50512754.16574016,55,
success,180,300,120,stacksats_mvrv_weight,600,6,3.403846196921867,1719.3764616310436,83.33333333333334,52232130.627371214,50512754.16574016,55,
success,180,300,120,stacksats_momentum_weight,600,6,3.417640276122813,1726.3442309472448,83.33333333333334,52239098.39668741,50512754.16574016,55,
success,180,300,150,sma_300d_weight,630,6,3.0918747913040834,1561.7911124439197,83.33333333333334,52074545.27818409,50512754.16574016,54,
success,180,300,150,stacksats_mvrv_weight,630,6,2.9615558460516,1495.9634239971565,83.33333333333334,52008717.58973733,50512754.16574016,54,
success,180,300,150,stacksats_momentum_weight,630,6,2.9705271123934285,1500.4950577099517,83.33333333333334,52013249.223450124,50512754.16574016,54,
success,180,300,180,sma_300d_weight,660,6,3.084540270303937,1558.0862438818804,83.33333333333334,52070840.409622066,50512754.16574016,54,
success,180,300,180,stacksats_mvrv_weight,660,6,2.9608992391820577,1495.6317537833093,83.33333333333334,52008385.91952349,50512754.16574016,54,
success,180,300,180,stacksats_momentum_weight,660,6,2.966310533159211,1498.3651474071667,83.33333333333334,52011119.31314735,50512754.16574016,54,
success,180,300,200,sma_300d_weight,680,6,3.061041731247194,1546.2164846156156,83.33333333333334,52058970.6503558,50512754.16574016,54,
success,180,300,200,stacksats_mvrv_weight,680,6,2.937139548336898,1483.6300795561474,83.33333333333334,51996384.24529633,50512754.16574016,54,
success,180,300,200,stacksats_momentum_weight,680,6,2.942612523302679,1486.3946299461677,83.33333333333334,51999148.79568635,50512754.16574016,54,
success,180,300,210,sma_300d_weight,690,6,2.991699829350991,1511.1899801769323,83.33333333333334,52023944.14591712,50512754.16574016,54,
success,180,300,210,stacksats_mvrv_weight,690,6,2.8675788745896824,1448.4930674301795,83.33333333333334,51961247.23317036,50512754.16574016,54,
success,180,300,210,stacksats_momentum_weight,690,6,2.8732019303298273,1451.333427752812,83.33333333333334,51964087.593492985,50512754.16574016,54,
success,180,300,240,sma_300d_weight,720,6,3.1230176946315025,1577.5222506417776,83.33333333333334,52090276.416381955,50512754.16574016,54,
success,180,300,240,stacksats_mvrv_weight,720,6,2.9982410710632346,1514.494141522424,83.33333333333334,52027248.30726259,50512754.16574016,54,
success,180,300,240,stacksats_momentum_weight,720,6,3.004405667817567,1517.6080491262546,83.33333333333334,52030362.21486643,50512754.16574016,54,
success,180,300,270,sma_300d_weight,750,6,3.281517645389398,1657.5849411209347,83.33333333333334,52170339.106861115,50512754.16574016,54,
success,180,300,270,stacksats_mvrv_weight,750,6,3.154441313763412,1593.3951861238602,83.33333333333334,52106149.351864025,50512754.16574016,54,
success,180,300,270,stacksats_momentum_weight,750,6,3.1619313227002843,1597.1785959251356,83.33333333333334,52109932.761665314,50512754.16574016,54,
success,180,300,300,sma_300d_weight,780,6,3.3475675877526756,1690.9485861335124,83.33333333333334,52203702.7518737,50512754.16574016,54,
success,180,300,300,stacksats_mvrv_weight,780,6,3.218269920639427,1625.6367734025553,83.33333333333334,52138390.939142734,50512754.16574016,54,
success,180,300,300,stacksats_momentum_weight,780,6,3.2271728343145734,1630.1338803008694,83.33333333333334,52142888.04604105,50512754.16574016,54,
success,180,300,340,sma_300d_weight,820,6,7.1642956912508104,3618.883070228243,83.33333333333334,54131637.235968426,50512754.16574016,46,
success,180,300,340,stacksats_mvrv_weight,820,6,6.974292548358729,3522.907249751981,83.33333333333334,54035661.415492155,50512754.16574016,46,
success,180,300,340,stacksats_momentum_weight,820,6,7.045856302086806,3559.056072744417,83.33333333333334,54071810.238484584,50512754.16574016,46,
success,180,340,60,sma_340d_weight,580,6,6.60735044197438,3337.554685623465,83.33333333333334,53850308.85136365,50512754.16574016,63,
success,180,340,60,stacksats_mvrv_weight,580,6,6.227273519938725,3145.56736435488,83.33333333333334,53658321.530095056,50512754.16574016,63,
success,180,340,60,stacksats_momentum_weight,580,6,6.227171728116332,3145.5159465018733,83.33333333333334,53658270.11224205,50512754.16574016,63,
success,180,340,90,sma_340d_weight,610,6,6.109835611491099,3086.246242363348,83.33333333333334,53599000.40810352,50512754.16574016,74,
success,180,340,90,stacksats_mvrv_weight,610,6,5.709159253442375,2883.853578621958,83.33333333333334,53396607.744362146,50512754.16574016,74,
success,180,340,90,stacksats_momentum_weight,610,6,5.70044987906797,2879.454233754841,83.33333333333334,53392208.39949502,50512754.16574016,74,
success,180,340,120,sma_340d_weight,640,6,5.41542024518753,2735.4779154932985,83.33333333333334,53248232.08123346,50512754.16574016,64,
success,180,340,120,stacksats_mvrv_weight,640,6,5.042944124374493,2547.3299682609213,83.33333333333334,53060084.134001106,50512754.16574016,64,
success,180,340,120,stacksats_momentum_weight,640,6,5.041526242816441,2546.6137572351436,83.33333333333334,53059367.9229753,50512754.16574016,64,
success,180,340,150,sma_340d_weight,670,6,4.89313039747199,2471.6549286841328,83.33333333333334,52984409.0944243,50512754.16574016,63,
success,180,340,150,stacksats_mvrv_weight,670,6,4.531005881239758,2288.7358620258674,83.33333333333334,52801490.02776604,50512754.16574016,63,
success,180,340,150,stacksats_momentum_weight,670,6,4.5296332904537495,2288.0425286164245,83.33333333333334,52800796.69435659,50512754.16574016,63,
success,180,340,180,sma_340d_weight,700,6,4.050908960493316,2046.2256846919336,83.33333333333334,52558979.85043212,50512754.16574016,63,
success,180,340,180,stacksats_mvrv_weight,700,6,3.6924679514913183,1865.1672589855516,83.33333333333334,52377921.42472573,50512754.16574016,63,
success,180,340,180,stacksats_momentum_weight,700,6,3.6925063632865074,1865.1866618412241,83.33333333333334,52377940.827581406,50512754.16574016,63,
success,180,340,200,sma_340d_weight,720,6,3.9528117433089927,1996.6740785321817,83.33333333333334,52509428.244272344,50512754.16574016,63,
success,180,340,200,stacksats_mvrv_weight,720,6,3.5981740357308167,1817.5368051241967,83.33333333333334,52330290.97086438,50512754.16574016,63,
success,180,340,200,stacksats_momentum_weight,720,6,3.597280817738313,1817.0856161154807,83.33333333333334,52329839.78185565,50512754.16574016,63,
success,180,340,210,sma_340d_weight,730,6,3.8086141060577505,1923.835880514649,83.33333333333334,52436590.04625481,50512754.16574016,63,
success,180,340,210,stacksats_mvrv_weight,730,6,3.4535572989961905,1744.4869084149177,83.33333333333334,52257241.074155085,50512754.16574016,63,
success,180,340,210,stacksats_momentum_weight,730,6,3.4531120904454538,1744.2620213141636,83.33333333333334,52257016.18705434,50512754.16574016,63,
success,180,340,240,sma_340d_weight,760,6,3.766887705738542,1902.7587264992035,83.33333333333334,52415512.89223937,50512754.16574016,63,
success,180,340,240,stacksats_mvrv_weight,760,6,3.409533749411886,1722.249401038367,83.33333333333334,52235003.56677854,50512754.16574016,63,
success,180,340,240,stacksats_momentum_weight,760,6,3.4104334254358104,1722.7038521766226,83.33333333333334,52235458.01791679,50512754.16574016,63,
success,180,340,270,sma_340d_weight,790,6,4.982683751212602,2516.8907941063007,83.33333333333334,53029644.95984647,50512754.16574016,63,
success,180,340,270,stacksats_mvrv_weight,790,6,4.625913382920133,2336.676255034523,83.33333333333334,52849430.42077469,50512754.16574016,63,
success,180,340,270,stacksats_momentum_weight,790,6,4.624535863730594,2335.980432152719,83.33333333333334,52848734.597892895,50512754.16574016,63,
success,180,340,300,sma_340d_weight,820,6,3.6885101405157217,1863.1680596571096,83.33333333333334,52375922.22539728,50512754.16574016,64,
success,180,340,300,stacksats_mvrv_weight,820,6,3.321488282783558,1677.7752109263238,83.33333333333334,52190529.3766665,50512754.16574016,64,
success,180,340,300,stacksats_momentum_weight,820,6,3.32414099705991,1679.115169967452,83.33333333333334,52191869.33570762,50512754.16574016,64,
success,180,340,340,sma_340d_weight,860,6,8.607177140194189,4347.722229436076,83.33333333333334,54860476.39517625,50512754.16574016,64,
success,180,340,340,stacksats_mvrv_weight,860,6,8.19992443258859,4142.007670409941,83.33333333333334,54654761.83615012,50512754.16574016,64,
success,180,340,340,stacksats_momentum_weight,860,6,8.198692892097338,4141.385585389136,83.33333333333334,54654139.751129314,50512754.16574016,64,
