date,year,combined_regime,selected_strategy,used_fallback_strategy,fallback_strategy,final_strategy_weight,dca_weight,price_usd,final_strategy_usd,dca_usd,sats_accum_strategy,sats_accum_dca
2018-01-01,2018,BTC Bull | High MVRV | Market Growth Leading,stacksats_mvrv_weight,False,sma_340d_weight,0.0025556271605673628,0.0027397260273972516,13466.309999999838,2.555627160567363,2.7397260273972517,18977.93204350259,20345.039044825826
2018-01-02,2018,BTC Bull | High MVRV | Market Growth Leading,stacksats_mvrv_weight,False,sma_340d_weight,0.00255562716056736,0.0027397260273972516,14888.109999999686,2.55562716056736,2.7397260273972517,17165.55802292846,18402.10763755312
2018-01-03,2018,BTC Bull | High MVRV | Market Growth Leading,stacksats_mvrv_weight,False,sma_340d_weight,0.00255562716056736,0.0027397260273972516,15098.139999999908,2.55562716056736,2.7397260273972517,16926.768201694882,18146.116193102385
2018-01-04,2018,BTC Bull | High MVRV | Market Growth Leading,stacksats_mvrv_weight,False,sma_340d_weight,0.0025556271605673597,0.0027397260273972516,15144.989999999463,2.5556271605673597,2.7397260273972517,16874.40639160178,18089.982412648333
2018-01-05,2018,BTC Bull | High MVRV | Market Growth Leading,stacksats_mvrv_weight,False,sma_340d_weight,0.00255562716056736,0.0027397260273972516,16960.00999999951,2.55562716056736,2.7397260273972517,15068.547486513475,16154.035448076567
2018-01-06,2018,BTC Bull | High MVRV | Market Growth Leading,stacksats_mvrv_weight,False,sma_340d_weight,0.00255562716056736,0.0027397260273972516,17114.999999999967,2.55562716056736,2.7397260273972517,14932.089749152003,16007.747749910937
2018-01-07,2018,BTC Bull | High MVRV | Market Growth Leading,stacksats_mvrv_weight,False,sma_340d_weight,0.0025556271605673606,0.0027397260273972516,16174.219999999408,2.5556271605673606,2.7397260273972517,15800.62074441583,16938.84482464905
2018-01-08,2018,BTC Bull | High MVRV | Market Growth Leading,stacksats_mvrv_weight,False,sma_340d_weight,0.0025556271605673606,0.0027397260273972516,14999.999999999964,2.5556271605673606,2.7397260273972517,17037.514403782447,18264.84018264839
2018-01-09,2018,BTC Bull | High MVRV | Market Growth Leading,stacksats_mvrv_weight,False,sma_340d_weight,0.0025556271605673606,0.0027397260273972516,14427.009999999482,2.5556271605673606,2.7397260273972517,17714.184439932127,18990.255273943458
2018-01-10,2018,BTC Bull | High MVRV | Market Growth Leading,stacksats_mvrv_weight,False,sma_340d_weight,0.0025556271605673606,0.0027397260273972516,14789.069999999683,2.5556271605673606,2.7397260273972517,17280.51297726913,18525.343563843504
2018-01-11,2018,BTC Bull | Normal MVRV | Market Growth Leading,stacksats_mvrv_weight,False,sma_340d_weight,0.0025556271605673606,0.0027397260273972516,13349.989999999769,2.5556271605673606,2.7397260273972517,19143.288950534083,20522.307712569815
2018-01-12,2018,BTC Bull | High MVRV | Market Growth Leading,stacksats_mvrv_weight,False,sma_340d_weight,0.0025556271605673606,0.0027397260273972516,13819.999999999965,2.5556271605673606,2.7397260273972517,18492.23705186228,19824.35620403226
2018-01-13,2018,BTC Bull | High MVRV | Market Growth Leading,stacksats_mvrv_weight,False,sma_340d_weight,0.0025556271605673606,0.0027397260273972516,14184.999999999927,2.5556271605673606,2.7397260273972517,18016.405784754133,19314.247637626122
2018-01-14,2018,BTC Bull | High MVRV | Market Growth Leading,stacksats_mvrv_weight,False,sma_340d_weight,0.00255562716056736,0.0027397260273972516,13733.009999999887,2.55562716056736,2.7397260273972517,18609.37376851383,19949.931059522085
2018-01-15,2018,BTC Bull | High MVRV | Market Growth Leading,stacksats_mvrv_weight,False,sma_340d_weight,0.00255562716056736,0.0027397260273972516,13574.999999999434,2.55562716056736,2.7397260273972517,18825.982766611174,20182.143848231055
2018-01-16,2018,BTC Bull | Normal MVRV | Market Growth Leading,stacksats_mvrv_weight,False,sma_340d_weight,0.0025556271605673597,0.0027397260273972516,11649.989999999894,2.5556271605673597,2.7397260273972517,21936.732654426167,23516.98179481078
2018-01-17,2018,BTC Bull | Normal MVRV | Market Growth Leading,stacksats_mvrv_weight,False,sma_340d_weight,0.0025556271605673597,0.0027397260273972516,11119.999999999824,2.5556271605673597,2.7397260273972517,22982.258638196046,24637.82398738575
2018-01-18,2018,BTC Bull | Normal MVRV | Market Growth Leading,stacksats_mvrv_weight,False,sma_340d_weight,0.0025556271605673597,0.0027397260273972516,11323.84999999964,2.5556271605673597,2.7397260273972517,22568.53597113562,24194.298117666156
2018-01-19,2018,BTC Bull | Normal MVRV | Market Growth Leading,stacksats_mvrv_weight,False,sma_340d_weight,0.0025556271605673597,0.0027397260273972516,11498.989999999543,2.5556271605673597,2.7397260273972517,22224.79679143526,23825.797112593023
2018-01-20,2018,BTC Bull | Normal MVRV | Market Growth Leading,stacksats_mvrv_weight,False,sma_340d_weight,0.0025556271605673597,0.0027397260273972516,12769.999999999947,2.5556271605673597,2.7397260273972517,20012.742056126626,21454.39332339282
2018-01-21,2018,BTC Bull | Normal MVRV | Market Growth Leading,stacksats_mvrv_weight,False,sma_340d_weight,0.0025556271605673597,0.0027397260273972516,11390.009999999953,2.5556271605673597,2.7397260273972517,22437.444397040657,24053.76314329191
2018-01-22,2018,BTC Bull | Normal MVRV | Realized Growth Leading,sma_340d_weight,False,sma_340d_weight,0.0025556271605673597,0.0027397260273972516,10678.849999999822,2.5556271605673597,2.7397260273972517,23931.670175790485,25655.6279692785
2018-01-23,2018,BTC Bull | Normal MVRV | Realized Growth Leading,sma_340d_weight,False,sma_340d_weight,2.5354450186966395e-11,0.0027397260273972516,10824.93999999948,2.5354450186966394e-08,2.7397260273972517,0.00023422254707155523,25309.387649237626
2018-01-24,2018,BTC Bull | Normal MVRV | Market Growth Leading,stacksats_mvrv_weight,False,sma_340d_weight,2.5354450186966395e-11,0.0027397260273972516,11179.739999999938,2.5354450186966394e-08,2.7397260273972517,0.00022678926510783377,24506.16944040977
2018-01-25,2018,BTC Bull | Normal MVRV | Market Growth Leading,stacksats_mvrv_weight,False,sma_340d_weight,0.0025556271605673597,0.0027397260273972516,11097.95999999955,2.5556271605673597,2.7397260273972517,23027.900267864214,24686.753488004666
2018-01-26,2018,BTC Bull | Normal MVRV | Market Growth Leading,stacksats_mvrv_weight,False,sma_340d_weight,0.0025556271605673597,0.0027397260273972516,11086.889999999661,2.5556271605673597,2.7397260273972517,23050.893086947177,24711.402633176083
2018-01-27,2018,BTC Bull | Normal MVRV | Market Growth Leading,stacksats_mvrv_weight,False,sma_340d_weight,0.0025556271605673597,0.0027397260273972516,11332.999999999654,2.5556271605673597,2.7397260273972517,22550.31466132037,24174.76420539429
2018-01-28,2018,BTC Bull | Normal MVRV | Market Growth Leading,stacksats_mvrv_weight,False,sma_340d_weight,0.0025556271605673597,0.0027397260273972516,11543.989999999867,2.5556271605673597,2.7397260273972517,22138.161593759083,23732.92100389279
2018-01-29,2018,BTC Bull | Normal MVRV | Market Growth Leading,stacksats_mvrv_weight,False,sma_340d_weight,0.0025556271605673593,0.0027397260273972516,11123.009999999842,2.5556271605673593,2.7397260273972517,22976.039404508272,24631.15674082187
2018-01-30,2018,BTC Bull | Normal MVRV | Realized Growth Leading,sma_340d_weight,False,sma_340d_weight,0.0025556271605673593,0.0027397260273972516,9966.039999999695,2.5556271605673593,2.7397260273972517,25643.356444158737,27490.618414107663
2018-01-31,2018,BTC Bull | Normal MVRV | Realized Growth Leading,sma_340d_weight,False,sma_340d_weight,2.5354450186966395e-11,0.0027397260273972516,10047.999999999867,2.5354450186966394e-08,2.7397260273972517,0.0002523333020199714,27266.381642090844
2018-02-01,2018,BTC Bull | Normal MVRV | Realized Growth Leading,sma_340d_weight,False,sma_340d_weight,2.5354450186966395e-11,0.0027397260273972516,9030.009999999647,2.5354450186966394e-08,2.7397260273972517,0.00028077986831650663,30340.232484763124
2018-02-02,2018,BTC Bull | Normal MVRV | Realized Growth Leading,sma_340d_weight,False,sma_340d_weight,2.5354450186966395e-11,0.0027397260273972516,8779.439999999626,2.5354450186966394e-08,2.7397260273972517,0.0002887934787066997,31206.159247029063
2018-02-03,2018,BTC Bull | Normal MVRV | Realized Growth Leading,sma_340d_weight,False,sma_340d_weight,0.0001103355713572145,0.0027397260273972516,9124.989999999867,0.1103355713572145,2.7397260273972517,1209.1582714854055,30024.427724274672
2018-02-04,2018,BTC Bull | Normal MVRV | Realized Growth Leading,sma_340d_weight,False,sma_340d_weight,2.5354450186966395e-11,0.0027397260273972516,8204.699999999637,2.5354450186966394e-08,2.7397260273972517,0.00030902348881698923,33392.153611922105
2018-02-05,2018,BTC Bull | Normal MVRV | Realized Growth Leading,sma_340d_weight,False,sma_340d_weight,0.0005652791015804627,0.0027397260273972516,6935.779999999653,0.5652791015804627,2.7397260273972517,8150.187889184647,39501.339826196745
2018-02-06,2018,BTC Bull | Normal MVRV | Realized Growth Leading,sma_340d_weight,False,sma_340d_weight,0.0014731708094971646,0.0027397260273972516,7819.859999999503,1.4731708094971645,2.7397260273972517,18838.83866843215,35035.48691917024
2018-02-07,2018,BTC Bull | Normal MVRV | Realized Growth Leading,sma_340d_weight,False,sma_340d_weight,0.0008723453196966591,0.0027397260273972516,7656.999999999773,0.8723453196966591,2.7397260273972517,11392.782025554197,35780.671638988286
2018-02-08,2018,BTC Bull | Normal MVRV | Realized Growth Leading,sma_340d_weight,False,sma_340d_weight,0.0010045938409961705,0.0027397260273972516,8207.859999999631,1.0045938409961706,2.7397260273972517,12239.412477749569,33379.29773896454
2018-02-09,2018,BTC Bull | Normal MVRV | Realized Growth Leading,sma_340d_weight,False,sma_340d_weight,0.000642120749362566,0.0027397260273972516,8674.22999999962,0.6421207493625659,2.7397260273972517,7402.625355364039,31584.659703482288
2018-02-10,2018,BTC Bull | Normal MVRV | Realized Growth Leading,sma_340d_weight,False,sma_340d_weight,0.0003422281782148641,0.0027397260273972516,8534.989999999747,0.3422281782148641,2.7397260273972517,4009.7080162352186,32099.932482607863
2018-02-11,2018,BTC Bull | Normal MVRV | Realized Growth Leading,sma_340d_weight,False,sma_340d_weight,0.0004614120843551858,0.0027397260273972516,8060.009999999963,0.46141208435518577,2.7397260273972517,5724.708584172822,33991.595883842136
2018-02-12,2018,BTC Bull | Normal MVRV | Realized Growth Leading,sma_340d_weight,False,sma_340d_weight,0.0008088142877559681,0.0027397260273972516,8879.999999999533,0.8088142877559681,2.7397260273972517,9108.269006261382,30852.770578799507
2018-02-13,2018,BTC Bull | Normal MVRV | Realized Growth Leading,sma_340d_weight,False,sma_340d_weight,0.0002709901862730537,0.0027397260273972516,8500.739999999858,0.2709901862730537,2.7397260273972517,3187.842308705574,32229.265068656347
2018-02-14,2018,BTC Bull | Normal MVRV | Realized Growth Leading,sma_340d_weight,False,sma_340d_weight,0.0005527207660166629,0.0027397260273972516,9472.979999999672,0.5527207660166629,2.7397260273972517,5834.7084657275955,28921.48011921641
2018-02-15,2018,BTC Bull | Normal MVRV | Realized Growth Leading,sma_340d_weight,False,sma_340d_weight,2.5354450186966395e-11,0.0027397260273972516,10061.289999999695,2.5354450186966394e-08,2.7397260273972517,0.00025199999390701554,27230.365364653386
2018-02-16,2018,BTC Bull | Normal MVRV | Realized Growth Leading,sma_340d_weight,False,sma_340d_weight,2.5354450186966395e-11,0.0027397260273972516,10183.429999999542,2.5354450186966394e-08,2.7397260273972517,0.00024897750745051065,26903.764521358473
2018-02-17,2018,BTC Bull | Normal MVRV | Realized Growth Leading,sma_340d_weight,False,sma_340d_weight,2.5354450186966395e-11,0.0027397260273972516,11068.429999999544,2.5354450186966394e-08,2.7397260273972517,0.00022906997818992794,24752.616472231064
2018-02-18,2018,BTC Bull | Normal MVRV | Realized Growth Leading,sma_340d_weight,False,sma_340d_weight,2.5354450186966395e-11,0.0027397260273972516,10479.999999999554,2.5354450186966394e-08,2.7397260273972517,0.0002419317765932011,26142.423925547406
2018-02-19,2018,BTC Bull | Normal MVRV | Realized Growth Leading,sma_340d_weight,False,sma_340d_weight,2.5354450186966395e-11,0.0027397260273972516,11139.999999999838,2.5354450186966394e-08,2.7397260273972517,0.00022759829611280756,24593.590910209077
2018-02-20,2018,BTC Bull | Normal MVRV | Realized Growth Leading,sma_340d_weight,False,sma_340d_weight,2.5354450186966395e-11,0.0027397260273972516,11189.299999999419,2.5354450186966394e-08,2.7397260273972517,0.00022659549915515458,24485.231671305566
2018-02-21,2018,BTC Bull | Normal MVRV | Realized Growth Leading,sma_340d_weight,False,sma_340d_weight,2.5354450186966395e-11,0.0027397260273972516,10457.889999999441,2.5354450186966394e-08,2.7397260273972517,0.00024244326711189113,26197.694060631715
2018-02-22,2018,BTC Bull | Normal MVRV | Realized Growth Leading,sma_340d_weight,False,sma_340d_weight,2.5354450186966395e-11,0.0027397260273972516,9895.989999999956,2.5354450186966394e-08,2.7397260273972517,0.0002562093351647133,27685.214186728805
2018-02-23,2018,BTC Bull | Normal MVRV | Realized Growth Leading,sma_340d_weight,False,sma_340d_weight,2.5354450186966395e-11,0.0027397260273972516,10180.819999999665,2.5354450186966394e-08,2.7397260273972517,0.00024904133642444546,26910.661689307366
2018-02-24,2018,BTC Bull | Normal MVRV | Realized Growth Leading,sma_340d_weight,False,sma_340d_weight,2.5354450186966395e-11,0.0027397260273972516,9688.619999999739,2.5354450186966394e-08,2.7397260273972517,0.00026169310166945423,28277.773587954995
2018-02-25,2018,BTC Bull | Normal MVRV | Realized Growth Leading,sma_340d_weight,False,sma_340d_weight,7.782317197490153e-05,0.0027397260273972516,9569.9899999999,0.07782317197490153,2.7397260273972517,813.2001389228446,28628.30606298732
2018-02-26,2018,BTC Bull | Normal MVRV | Realized Growth Leading,sma_340d_weight,False,sma_340d_weight,0.00018073764025010897,0.0027397260273972516,10279.999999999833,0.18073764025010897,2.7397260273972517,1758.1482514602326,26651.03139491533
2018-02-27,2018,BTC Bull | Normal MVRV | Realized Growth Leading,sma_340d_weight,False,sma_340d_weight,2.5354450186966395e-11,0.0027397260273972516,10604.999999999694,2.5354450186966394e-08,2.7397260273972517,0.00023908015263523927,25834.285972629237
2018-02-28,2018,BTC Bull | Normal MVRV | Realized Growth Leading,sma_340d_weight,False,sma_340d_weight,2.5354450186966395e-11,0.0027397260273972516,10318.999999999625,2.5354450186966394e-08,2.7397260273972517,0.0002457064656165066,26550.30552764174
2018-03-01,2018,BTC Bull | Normal MVRV | Realized Growth Leading,sma_340d_weight,False,sma_340d_weight,2.5354450186966395e-11,0.0027397260273972516,10899.999999999838,2.5354450186966394e-08,2.7397260273972517,0.00023260963474281443,25135.1011687825
2018-03-02,2018,BTC Bull | Normal MVRV | Realized Growth Leading,sma_340d_weight,False,sma_340d_weight,2.5354450186966395e-11,0.0027397260273972516,11014.989999999778,2.5354450186966394e-08,2.7397260273972517,0.0002301813273272777,24872.70553488752
2018-03-03,2018,BTC Bull | Normal MVRV | Realized Growth Leading,sma_340d_weight,False,sma_340d_weight,2.5354450186966395e-11,0.0027397260273972516,11429.259999999458,2.5354450186966394e-08,2.7397260273972517,0.00022183807339204458,23971.158477428824
2018-03-04,2018,BTC Bull | Normal MVRV | Realized Growth Leading,sma_340d_weight,False,sma_340d_weight,2.5354450186966395e-11,0.0027397260273972516,11480.979999999869,2.5354450186966394e-08,2.7397260273972517,0.00022083872793931077,23863.172197820073
2018-03-05,2018,BTC Bull | Normal MVRV | Realized Growth Leading,sma_340d_weight,False,sma_340d_weight,2.5354450186966395e-11,0.0027397260273972516,11377.53999999946,2.5354450186966394e-08,2.7397260273972517,0.00022284650449014106,24080.126524691466
2018-03-06,2018,BTC Bull | Normal MVRV | Realized Growth Leading,sma_340d_weight,False,sma_340d_weight,2.5354450186966395e-11,0.0027397260273972516,10733.659999999765,2.5354450186966394e-08,2.7397260273972517,0.0002362143964590545,25524.620934493098
2018-03-07,2018,BTC Bull | Normal MVRV | Realized Growth Leading,sma_340d_weight,False,sma_340d_weight,2.5354450186966395e-11,0.0027397260273972516,9899.999999999498,2.5354450186966394e-08,2.7397260273972517,0.000256105557444118,27674.000276741317
2018-03-08,2018,BTC Bull | Normal MVRV | Realized Growth Leading,sma_340d_weight,False,sma_340d_weight,0.0002640134003477382,0.0027397260273972516,9340.009999999902,0.2640134003477382,2.7397260273972517,2826.6929087628487,29333.223705298824
2018-03-09,2018,BTC Bull | Normal MVRV | Realized Growth Leading,sma_340d_weight,False,sma_340d_weight,0.0006299105048802697,0.0027397260273972516,9326.90999999964,0.6299105048802697,2.7397260273972517,6753.689109043553,29374.423334173458
2018-03-10,2018,BTC Bull | Normal MVRV | Realized Growth Leading,sma_340d_weight,False,sma_340d_weight,0.0006598777407238027,0.0027397260273972516,8795.629999999777,0.6598777407238027,2.7397260273972517,7502.336282038005,31148.71848176107
2018-03-11,2018,BTC Bull | Normal MVRV | Realized Growth Leading,sma_340d_weight,False,sma_340d_weight,0.001002575013562362,0.0027397260273972516,9547.399999999636,1.0025750135623621,2.7397260273972517,10501.026599518198,28696.043188693842
2018-03-12,2018,BTC Bull | Normal MVRV | Realized Growth Leading,sma_340d_weight,False,sma_340d_weight,0.0005692779861892391,0.0027397260273972516,9152.999999999884,0.5692779861892391,2.7397260273972517,6219.5781294575145,29932.547005323788
2018-03-13,2018,BTC Bull | Normal MVRV | Realized Growth Leading,sma_340d_weight,False,sma_340d_weight,0.0008280987644587884,0.0027397260273972516,9177.009999999462,0.8280987644587884,2.7397260273972517,9023.622775379312,29854.23386699385
2018-03-14,2018,BTC Bull | Normal MVRV | Realized Growth Leading,sma_340d_weight,False,sma_340d_weight,0.0008341035308422423,0.0027397260273972516,8213.249999999776,0.8341035308422423,2.7397260273972517,10155.58434045311,33357.39235256842
2018-03-15,2018,BTC Bull | Normal MVRV | Realized Growth Leading,sma_340d_weight,False,sma_340d_weight,0.001428195869918824,0.0027397260273972516,8259.989999999663,1.428195869918824,2.7397260273972517,17290.527832586748,33168.63612906751
2018-03-16,2018,BTC Bull | Normal MVRV | Realized Growth Leading,sma_340d_weight,False,sma_340d_weight,0.0014162943447912771,0.0027397260273972516,8324.199999999868,1.4162943447912772,2.7397260273972517,17014.17967842315,32912.784740843505
2018-03-17,2018,BTC Bull | Normal MVRV | Realized Growth Leading,sma_340d_weight,False,sma_340d_weight,0.0013942408724015214,0.0027397260273972516,7857.599999999571,1.3942408724015214,2.7397260273972517,17743.851461026235,34867.211710921925
2018-03-18,2018,BTC Bull | Normal MVRV | Realized Growth Leading,sma_340d_weight,False,sma_340d_weight,0.0016855695288126818,0.0027397260273972516,8191.999999999578,1.6855695288126817,2.7397260273972517,20575.79991226524,33443.92123287833
2018-03-19,2018,BTC Bull | Normal MVRV | Realized Growth Leading,sma_340d_weight,False,sma_340d_weight,0.0015029934040265958,0.0027397260273972516,8520.519999999837,1.5029934040265958,2.7397260273972517,17639.691052032325,32154.446294325982
2018-03-20,2018,BTC Bull | Normal MVRV | Realized Growth Leading,sma_340d_weight,False,sma_340d_weight,0.0013258897089069705,0.0027397260273972516,8896.229999999621,1.3258897089069706,2.7397260273972517,14903.950425146688,30796.483762193297
2018-03-21,2018,BTC Bull | Normal MVRV | Realized Growth Leading,sma_340d_weight,False,sma_340d_weight,0.001123181360068706,0.0027397260273972516,8884.999999999594,1.123181360068706,2.7397260273972517,12641.32087865793,30835.408299351457
2018-03-22,2018,BTC Bull | Normal MVRV | Realized Growth Leading,sma_340d_weight,False,sma_340d_weight,0.00114790381263801,0.0027397260273972516,8707.599999999533,1.1479038126380101,2.7397260273972517,13182.780704649636,31463.618303521045
2018-03-23,2018,BTC Bull | Normal MVRV | Realized Growth Leading,sma_340d_weight,False,sma_340d_weight,0.0012687862093912377,0.0027397260273972516,8909.109999999579,1.2687862093912377,2.7397260273972517,14241.447343127402,30751.960941074714
2018-03-24,2018,BTC Bull | Normal MVRV | Realized Growth Leading,sma_340d_weight,False,sma_340d_weight,0.001169418440898414,0.0027397260273972516,8620.759999999582,1.1694184408984138,2.7397260273972517,13565.14322285356,31780.562588418943
2018-03-25,2018,BTC Bull | Normal MVRV | Realized Growth Leading,sma_340d_weight,False,sma_340d_weight,0.0013533208420506517,0.0027397260273972516,8425.009999999704,1.3533208420506517,2.7397260273972517,16063.13632922334,32518.964694372447
2018-03-26,2018,BTC Bull | Normal MVRV | Realized Growth Leading,sma_340d_weight,False,sma_340d_weight,0.0014821822830563597,0.0027397260273972516,8154.999999999704,1.4821822830563596,2.7397260273972517,18175.135291924136,33595.65944080136
2018-03-27,2018,BTC Bull | Normal MVRV | Realized Growth Leading,sma_340d_weight,False,sma_340d_weight,0.0016522785653604465,0.0027397260273972516,7790.009999999544,1.6522785653604464,2.7397260273972517,21210.223932453788,35169.73697591418
2018-03-28,2018,BTC Bull | Normal MVRV | Realized Growth Leading,sma_340d_weight,False,sma_340d_weight,0.0018749960517405718,0.0027397260273972516,7950.009999999741,1.8749960517405717,2.7397260273972517,23584.826330289306,34461.919260445466
2018-03-29,2018,BTC Bull | Normal MVRV | Realized Growth Leading,sma_340d_weight,False,sma_340d_weight,0.0017968101748434483,0.0027397260273972516,7103.129999999544,1.7968101748434484,2.7397260273972517,25296.03392931797,38570.6868295727
2018-03-30,2018,BTC Neutral | Normal MVRV | Realized Growth Leading,sma_340d_weight,False,sma_340d_weight,0.002291091935365426,0.0027397260273972516,6860.0199999995275,2.291091935365426,2.7397260273972517,33397.74425388824,39937.58075628701
2018-03-31,2018,BTC Neutral | Normal MVRV | Realized Growth Leading,sma_340d_weight,False,sma_340d_weight,0.0024392460005217584,0.0027397260273972516,6933.449999999522,2.4392460005217584,2.7397260273972517,35180.84071453499,39514.61433193346
2018-04-01,2018,BTC Neutral | Normal MVRV | Realized Growth Leading,sma_340d_weight,False,sma_340d_weight,0.0024072761990336852,0.0027397260273972516,6798.999999999498,2.407276199033685,2.7397260273972517,35406.3273868784,40296.014522686484
2018-04-02,2018,BTC Neutral | Normal MVRV | Realized Growth Leading,sma_340d_weight,False,sma_340d_weight,0.002492786505213532,0.0027397260273972516,7024.129999999824,2.492786505213532,2.7397260273972517,35488.90047897169,39004.48920218334
2018-04-03,2018,BTC Bull | Normal MVRV | Realized Growth Leading,sma_340d_weight,False,sma_340d_weight,0.0023752801027155917,0.0027397260273972516,7424.999999999483,2.3752801027155916,2.7397260273972517,31990.30441368023,36898.66703565579
2018-04-04,2018,BTC Neutral | Normal MVRV | Realized Growth Leading,sma_340d_weight,False,sma_340d_weight,0.0021601639791692146,0.0027397260273972516,6786.8099999998385,2.1601639791692144,2.7397260273972517,31828.8559598584,40368.39144454194
2018-04-05,2018,BTC Neutral | Normal MVRV | Realized Growth Leading,sma_340d_weight,False,sma_340d_weight,0.0025282954749759464,0.0027397260273972516,6809.979999999653,2.5282954749759465,2.7397260273972517,37126.327463165464,40231.04366528817
2018-04-06,2018,BTC Neutral | Normal MVRV | Realized Growth Leading,sma_340d_weight,False,sma_340d_weight,0.0025242618744049823,0.0027397260273972516,6610.999999999967,2.5242618744049823,2.7397260273972517,38182.754112917784,41441.93053089193
2018-04-07,2018,BTC Neutral | Normal MVRV | Realized Growth Leading,sma_340d_weight,False,sma_340d_weight,0.0026439669607845927,0.0027397260273972516,6884.009999999563,2.6439669607845926,2.7397260273972517,38407.36664799674,39798.40278264305
2018-04-08,2018,BTC Neutral | Normal MVRV | Realized Growth Leading,sma_340d_weight,False,sma_340d_weight,0.002500371497255224,0.0027397260273972516,7000.00999999984,2.500371497255224,2.7397260273972517,35719.54179001574,39138.887335836866
2018-04-09,2018,BTC Neutral | Normal MVRV | Realized Growth Leading,sma_340d_weight,False,sma_340d_weight,0.00244487343894656,0.0027397260273972516,6783.999999999484,2.44487343894656,2.7397260273972517,36038.81838070085,40385.112432155955
2018-04-10,2018,BTC Neutral | Normal MVRV | Realized Growth Leading,sma_340d_weight,False,sma_340d_weight,0.0025734880290496395,0.0027397260273972516,6824.999999999588,2.5734880290496394,2.7397260273972517,37706.7843084219,40142.50589593285
2018-04-11,2018,BTC Neutral | Normal MVRV | Realized Growth Leading,sma_340d_weight,False,sma_340d_weight,0.002559287583632044,0.0027397260273972516,6942.99999999961,2.559287583632044,2.7397260273972517,36861.40837724597,39460.2625291287
2018-04-12,2018,BTC Bull | Normal MVRV | Realized Growth Leading,sma_340d_weight,False,sma_340d_weight,0.0025027454795917958,0.0027397260273972516,7919.949999999873,2.5027454795917956,2.7397260273972517,31600.521210258088,34592.71873430129
2018-04-13,2018,BTC Bull | Normal MVRV | Realized Growth Leading,sma_340d_weight,False,sma_340d_weight,0.001974764742068104,0.0027397260273972516,7924.579999999433,1.974764742068104,2.7397260273972517,24919.487746583985,34572.50765841783
2018-04-14,2018,BTC Bull | Normal MVRV | Realized Growth Leading,sma_340d_weight,False,sma_340d_weight,0.001983766105490124,0.0027397260273972516,8030.979999999798,1.983766105490124,2.7397260273972517,24701.42006940839,34114.4670687428
2018-04-15,2018,BTC Bull | Normal MVRV | Realized Growth Leading,sma_340d_weight,False,sma_340d_weight,0.0019370962769936202,0.0027397260273972516,8355.239999999452,1.9370962769936202,2.7397260273972517,23184.208676157083,32790.512629169614
2018-04-16,2018,BTC Bull | Normal MVRV | Realized Growth Leading,sma_340d_weight,False,sma_340d_weight,0.0017720899843271874,0.0027397260273972516,8047.199999999656,1.7720899843271873,2.7397260273972517,22021.199725709106,34045.70567896124
2018-04-17,2018,BTC Bull | Normal MVRV | Realized Growth Leading,sma_340d_weight,False,sma_340d_weight,0.0019519659374255293,0.0027397260273972516,7888.999999999689,1.9519659374255294,2.7397260273972517,24742.881701427385,34728.432341201165
2018-04-18,2018,BTC Bull | Normal MVRV | Realized Growth Leading,sma_340d_weight,False,sma_340d_weight,0.00204940481213654,0.0027397260273972516,8151.139999999501,2.0494048121365402,2.7397260273972517,25142.554441914453,33611.56877930473
2018-04-19,2018,BTC Bull | Normal MVRV | Realized Growth Leading,sma_340d_weight,False,sma_340d_weight,0.0019186972939910047,0.0027397260273972516,8284.999999999434,1.9186972939910047,2.7397260273972517,23158.68791781697,33068.50968494193
2018-04-20,2018,BTC Bull | Normal MVRV | Realized Growth Leading,sma_340d_weight,False,sma_340d_weight,0.001858298845086037,0.0027397260273972516,8865.029999999648,1.858298845086037,2.7397260273972517,20962.126976288975,30904.8703433306
2018-04-21,2018,BTC Bull | Normal MVRV | Realized Growth Leading,sma_340d_weight,False,sma_340d_weight,0.0015588603268798498,0.0027397260273972516,8842.309999999965,1.5588603268798498,2.7397260273972517,17629.55977431074,30984.27930481133
2018-04-22,2018,BTC Bull | Normal MVRV | Realized Growth Leading,sma_340d_weight,False,sma_340d_weight,0.0015851298865587112,0.0027397260273972516,8794.999999999922,1.5851298865587111,2.7397260273972517,18023.08000635276,31150.9497145796
2018-04-23,2018,BTC Bull | Normal MVRV | Realized Growth Leading,sma_340d_weight,False,sma_340d_weight,0.0016242468988848747,0.0027397260273972516,8930.189999999944,1.6242468988848746,2.7397260273972517,18188.268098269855,30679.369950664757
2018-04-24,2018,BTC Bull | Normal MVRV | Realized Growth Leading,sma_340d_weight,False,sma_340d_weight,0.0015656948213676242,0.0027397260273972516,9679.999999999542,1.565694821367624,2.7397260273972517,16174.533278591924,28302.954828485344
2018-04-25,2018,BTC Bull | Normal MVRV | Realized Growth Leading,sma_340d_weight,False,sma_340d_weight,0.0011813657233762582,0.0027397260273972516,8901.359999999902,1.1813657233762582,2.7397260273972517,13271.744130967305,30778.73524267395
2018-04-26,2018,BTC Bull | Normal MVRV | Realized Growth Leading,sma_340d_weight,False,sma_340d_weight,0.001609536584899351,0.0027397260273972516,9253.179999999684,1.6095365848993508,2.7397260273972517,17394.415594416252,29608.480840071687
2018-04-27,2018,BTC Bull | Normal MVRV | Realized Growth Leading,sma_340d_weight,False,sma_340d_weight,0.0014371321209940596,0.0027397260273972516,8922.5499999995,1.4371321209940597,2.7397260273972517,16106.742142034958,30705.63939005559
2018-04-28,2018,BTC Bull | Normal MVRV | Realized Growth Leading,sma_340d_weight,False,sma_340d_weight,0.0016255180462851984,0.0027397260273972516,9329.989999999612,1.6255180462851984,2.7397260273972517,17422.505772088352,29364.726300857405
2018-04-29,2018,BTC Bull | Normal MVRV | Realized Growth Leading,sma_340d_weight,False,sma_340d_weight,0.0014244753205750608,0.0027397260273972516,9396.979999999652,1.4244753205750609,2.7397260273972517,15158.862959962813,29155.388512025704
2018-04-30,2018,BTC Bull | Normal MVRV | Realized Growth Leading,sma_340d_weight,False,sma_340d_weight,0.001403181270973396,0.0027397260273972516,9225.999999999896,1.403181270973396,2.7397260273972517,15208.988412891955,29695.70807931154
2018-05-01,2018,BTC Bull | Normal MVRV | Realized Growth Leading,sma_340d_weight,False,sma_340d_weight,0.0015064583429679355,0.0027397260273972516,9083.789999999875,1.5064583429679355,2.7397260273972517,16584.028725542492,30160.60507120144
2018-05-02,2018,BTC Bull | Normal MVRV | Realized Growth Leading,sma_340d_weight,False,sma_340d_weight,0.0015939207974696621,0.0027397260273972516,9190.469999999626,1.593920797469662,2.7397260273972517,17343.19134353006,29810.510533164932
2018-05-03,2018,BTC Bull | Normal MVRV | Realized Growth Leading,sma_340d_weight,False,sma_340d_weight,0.0015519088967275358,0.0027397260273972516,9725.739999999567,1.5519088967275358,2.7397260273972517,15956.717912751163,28169.84648363388
2018-05-04,2018,BTC Bull | Normal MVRV | Realized Growth Leading,sma_340d_weight,False,sma_340d_weight,0.0012883537528022824,0.0027397260273972516,9700.009999999456,1.2883537528022824,2.7397260273972517,13281.983758803904,28244.56910247933
2018-05-05,2018,BTC Bull | Normal MVRV | Realized Growth Leading,sma_340d_weight,False,sma_340d_weight,0.0013166783081913055,0.0027397260273972516,9799.999999999753,1.3166783081913056,2.7397260273972517,13435.492940727949,27956.38803466654
2018-05-06,2018,BTC Bull | Normal MVRV | Realized Growth Leading,sma_340d_weight,False,sma_340d_weight,0.0012803332510115668,0.0027397260273972516,9599.979999999834,1.2803332510115668,2.7397260273972517,13336.832483105058,28538.87224137237
2018-05-07,2018,BTC Bull | Normal MVRV | Realized Growth Leading,sma_340d_weight,False,sma_340d_weight,0.001397973132072559,0.0027397260273972516,9352.999999999973,1.397973132072559,2.7397260273972517,14946.788539212694,29292.483987995933
2018-05-08,2018,BTC Bull | Normal MVRV | Realized Growth Leading,sma_340d_weight,False,sma_340d_weight,0.0015383299842746626,0.0027397260273972516,9216.999999999754,1.5383299842746625,2.7397260273972517,16690.137618256518,29724.704647904142
2018-05-09,2018,BTC Bull | Normal MVRV | Realized Growth Leading,sma_340d_weight,False,sma_340d_weight,0.0016207594784368657,0.0027397260273972516,9300.079999999869,1.6207594784368657,2.7397260273972517,17427.371360643014,29459.166237250545
2018-05-10,2018,BTC Bull | Normal MVRV | Realized Growth Leading,sma_340d_weight,False,sma_340d_weight,0.0015909234632257676,0.0027397260273972516,9039.13999999975,1.5909234632257676,2.7397260273972517,17600.385249324732,30309.587277078655
2018-05-11,2018,BTC Bull | Normal MVRV | Realized Growth Leading,sma_340d_weight,False,sma_340d_weight,0.0017359832575306983,0.0027397260273972516,8391.059999999958,1.7359832575306984,2.7397260273972517,20688.48581145537,32650.535538981556
2018-05-12,2018,BTC Bull | Normal MVRV | Realized Growth Leading,sma_340d_weight,False,sma_340d_weight,0.002075549025251695,0.0027397260273972516,8466.049999999432,2.075549025251695,2.7397260273972517,24516.14419064185,32361.32585323068
2018-05-13,2018,BTC Bull | Normal MVRV | Realized Growth Leading,sma_340d_weight,False,sma_340d_weight,0.0020468714782852695,0.0027397260273972516,8684.609999999911,2.0468714782852695,2.7397260273972517,23568.951032749777,31546.909157662576
2018-05-14,2018,BTC Bull | Normal MVRV | Realized Growth Leading,sma_340d_weight,False,sma_340d_weight,0.0019464053637063597,0.0027397260273972516,8670.009999999478,1.9464053637063596,2.7397260273972517,22449.86296101708,31600.033072596416
2018-05-15,2018,BTC Bull | Normal MVRV | Realized Growth Leading,sma_340d_weight,False,sma_340d_weight,0.001963836587409466,0.0027397260273972516,8492.999999999754,1.963836587409466,2.7397260273972517,23123.00232437917,32258.636846783596
2018-05-16,2018,BTC Bull | Normal MVRV | Realized Growth Leading,sma_340d_weight,False,sma_340d_weight,0.00206263379387709,0.0027397260273972516,8309.999999999562,2.06263379387709,2.7397260273972517,24821.10461946087,32969.02560045001
2018-05-17,2018,BTC Bull | Normal MVRV | Realized Growth Leading,sma_340d_weight,False,sma_340d_weight,0.0021634985434305014,0.0027397260273972516,8040.999999999733,2.163498543430501,2.7397260273972517,26905.839366130745,34071.956565070795
2018-05-18,2018,BTC Bull | Normal MVRV | Realized Growth Leading,sma_340d_weight,False,sma_340d_weight,0.00230655341934294,0.0027397260273972516,8232.499999999722,2.30655341934294,2.7397260273972517,28017.65465342263,33279.392983873
2018-05-19,2018,BTC Bull | Normal MVRV | Realized Growth Leading,sma_340d_weight,False,sma_340d_weight,0.002219370557348777,0.0027397260273972516,8235.999999999718,2.219370557348777,2.7397260273972517,26947.189865819004,33265.250454071705
2018-05-20,2018,BTC Bull | Normal MVRV | Realized Growth Leading,sma_340d_weight,False,sma_340d_weight,0.0022264102334824684,0.0027397260273972516,8516.859999999671,2.2264102334824685,2.7397260273972517,26141.209712060012,32168.2642123665
2018-05-21,2018,BTC Bull | Normal MVRV | Realized Growth Leading,sma_340d_weight,False,sma_340d_weight,0.00209613505313622,0.0027397260273972516,8393.429999999564,2.09613505313622,2.7397260273972517,24973.52158934225,32641.316212768725
2018-05-22,2018,BTC Neutral | Normal MVRV | Realized Growth Leading,sma_340d_weight,False,sma_340d_weight,0.0021672338108741167,0.0027397260273972516,8017.99999999992,2.1672338108741167,2.7397260273972517,27029.60602237638,34169.693532018944
2018-05-23,2018,BTC Neutral | Normal MVRV | Realized Growth Leading,sma_340d_weight,False,sma_340d_weight,0.0023622794705977167,0.0027397260273972516,7534.699999999875,2.362279470597717,2.7397260273972517,31352.004334582078,36361.44806558054
2018-05-24,2018,BTC Neutral | Normal MVRV | Realized Growth Leading,sma_340d_weight,False,sma_340d_weight,0.0026089304557665727,0.0027397260273972516,7552.839999999605,2.608930455766573,2.7397260273972517,34542.376851180605,36274.117118824106
2018-05-25,2018,BTC Neutral | Normal MVRV | Realized Growth Leading,sma_340d_weight,False,sma_340d_weight,0.002607147019261569,0.0027397260273972516,7427.009999999879,2.607147019261569,2.7397260273972517,35103.58837892519,36888.68100887566
2018-05-26,2018,BTC Neutral | Normal MVRV | Realized Growth Leading,sma_340d_weight,False,sma_340d_weight,0.0026760747611833083,0.0027397260273972516,7330.039999999844,2.6760747611833082,2.7397260273972517,36508.3241180589,37376.68590345087
2018-05-27,2018,BTC Neutral | Normal MVRV | Realized Growth Leading,sma_340d_weight,False,sma_340d_weight,0.002730233156449724,0.0027397260273972516,7341.50999999965,2.730233156449724,2.7397260273972517,37188.986413555984,37318.29047971578
2018-05-28,2018,BTC Neutral | Normal MVRV | Realized Growth Leading,sma_340d_weight,False,sma_340d_weight,0.0027310392891267362,0.0027397260273972516,7105.239999999479,2.7310392891267363,2.7397260273972517,38436.97453044425,38559.23272679674
2018-05-29,2018,BTC Neutral | Normal MVRV | Realized Growth Leading,sma_340d_weight,False,sma_340d_weight,0.002853002605142472,0.0027397260273972516,7447.759999999594,2.853002605142472,2.7397260273972517,38306.85474750298,36785.90646580182
2018-05-30,2018,BTC Neutral | Normal MVRV | Realized Growth Leading,sma_340d_weight,False,sma_340d_weight,0.0026915414566046404,0.0027397260273972516,7381.64999999948,2.6915414566046403,2.7397260273972517,36462.59923736332,37115.36075806147
2018-05-31,2018,BTC Neutral | Normal MVRV | Realized Growth Leading,sma_340d_weight,False,sma_340d_weight,0.002730481846764443,0.0027397260273972516,7484.999999999986,2.730481846764443,2.7397260273972517,36479.38339030659,36602.8861375719
2018-06-01,2018,BTC Neutral | Normal MVRV | Realized Growth Leading,sma_340d_weight,False,sma_340d_weight,0.0026868426021706983,0.0027397260273972516,7519.129999999777,2.686842602170698,2.7397260273972517,35733.42397552347,36436.74238106447
2018-06-02,2018,BTC Neutral | Normal MVRV | Realized Growth Leading,sma_340d_weight,False,sma_340d_weight,0.0026772106302305624,0.0027397260273972516,7640.739999999952,2.6772106302305625,2.7397260273972517,35038.630161876725,35856.81527440103
2018-06-03,2018,BTC Neutral | Normal MVRV | Realized Growth Leading,sma_340d_weight,False,sma_340d_weight,0.00262509386584125,0.0027397260273972516,7700.239999999557,2.62509386584125,2.7397260273972517,34091.06554914394,35579.74851949302
2018-06-04,2018,BTC Neutral | Normal MVRV | Realized Growth Leading,sma_340d_weight,False,sma_340d_weight,0.002603392138663286,0.0027397260273972516,7491.919999999505,2.603392138663286,2.7397260273972517,34749.33179563394,36569.07745140675
2018-06-05,2018,BTC Neutral | Normal MVRV | Realized Growth Leading,sma_340d_weight,False,sma_340d_weight,0.0027111957164291036,0.0027397260273972516,7615.9899999994195,2.7111957164291036,2.7397260273972517,35598.7299934652,35973.34066086564
2018-06-06,2018,BTC Neutral | Normal MVRV | Realized Growth Leading,sma_340d_weight,False,sma_340d_weight,0.0026582333075994623,0.0027397260273972516,7654.999999999445,2.6582333075994624,2.7397260273972517,34725.45143827113,35790.0199529386
2018-06-07,2018,BTC Neutral | Normal MVRV | Realized Growth Leading,sma_340d_weight,False,sma_340d_weight,0.0026465921666326358,0.0027397260273972516,7683.999999999961,2.6465921666326357,2.7397260273972517,34442.896494438435,35654.94569751777
2018-06-08,2018,BTC Neutral | Normal MVRV | Realized Growth Leading,sma_340d_weight,False,sma_340d_weight,0.0026397217393091693,0.0027397260273972516,7618.989999999788,2.639721739309169,2.7397260273972517,34646.60984342075,35959.17605085882
2018-06-09,2018,BTC Neutral | Normal MVRV | Realized Growth Leading,sma_340d_weight,False,sma_340d_weight,0.002677927554075466,0.0027397260273972516,7586.639999999468,2.6779275540754663,2.7397260273972517,35297.938930483775,36112.50866519887
2018-06-10,2018,BTC Neutral | Normal MVRV | Realized Growth Leading,sma_340d_weight,False,sma_340d_weight,0.00270021710860497,0.0027397260273972516,6755.559999999761,2.70021710860497,2.7397260273972517,39970.29274560607,40555.12832981053
2018-06-11,2018,BTC Neutral | Normal MVRV | Realized Growth Leading,sma_340d_weight,False,sma_340d_weight,0.003103751845612104,0.0027397260273972516,6875.959999999525,3.103751845612104,2.7397260273972517,45139.17832000649,39844.99658807557
2018-06-12,2018,BTC Neutral | Normal MVRV | Realized Growth Leading,sma_340d_weight,False,sma_340d_weight,0.003051300721075362,0.0027397260273972516,6554.999999999459,3.051300721075362,2.7397260273972517,46549.21008505895,41795.97295800882
2018-06-13,2018,BTC Neutral | Normal MVRV | Realized Growth Leading,sma_340d_weight,False,sma_340d_weight,0.0032094637877465313,0.0027397260273972516,6291.41999999998,3.209463787746531,2.7397260273972517,51013.34496419793,43547.02161669799
2018-06-14,2018,BTC Neutral | Normal MVRV | Realized Growth Leading,sma_340d_weight,False,sma_340d_weight,0.0033394241071149112,0.0027397260273972516,6643.519999999908,3.3394241071149113,2.7397260273972517,50265.88475860624,41239.07247057719
2018-06-15,2018,BTC Neutral | Normal MVRV | Realized Growth Leading,sma_340d_weight,False,sma_340d_weight,0.0031763971654881593,0.0027397260273972516,6417.999999999965,3.1763971654881593,2.7397260273972517,49492.00943421901,42688.15873164952
2018-06-16,2018,BTC Neutral | Normal MVRV | Realized Growth Leading,sma_340d_weight,False,sma_340d_weight,0.003288310136041892,0.0027397260273972516,6493.979999999712,3.288310136041892,2.7397260273972517,50636.28369724018,42188.704421593124
2018-06-17,2018,BTC Neutral | Normal MVRV | Realized Growth Leading,sma_340d_weight,False,sma_340d_weight,0.0032569179760916877,0.0027397260273972516,6447.159999999638,3.2569179760916875,2.7397260273972517,50517.09552875794,42495.0835313131
2018-06-18,2018,BTC Neutral | Normal MVRV | Realized Growth Leading,sma_340d_weight,False,sma_340d_weight,0.0032836950195341275,0.0027397260273972516,6709.989999999521,3.2836950195341275,2.7397260273972517,48937.4055629645,40830.55306188902
2018-06-19,2018,BTC Neutral | Normal MVRV | Realized Growth Leading,sma_340d_weight,False,sma_340d_weight,0.003164237443855833,0.0027397260273972516,6736.409999999477,3.164237443855833,2.7397260273972517,46972.162381091395,40670.41684513657
2018-06-20,2018,BTC Neutral | Normal MVRV | Realized Growth Leading,sma_340d_weight,False,sma_340d_weight,0.0031569914339771355,0.0027397260273972516,6755.989999999688,3.1569914339771357,2.7397260273972517,46728.77600436474,40552.54710852708
2018-06-21,2018,BTC Neutral | Normal MVRV | Realized Growth Leading,sma_340d_weight,False,sma_340d_weight,0.0031532828782481967,0.0027397260273972516,6719.989999999779,3.1532828782481968,2.7397260273972517,46923.92218215058,40769.79321989083
2018-06-22,2018,BTC Neutral | Normal MVRV | Realized Growth Leading,sma_340d_weight,False,sma_340d_weight,0.0031758219137013434,0.0027397260273972516,6051.849999999439,3.1758219137013435,2.7397260273972517,52476.877544910036,45270.884562530555
2018-06-23,2018,BTC Neutral | Normal MVRV | Realized Growth Leading,sma_340d_weight,False,sma_340d_weight,0.0034942492462591993,0.0027397260273972516,6178.289999999811,3.494249246259199,2.7397260273972517,56556.89917856407,44344.40641985623
2018-06-24,2018,BTC Neutral | Normal MVRV | Realized Growth Leading,sma_340d_weight,False,sma_340d_weight,0.0034389015778476906,0.0027397260273972516,6139.509999999566,3.4389015778476906,2.7397260273972517,56012.63908435581,44624.5063107226
2018-06-25,2018,BTC Neutral | Normal MVRV | Realized Growth Leading,sma_340d_weight,False,sma_340d_weight,0.003461156660253975,0.0027397260273972516,6246.009999999766,3.461156660253975,2.7397260273972517,55413.882786836795,43863.61897270985
2018-06-26,2018,BTC Neutral | Normal MVRV | Realized Growth Leading,sma_340d_weight,False,sma_340d_weight,0.0034148657217826796,0.0027397260273972516,6079.9999999997,3.4148657217826797,2.7397260273972517,56165.55463458632,45061.28334535176
2018-06-27,2018,BTC Neutral | Normal MVRV | Realized Growth Leading,sma_340d_weight,False,sma_340d_weight,0.0034960891004483566,0.0027397260273972516,6135.129999999617,3.4960891004483567,2.7397260273972517,56984.75990644981,44656.36469638659
2018-06-28,2018,BTC Neutral | Normal MVRV | Realized Growth Leading,sma_340d_weight,False,sma_340d_weight,0.0034737430988203474,0.0027397260273972516,5862.009999999433,3.4737430988203473,2.7397260273972517,59258.566580757855,46736.97293927368
2018-06-29,2018,BTC Neutral | Normal MVRV | Realized Growth Leading,sma_340d_weight,False,sma_340d_weight,0.003604346535801873,0.0027397260273972516,6199.739999999856,3.604346535801873,2.7397260273972517,58137.059550915954,44190.98264439018
2018-06-30,2018,BTC Neutral | Normal MVRV | Realized Growth Leading,sma_340d_weight,False,sma_340d_weight,0.003450398335159078,0.0027397260273972516,6394.019999999961,3.450398335159078,2.7397260273972517,53962.89556740671,42848.25551683085
2018-07-01,2018,BTC Neutral | Normal MVRV | Realized Growth Leading,sma_340d_weight,False,sma_340d_weight,0.00336399291347834,0.0027397260273972516,6349.499999999688,3.36399291347834,2.7397260273972517,52980.43804202702,43148.6893046285
2018-07-02,2018,BTC Neutral | Normal MVRV | Realized Growth Leading,sma_340d_weight,False,sma_340d_weight,0.003388767955862004,0.0027397260273972516,6615.019999999808,3.3887679558620043,2.7397260273972517,51228.385641496214,41416.74594177087
2018-07-03,2018,BTC Neutral | Normal MVRV | Realized Growth Leading,sma_340d_weight,False,sma_340d_weight,0.003269775630043508,0.0027397260273972516,6497.989999999505,3.269775630043508,2.7397260273972517,50319.800892949315,42162.66918535517
2018-07-04,2018,BTC Recovery | Normal MVRV | Realized Growth Leading,sma_340d_weight,False,sma_340d_weight,0.0033280772287517715,0.0027397260273972516,6577.0299999996105,3.3280772287517713,2.7397260273972517,50601.5211843639,41655.97583403776
2018-07-05,2018,BTC Neutral | Normal MVRV | Realized Growth Leading,sma_340d_weight,False,sma_340d_weight,0.0032956658835803596,0.0027397260273972516,6541.909999999911,3.2956658835803596,2.7397260273972517,50377.73194037223,41879.60438766796
2018-07-06,2018,BTC Recovery | Normal MVRV | Realized Growth Leading,sma_340d_weight,False,sma_340d_weight,0.0033160470601678775,0.0027397260273972516,6601.379999999882,3.3160470601678775,2.7397260273972517,50232.63408814425,41502.322656736935
2018-07-07,2018,BTC Recovery | Normal MVRV | Realized Growth Leading,sma_340d_weight,False,sma_340d_weight,0.0032926405633938952,0.0027397260273972516,6753.2799999996605,3.292640563393895,2.7397260273972517,48756.168312198824,40568.82029765372
2018-07-08,2018,BTC Recovery | Normal MVRV | Realized Growth Leading,sma_340d_weight,False,sma_340d_weight,0.0032270160393042696,0.0027397260273972516,6701.959999999688,3.2270160393042695,2.7397260273972517,48150.33272810372,40879.4744731001
2018-07-09,2018,BTC Neutral | Normal MVRV | Realized Growth Leading,sma_340d_weight,False,sma_340d_weight,0.003255059165431764,0.0027397260273972516,6660.999999999655,3.255059165431764,2.7397260273972517,48867.42479255266,41130.85163485052
2018-07-10,2018,BTC Neutral | Normal MVRV | Realized Growth Leading,sma_340d_weight,False,sma_340d_weight,0.0032781234422781576,0.0027397260273972516,6303.359999999762,3.2781234422781576,2.7397260273972517,52005.968916233265,43464.53363598708
2018-07-11,2018,BTC Neutral | Normal MVRV | Realized Growth Leading,sma_340d_weight,False,sma_340d_weight,0.003445995411155828,0.0027397260273972516,6386.629999999655,3.445995411155828,2.7397260273972517,53956.39658405159,42897.835437427864
2018-07-12,2018,BTC Neutral | Normal MVRV | Realized Growth Leading,sma_340d_weight,False,sma_340d_weight,0.003411048143777005,0.0027397260273972516,6124.989999999722,3.411048143777005,2.7397260273972517,55690.67286276646,44730.2938845186
2018-07-13,2018,BTC Recovery | Normal MVRV | Realized Growth Leading,sma_340d_weight,False,sma_340d_weight,0.0035338841423459143,0.0027397260273972516,6207.559999999454,3.533884142345914,2.7397260273972517,56928.715024038844,44135.31286685095
2018-07-14,2018,BTC Recovery | Normal MVRV | Realized Growth Leading,sma_340d_weight,False,sma_340d_weight,0.0034989096294300477,0.0027397260273972516,6246.26999999977,3.498909629430048,2.7397260273972517,56015.984410378944,43861.79315651345
2018-07-15,2018,BTC Recovery | Normal MVRV | Realized Growth Leading,sma_340d_weight,False,sma_340d_weight,0.0034840537140591803,0.0027397260273972516,6343.529999999729,3.48405371405918,2.7397260273972517,54922.948485454144,43189.29724297621
2018-07-16,2018,BTC Recovery | Normal MVRV | Realized Growth Leading,sma_340d_weight,False,sma_340d_weight,0.003442676896061627,0.0027397260273972516,6719.109999999695,3.4426768960616267,2.7397260273972517,51237.09681880165,40775.13282856473
2018-07-17,2018,BTC Recovery | Normal MVRV | Realized Growth Leading,sma_340d_weight,False,sma_340d_weight,0.0032747636931759164,0.0027397260273972516,7325.00999999952,3.2747636931759163,2.7397260273972517,44706.61054628091,37402.35204317034
2018-07-18,2018,BTC Recovery | Normal MVRV | Realized Growth Leading,sma_340d_weight,False,sma_340d_weight,0.003002795191523108,0.0027397260273972516,7343.999999999772,3.002795191523108,2.7397260273972517,40887.734089368205,37305.637627959375
2018-07-19,2018,BTC Recovery | Normal MVRV | Realized Growth Leading,sma_340d_weight,False,sma_340d_weight,0.0029982293361750967,0.0027397260273972516,7467.989999999739,2.998229336175097,2.7397260273972517,40147.74171062363,36686.25731150346
2018-07-20,2018,BTC Recovery | Normal MVRV | Realized Growth Leading,sma_340d_weight,False,sma_340d_weight,0.0029459024650636107,0.0027397260273972516,7334.999999999559,2.9459024650636105,2.7397260273972517,40162.26946235566,37351.41141646103
2018-07-21,2018,BTC Recovery | Normal MVRV | Realized Growth Leading,sma_340d_weight,False,sma_340d_weight,0.003009840100578053,0.0027397260273972516,7407.989999999752,3.009840100578053,2.7397260273972517,40629.64583616006,36983.392626034096
2018-07-22,2018,BTC Recovery | Normal MVRV | Realized Growth Leading,sma_340d_weight,False,sma_340d_weight,0.002980543763068759,0.0027397260273972516,7409.019999999849,2.9805437630687592,2.7397260273972517,40228.5830389015,36978.251204576416
2018-07-23,2018,BTC Recovery | Normal MVRV | Realized Growth Leading,sma_340d_weight,False,sma_340d_weight,0.0029836419309683723,0.0027397260273972516,7710.339999999476,2.983641930968372,2.7397260273972517,38696.632456786276,35533.141565708356
2018-07-24,2018,BTC Recovery | Normal MVRV | Realized Growth Leading,sma_340d_weight,False,sma_340d_weight,0.0028513829842993763,0.0027397260273972516,8414.619999999431,2.8513829842993763,2.7397260273972517,33886.057650845425,32559.117671355772
2018-07-25,2018,BTC Recovery | Normal MVRV | Realized Growth Leading,sma_340d_weight,False,sma_340d_weight,0.002538583627568971,0.0027397260273972516,8193.959999999768,2.5385836275689706,2.7397260273972517,30981.157188576006,33435.9214274579
2018-07-26,2018,BTC Recovery | Normal MVRV | Realized Growth Leading,sma_340d_weight,False,sma_340d_weight,0.0026434396903167,0.0027397260273972516,7931.9899999996205,2.6434396903167,2.7397260273972517,33326.31143403896,34540.21030532543
2018-07-27,2018,BTC Recovery | Normal MVRV | Realized Growth Leading,sma_340d_weight,False,sma_340d_weight,0.0027663462785607385,0.0027397260273972516,8163.6499999997095,2.7663462785607384,2.7397260273972517,33886.14502778582,33560.06231768081
2018-07-28,2018,BTC Recovery | Normal MVRV | Realized Growth Leading,sma_340d_weight,False,sma_340d_weight,0.002667358109462328,0.0027397260273972516,8189.039999999663,2.6673581094623278,2.7397260273972517,32572.29308273543,33456.0098301799
2018-07-29,2018,BTC Recovery | Normal MVRV | Realized Growth Leading,sma_340d_weight,False,sma_340d_weight,0.0026611881714336777,0.0027397260273972516,8219.989999999521,2.6611881714336776,2.7397260273972517,32374.591349062863,33330.04088079683
2018-07-30,2018,BTC Recovery | Normal MVRV | Realized Growth Leading,sma_340d_weight,False,sma_340d_weight,0.0026525124580417023,0.0027397260273972516,8169.999999999798,2.652512458041702,2.7397260273972517,32466.4927544892,33533.978303516764
2018-07-31,2018,BTC Recovery | Normal MVRV | Realized Growth Leading,sma_340d_weight,False,sma_340d_weight,0.0026798082666339334,0.0027397260273972516,7757.7399999999725,2.6798082666339336,2.7397260273972517,34543.67208277079,35316.033115279206
2018-08-01,2018,BTC Recovery | Normal MVRV | Realized Growth Leading,sma_340d_weight,False,sma_340d_weight,0.0028685277526218455,0.0027397260273972516,7594.999999999521,2.8685277526218456,2.7397260273972517,37768.63400423998,36072.758754409806
2018-08-02,2018,BTC Recovery | Normal MVRV | Realized Growth Leading,sma_340d_weight,False,sma_340d_weight,0.0029451323889188355,0.0027397260273972516,7538.0099999997565,2.9451323889188354,2.7397260273972517,39070.42294874815,36345.48146523207
2018-08-03,2018,BTC Recovery | Normal MVRV | Realized Growth Leading,sma_340d_weight,False,sma_340d_weight,0.0029742984397871557,0.0027397260273972516,7424.499999999692,2.9742984397871557,2.7397260273972517,40060.58912771606,36901.15196171278
2018-08-04,2018,BTC Recovery | Normal MVRV | Realized Growth Leading,sma_340d_weight,False,sma_340d_weight,0.003028440601238948,0.0027397260273972516,7009.999999999474,3.0284406012389478,2.7397260273972517,43201.72041710663,39083.11023391523
2018-08-05,2018,BTC Recovery | Normal MVRV | Realized Growth Leading,sma_340d_weight,False,sma_340d_weight,0.0032158390680966267,0.0027397260273972516,7030.009999999657,3.215839068096627,2.7397260273972517,45744.4451444135,38971.86529460677
2018-08-06,2018,BTC Recovery | Normal MVRV | Realized Growth Leading,sma_340d_weight,False,sma_340d_weight,0.003209554373791863,0.0027397260273972516,6924.999999999597,3.2095543737918626,2.7397260273972517,46347.35557822454,39562.83072054023
2018-08-07,2018,BTC Neutral | Normal MVRV | Realized Growth Leading,sma_340d_weight,False,sma_340d_weight,0.0032586103028959252,0.0027397260273972516,6720.119999999512,3.2586103028959252,2.7397260273972517,48490.35884621349,40769.00453261922
2018-08-08,2018,BTC Neutral | Normal MVRV | Realized Growth Leading,sma_340d_weight,False,sma_340d_weight,0.003351562839453596,0.0027397260273972516,6271.439999999955,3.351562839453596,2.7397260273972517,53441.67909528944,43685.7568181673
2018-08-09,2018,BTC Neutral | Normal MVRV | Realized Growth Leading,sma_340d_weight,False,sma_340d_weight,0.003552609184792542,0.0027397260273972516,6555.009999999707,3.552609184792542,2.7397260273972517,54196.85377738097,41795.90919613202
2018-08-10,2018,BTC Neutral | Normal MVRV | Realized Growth Leading,sma_340d_weight,False,sma_340d_weight,0.0034285655055074056,0.0027397260273972516,6146.009999999791,3.4285655055074056,2.7397260273972517,55785.224975350226,44577.3115793392
2018-08-11,2018,BTC Neutral | Normal MVRV | Realized Growth Leading,sma_340d_weight,False,sma_340d_weight,0.003611680618809519,0.0027397260273972516,6339.149999999867,3.611680618809519,2.7397260273972517,56974.20977275494,43219.13864472854
2018-08-12,2018,BTC Neutral | Normal MVRV | Realized Growth Leading,sma_340d_weight,False,sma_340d_weight,0.0035278196361365655,0.0027397260273972516,6314.70999999955,3.5278196361365657,2.7397260273972517,55866.69278774191,43386.410894521636
2018-08-13,2018,BTC Neutral | Normal MVRV | Realized Growth Leading,sma_340d_weight,False,sma_340d_weight,0.0035402862255499287,0.0027397260273972516,6256.389999999482,3.5402862255499286,2.7397260273972517,56586.725340815094,43790.84467876009
2018-08-14,2018,BTC Neutral | Normal MVRV | Realized Growth Leading,sma_340d_weight,False,sma_340d_weight,0.0035676803551912524,0.0027397260273972516,6194.689999999848,3.5676803551912526,2.7397260273972517,57592.55677348407,44227.00776628563
2018-08-15,2018,BTC Neutral | Normal MVRV | Realized Growth Leading,sma_340d_weight,False,sma_340d_weight,0.0035967395257732746,0.0027397260273972516,6243.009999999649,3.5967395257732746,2.7397260273972517,57612.265970637185,43884.697083576764
2018-08-16,2018,BTC Neutral | Normal MVRV | Realized Growth Leading,sma_340d_weight,False,sma_340d_weight,0.003577156418592984,0.0027397260273972516,6309.989999999686,3.577156418592984,2.7397260273972517,56690.36588953646,43418.86480640045
2018-08-17,2018,BTC Neutral | Normal MVRV | Realized Growth Leading,sma_340d_weight,False,sma_340d_weight,0.0035494899374682158,0.0027397260273972516,6585.489999999784,3.549489937468216,2.7397260273972517,53898.64592412003,41602.46279923501
2018-08-18,2018,BTC Neutral | Normal MVRV | Realized Growth Leading,sma_340d_weight,False,sma_340d_weight,0.003430075344668961,0.0027397260273972516,6399.999999999856,3.430075344668961,2.7397260273972517,53594.927260453725,42808.21917808302
2018-08-19,2018,BTC Neutral | Normal MVRV | Realized Growth Leading,sma_340d_weight,False,sma_340d_weight,0.003514152778520432,0.0027397260273972516,6489.529999999878,3.5141527785204323,2.7397260273972517,54151.113848314104,42217.634056662086
2018-08-20,2018,BTC Neutral | Normal MVRV | Realized Growth Leading,sma_340d_weight,False,sma_340d_weight,0.0034772016910836947,0.0027397260273972516,6271.879999999559,3.4772016910836947,2.7397260273972517,55441.13871891584,43682.69206996059
2018-08-21,2018,BTC Neutral | Normal MVRV | Realized Growth Leading,sma_340d_weight,False,sma_340d_weight,0.0035760152448484845,0.0027397260273972516,6483.139999999885,3.5760152448484845,2.7397260273972517,55158.69231342448,42259.24517127966
2018-08-22,2018,BTC Neutral | Normal MVRV | Realized Growth Leading,sma_340d_weight,False,sma_340d_weight,0.0034856266668822416,0.0027397260273972516,6359.989999999872,3.4856266668822418,2.7397260273972517,54805.53690937111,43077.52099291518
2018-08-23,2018,BTC Neutral | Normal MVRV | Realized Growth Leading,sma_340d_weight,False,sma_340d_weight,0.003542332653708934,0.0027397260273972516,6526.349999999641,3.5423326537089337,2.7397260273972517,54277.393239852725,41979.452946860074
2018-08-24,2018,BTC Neutral | Normal MVRV | Realized Growth Leading,sma_340d_weight,False,sma_340d_weight,0.0034719230644503344,0.0027397260273972516,6688.649999999611,3.4719230644503343,2.7397260273972517,51907.68039066981,40960.82210008613
2018-08-25,2018,BTC Neutral | Normal MVRV | Realized Growth Leading,sma_340d_weight,False,sma_340d_weight,0.0034032342642877655,0.0027397260273972516,6742.5799999994215,3.4032342642877653,2.7397260273972517,50473.7691549534,40633.20016073205
2018-08-26,2018,BTC Neutral | Normal MVRV | Realized Growth Leading,sma_340d_weight,False,sma_340d_weight,0.003382398090511473,0.0027397260273972516,6709.989999999904,3.3823980905114728,2.7397260273972517,50408.39241953447,40830.55306188669
2018-08-27,2018,BTC Neutral | Normal MVRV | Realized Growth Leading,sma_340d_weight,False,sma_340d_weight,0.003399500952449114,0.0027397260273972516,6902.999999999676,3.399500952449114,2.7397260273972517,49246.71812906379,39688.91825869014
2018-08-28,2018,BTC Recovery | Normal MVRV | Realized Growth Leading,sma_340d_weight,False,sma_340d_weight,0.0033183195408366573,0.0027397260273972516,7069.99999999997,3.3183195408366575,2.7397260273972517,46935.21274167852,38751.4289589429
2018-08-29,2018,BTC Recovery | Normal MVRV | Realized Growth Leading,sma_340d_weight,False,sma_340d_weight,0.0032488593629189165,0.0027397260273972516,7032.2199999994955,3.2488593629189166,2.7397260273972517,46199.626333066226,38959.617693949396
2018-08-30,2018,BTC Recovery | Normal MVRV | Realized Growth Leading,sma_340d_weight,False,sma_340d_weight,0.003268736766737107,0.0027397260273972516,6990.009999999816,3.268736766737107,2.7397260273972517,46762.976973383345,39194.87994147825
2018-08-31,2018,BTC Recovery | Normal MVRV | Realized Growth Leading,sma_340d_weight,False,sma_340d_weight,0.0032905780341647753,0.0027397260273972516,7015.009999999664,3.2905780341647755,2.7397260273972517,46907.674175303146,39055.19774593882
2018-09-01,2018,BTC Recovery | Normal MVRV | Realized Growth Leading,sma_340d_weight,False,sma_340d_weight,0.003282864016212056,0.0027397260273972516,7199.999999999666,3.2828640162120557,2.7397260273972517,45595.33355850289,38051.75038051915
2018-09-02,2018,BTC Recovery | Normal MVRV | Realized Growth Leading,sma_340d_weight,False,sma_340d_weight,0.003205780443894708,0.0027397260273972516,7299.989999999462,3.205780443894708,2.7397260273972517,43914.860758644114,37530.54493769791
2018-09-03,2018,BTC Recovery | Normal MVRV | Realized Growth Leading,sma_340d_weight,False,sma_340d_weight,0.003165586464088067,0.0027397260273972516,7259.999999999831,3.1655864640880673,2.7397260273972517,43603.11934005704,37737.27310464622
2018-09-04,2018,BTC Recovery | Normal MVRV | Realized Growth Leading,sma_340d_weight,False,sma_340d_weight,0.0031862223595973457,0.0027397260273972516,7353.019999999529,3.1862223595973456,2.7397260273972517,43332.159569776086,37259.87454674987
2018-09-05,2018,BTC Recovery | Normal MVRV | Realized Growth Leading,sma_340d_weight,False,sma_340d_weight,0.0031492557783863633,0.0027397260273972516,6679.009999999868,3.1492557783863635,2.7397260273972517,47151.53560761888,41019.941988368126
2018-09-06,2018,BTC Recovery | Normal MVRV | Realized Growth Leading,sma_340d_weight,False,sma_340d_weight,0.003443883194444014,0.0027397260273972516,6487.9999999994325,3.443883194444014,2.7397260273972517,53080.81372448081,42227.58981808711
2018-09-07,2018,BTC Neutral | Normal MVRV | Realized Growth Leading,sma_340d_weight,False,sma_340d_weight,0.0035286414030156576,0.0027397260273972516,6395.009999999637,3.5286414030156577,2.7397260273972517,55178.04355295547,42841.62225543677
2018-09-08,2018,BTC Neutral | Normal MVRV | Realized Growth Leading,sma_340d_weight,False,sma_340d_weight,0.00357077070084439,0.0027397260273972516,6189.519999999836,3.57077070084439,2.7397260273972517,57690.591529625635,44263.9498280533
2018-09-09,2018,BTC Neutral | Normal MVRV | Realized Growth Leading,sma_340d_weight,False,sma_340d_weight,0.003661399319776918,0.0027397260273972516,6234.989999999715,3.661399319776918,2.7397260273972517,58723.41928017664,43941.14549337492
2018-09-10,2018,BTC Recovery | Normal MVRV | Realized Growth Leading,sma_340d_weight,False,sma_340d_weight,0.0036435529219702367,0.0027397260273972516,6295.389999999849,3.6435529219702367,2.7397260273972517,57876.52428158262,43519.559985915366
2018-09-11,2018,BTC Neutral | Normal MVRV | Realized Growth Leading,sma_340d_weight,False,sma_340d_weight,0.003619238577283018,0.0027397260273972516,6276.999999999853,3.619238577283018,2.7397260273972517,57658.73151637889,43647.06113425706
2018-09-12,2018,BTC Neutral | Normal MVRV | Realized Growth Leading,sma_340d_weight,False,sma_340d_weight,0.003628910847102212,0.0027397260273972516,6330.599999999677,3.6289108471022122,2.7397260273972517,57323.331865895765,43277.50967360743
2018-09-13,2018,BTC Neutral | Normal MVRV | Realized Growth Leading,sma_340d_weight,False,sma_340d_weight,0.003607514419082278,0.0027397260273972516,6477.939999999891,3.607514419082278,2.7397260273972517,55689.22248557934,42293.16769524413
2018-09-14,2018,BTC Neutral | Normal MVRV | Realized Growth Leading,sma_340d_weight,False,sma_340d_weight,0.003545692551159418,0.0027397260273972516,6486.829999999915,3.545692551159418,2.7397260273972517,54659.86546833298,42235.20621624565
2018-09-15,2018,BTC Neutral | Normal MVRV | Realized Growth Leading,sma_340d_weight,False,sma_340d_weight,0.0035434601440607204,0.0027397260273972516,6527.0099999998165,3.5434601440607203,2.7397260273972517,54289.17902777565,41975.208056940755
2018-09-16,2018,BTC Neutral | Normal MVRV | Realized Growth Leading,sma_340d_weight,False,sma_340d_weight,0.003527816050620393,0.0027397260273972516,6499.989999999523,3.527816050620393,2.7397260273972517,54274.17658520477,42149.69603641625
2018-09-17,2018,BTC Neutral | Normal MVRV | Realized Growth Leading,sma_340d_weight,False,sma_340d_weight,0.00354102629708237,0.0027397260273972516,6250.699999999922,3.5410262970823703,2.7397260273972517,56650.075944812816,43830.707399127874
2018-09-18,2018,BTC Neutral | Normal MVRV | Realized Growth Leading,sma_340d_weight,False,sma_340d_weight,0.003649072057910671,0.0027397260273972516,6339.049999999724,3.6490720579106712,2.7397260273972517,57564.967272869435,43219.820436774775
2018-09-19,2018,BTC Neutral | Normal MVRV | Realized Growth Leading,sma_340d_weight,False,sma_340d_weight,0.0036117162349894208,0.0027397260273972516,6384.999999999691,3.6117162349894207,2.7397260273972517,56565.641894903616,42908.78664678754
2018-09-20,2018,BTC Neutral | Normal MVRV | Realized Growth Leading,sma_340d_weight,False,sma_340d_weight,0.0035924838350166605,0.0027397260273972516,6493.0999999997175,3.5924838350166604,2.7397260273972517,55327.71457419133,42194.422192748774
2018-09-21,2018,BTC Neutral | Normal MVRV | Realized Growth Leading,sma_340d_weight,False,sma_340d_weight,0.003546733366166325,0.0027397260273972516,6742.449999999452,3.546733366166325,2.7397260273972517,52603.035486605215,40633.983602362256
2018-09-22,2018,BTC Neutral | Normal MVRV | Realized Growth Leading,sma_340d_weight,False,sma_340d_weight,0.0034404715014851395,0.0027397260273972516,6707.999999999994,3.4404715014851397,2.7397260273972517,51289.08022488287,40842.665882487396
2018-09-23,2018,BTC Neutral | Normal MVRV | Realized Growth Leading,sma_340d_weight,False,sma_340d_weight,0.0034563456942270213,0.0027397260273972516,6697.919999999881,3.4563456942270214,2.7397260273972517,51603.269286988834,40904.131840889415
2018-09-24,2018,BTC Neutral | Normal MVRV | Realized Growth Leading,sma_340d_weight,False,sma_340d_weight,0.00346175075390019,0.0027397260273972516,6576.989999999954,3.46175075390019,2.7397260273972517,52634.27120765295,41656.22917774348
2018-09-25,2018,BTC Neutral | Normal MVRV | Realized Growth Leading,sma_340d_weight,False,sma_340d_weight,0.0035145142574129263,0.0027397260273972516,6429.559999999527,3.5145142574129262,2.7397260273972517,54661.81600938766,42611.407738592585
2018-09-26,2018,BTC Neutral | Normal MVRV | Realized Growth Leading,sma_340d_weight,False,sma_340d_weight,0.0035782051157965877,0.0027397260273972516,6464.109999999884,3.5782051157965875,2.7397260273972517,55354.953981238745,42383.654167353285
2018-09-27,2018,BTC Recovery | Normal MVRV | Realized Growth Leading,sma_340d_weight,False,sma_340d_weight,0.0035637764342631084,0.0027397260273972516,6668.21999999954,3.5637764342631084,2.7397260273972517,53444.19401674441,41086.31729903093
2018-09-28,2018,BTC Recovery | Normal MVRV | Realized Growth Leading,sma_340d_weight,False,sma_340d_weight,0.0034767909839458462,0.0027397260273972516,6630.679999999703,3.4767909839458464,2.7397260273972517,52434.908394704646,41318.929995074024
2018-09-29,2018,BTC Recovery | Normal MVRV | Realized Growth Leading,sma_340d_weight,False,sma_340d_weight,0.0034935807361966497,0.0027397260273972516,6586.70999999999,3.4935807361966495,2.7397260273972517,53039.84441696469,41594.75713060475
2018-09-30,2018,BTC Recovery | Normal MVRV | Realized Growth Leading,sma_340d_weight,False,sma_340d_weight,0.0035134469718923114,0.0027397260273972516,6604.699999999636,3.513446971892311,2.7397260273972517,53196.16291266075,41481.4605871183
2018-10-01,2018,BTC Recovery | Normal MVRV | Realized Growth Leading,sma_340d_weight,False,sma_340d_weight,0.0035065409682807276,0.0027397260273972516,6561.00999999966,3.5065409682807274,2.7397260273972517,53445.13982269359,41757.68711520625
2018-10-02,2018,BTC Recovery | Normal MVRV | Realized Growth Leading,sma_340d_weight,False,sma_340d_weight,0.0035258869512766475,0.0027397260273972516,6505.989999999424,3.5258869512766475,2.7397260273972517,54194.47234436204,42110.824446356266
2018-10-03,2018,BTC Recovery | Normal MVRV | Realized Growth Leading,sma_340d_weight,False,sma_340d_weight,0.0035501453618116637,0.0027397260273972516,6466.009999999507,3.550145361811664,2.7397260273972517,54904.73045683404,42371.19997336009
2018-10-04,2018,BTC Recovery | Normal MVRV | Realized Growth Leading,sma_340d_weight,False,sma_340d_weight,0.0035679291629210253,0.0027397260273972516,6544.999999999855,3.5679291629210255,2.7397260273972517,54513.81455952794,41859.83235137223
2018-10-05,2018,BTC Recovery | Normal MVRV | Realized Growth Leading,sma_340d_weight,False,sma_340d_weight,0.0035344136594722972,0.0027397260273972516,6594.36999999985,3.534413659472297,2.7397260273972517,53597.442355712185,41546.44078808611
2018-10-06,2018,BTC Recovery | Normal MVRV | Realized Growth Leading,sma_340d_weight,False,sma_340d_weight,0.0035137051538728977,0.0027397260273972516,6552.429999999807,3.513705153872898,2.7397260273972517,53624.459229217275,41812.36621218895
2018-10-07,2018,BTC Bear | Normal MVRV | Realized Growth Leading,sma_340d_weight,False,sma_340d_weight,0.003531778501120314,0.0027397260273972516,6583.94999999966,3.5317785011203138,2.7397260273972517,53642.24365495631,41612.19370434759
2018-10-08,2018,BTC Bear | Normal MVRV | Realized Growth Leading,sma_340d_weight,False,sma_340d_weight,0.0035181128738783277,0.0027397260273972516,6608.069999999592,3.518112873878328,2.7397260273972517,53239.6429498862,41460.30576851366
2018-10-09,2018,BTC Bear | Normal MVRV | Realized Growth Leading,sma_340d_weight,False,sma_340d_weight,0.0035073455430360877,0.0027397260273972516,6592.039999999742,3.5073455430360876,2.7397260273972517,53205.768518337645,41561.12565150332
2018-10-10,2018,BTC Bear | Normal MVRV | Realized Growth Leading,sma_340d_weight,False,sma_340d_weight,0.003513645458648758,0.0027397260273972516,6529.62999999993,3.513645458648758,2.7397260273972517,53810.78956462764,41958.36559494613
2018-10-11,2018,BTC Bear | Normal MVRV | Realized Growth Leading,sma_340d_weight,False,sma_340d_weight,0.0035395499855516935,0.0027397260273972516,6158.319999999848,3.5395499855516936,2.7397260273972517,57475.90228425579,44488.20502015678
2018-10-12,2018,BTC Bear | Normal MVRV | Realized Growth Leading,sma_340d_weight,False,sma_340d_weight,0.0036976326760061696,0.0027397260273972516,6188.009999999743,3.6976326760061697,2.7397260273972517,59754.79477257347,44274.7511299653
2018-10-13,2018,BTC Bear | Normal MVRV | Realized Growth Leading,sma_340d_weight,False,sma_340d_weight,0.0036841657062539,0.0027397260273972516,6196.0099999995755,3.6841657062539,2.7397260273972517,59460.293095946465,44217.58563006579
2018-10-14,2018,BTC Bear | Normal MVRV | Realized Growth Leading,sma_340d_weight,False,sma_340d_weight,0.00367991077173799,0.0027397260273972516,6187.259999999587,3.67991077173799,2.7397260273972517,59475.612334672136,44280.117974635534
2018-10-15,2018,BTC Bear | Normal MVRV | Realized Growth Leading,sma_340d_weight,False,sma_340d_weight,0.0036825180248959027,0.0027397260273972516,6455.389999999499,3.6825180248959026,2.7397260273972517,57045.63202062444,42440.90639601115
2018-10-16,2018,BTC Bear | Normal MVRV | Realized Growth Leading,sma_340d_weight,False,sma_340d_weight,0.003566769272583083,0.0027397260273972516,6460.829999999946,3.566769272583083,2.7397260273972517,55206.05359656751,42405.17127671328
2018-10-17,2018,BTC Neutral | Normal MVRV | Realized Growth Leading,sma_340d_weight,False,sma_340d_weight,0.003564277480713343,0.0027397260273972516,6443.699999999566,3.564277480713343,2.7397260273972517,55314.14374836791,42517.901631010696
2018-10-18,2018,BTC Neutral | Normal MVRV | Realized Growth Leading,sma_340d_weight,False,sma_340d_weight,0.0035717331155774865,0.0027397260273972516,6392.079999999644,3.5717331155774863,2.7397260273972517,55877.47831031033,42861.25998731874
2018-10-19,2018,BTC Bear | Normal MVRV | Realized Growth Leading,sma_340d_weight,False,sma_340d_weight,0.0035943654498110014,0.0027397260273972516,6382.989999999678,3.594365449811001,2.7397260273972517,56311.62589650278,42922.29859983158
2018-10-20,2018,BTC Bear | Normal MVRV | Realized Growth Leading,sma_340d_weight,False,sma_340d_weight,0.0035981385195376493,0.0027397260273972516,6413.9999999996235,3.5981385195376494,2.7397260273972517,56098.199556249776,42714.78059553185
2018-10-21,2018,BTC Bear | Normal MVRV | Realized Growth Leading,sma_340d_weight,False,sma_340d_weight,0.003584672892014079,0.0027397260273972516,6415.879999999644,3.584672892014079,2.7397260273972517,55871.8818309301,42702.26418507522
2018-10-22,2018,BTC Bear | Normal MVRV | Realized Growth Leading,sma_340d_weight,False,sma_340d_weight,0.0035830666137702796,0.0027397260273972516,6407.109999999963,3.5830666137702796,2.7397260273972517,55923.288561774345,42760.71469659905
2018-10-23,2018,BTC Bear | Normal MVRV | Realized Growth Leading,sma_340d_weight,False,sma_340d_weight,0.0035855517580234354,0.0027397260273972516,6399.08999999956,3.5855517580234353,2.7397260273972517,56032.213299448544,42814.30683733844
2018-10-24,2018,BTC Bear | Normal MVRV | Realized Growth Leading,sma_340d_weight,False,sma_340d_weight,0.0035877730358162357,0.0027397260273972516,6415.119999999703,3.5877730358162356,2.7397260273972517,55926.82655689062,42707.32312719604
2018-10-25,2018,BTC Bear | Normal MVRV | Realized Growth Leading,sma_340d_weight,False,sma_340d_weight,0.0035796090856414463,0.0027397260273972516,6403.519999999544,3.5796090856414464,2.7397260273972517,55900.64660751745,42784.687599905155
2018-10-26,2018,BTC Bear | Normal MVRV | Realized Growth Leading,sma_340d_weight,False,sma_340d_weight,0.003583107352167443,0.0027397260273972516,6404.979999999763,3.5831073521674432,2.7397260273972517,55942.522102607276,42774.9349318398
2018-10-27,2018,BTC Bear | Normal MVRV | Realized Growth Leading,sma_340d_weight,False,sma_340d_weight,0.003580775258510235,0.0027397260273972516,6409.119999999534,3.580775258510235,2.7397260273972517,55869.99866612726,42747.30426950113
2018-10-28,2018,BTC Bear | Normal MVRV | Realized Growth Leading,sma_340d_weight,False,sma_340d_weight,0.0035774575114276147,0.0027397260273972516,6403.6199999996525,3.577457511427615,2.7397260273972517,55866.17431121474,42784.01946707332
2018-10-29,2018,BTC Bear | Normal MVRV | Realized Growth Leading,sma_340d_weight,False,sma_340d_weight,0.003578128859397809,0.0027397260273972516,6261.009999999702,3.578128859397809,2.7397260273972517,57149.387389542244,43758.53140942727
2018-10-30,2018,BTC Bear | Normal MVRV | Realized Growth Leading,sma_340d_weight,False,sma_340d_weight,0.0036379755606717073,0.0027397260273972516,6272.019999999581,3.6379755606717072,2.7397260273972517,58003.25191360917,43681.71701297883
2018-10-31,2018,BTC Bear | Normal MVRV | Realized Growth Leading,sma_340d_weight,False,sma_340d_weight,0.003631436974075503,0.0027397260273972516,6304.179999999431,3.631436974075503,2.7397260273972517,57603.637175268326,43458.880098561574
2018-11-01,2018,BTC Bear | Normal MVRV | Realized Growth Leading,sma_340d_weight,False,sma_340d_weight,0.003615291125207782,0.0027397260273972516,6342.999999999564,3.615291125207782,2.7397260273972517,56996.549349015135,43192.90599712187
2018-11-02,2018,BTC Bear | Normal MVRV | Realized Growth Leading,sma_340d_weight,False,sma_340d_weight,0.00359573209942892,0.0027397260273972516,6352.789999999568,3.5957320994289197,2.7397260273972517,56600.833640481804,43126.34334516705
2018-11-03,2018,BTC Bear | Normal MVRV | Realized Growth Leading,sma_340d_weight,False,sma_340d_weight,0.003588361825314292,0.0027397260273972516,6332.099999999868,3.588361825314292,2.7397260273972517,56669.3802263762,43267.25774067543
2018-11-04,2018,BTC Bear | Normal MVRV | Realized Growth Leading,sma_340d_weight,False,sma_340d_weight,0.0035939944861953775,0.0027397260273972516,6413.019999999533,3.5939944861953776,2.7397260273972517,56042.153091611115,42721.30801708791
2018-11-05,2018,BTC Bear | Normal MVRV | Realized Growth Leading,sma_340d_weight,False,sma_340d_weight,0.0035556345761194826,0.0027397260273972516,6402.219999999972,3.5556345761194827,2.7397260273972517,55537.52567264946,42793.3752260507
2018-11-06,2018,BTC Bear | Normal MVRV | Realized Growth Leading,sma_340d_weight,False,sma_340d_weight,0.0035569533580862905,0.0027397260273972516,6439.959999999621,3.5569533580862904,2.7397260273972517,55232.53806058578,42542.59385768566
2018-11-07,2018,BTC Bear | Normal MVRV | Realized Growth Leading,sma_340d_weight,False,sma_340d_weight,0.0035363849002602848,0.0027397260273972516,6500.94,3.536384900260285,2.7397260273972517,54398.054746856375,42143.53658697438
2018-11-08,2018,BTC Bear | Normal MVRV | Realized Growth Leading,sma_340d_weight,False,sma_340d_weight,0.003505607651447035,0.0027397260273972516,6406.709999999995,3.5056076514470353,2.7397260273972517,54717.751411364625,42763.38444220597
2018-11-09,2018,BTC Bear | Normal MVRV | Realized Growth Leading,sma_340d_weight,False,sma_340d_weight,0.003542059773223574,0.0027397260273972516,6334.8999999995285,3.5420597732235737,2.7397260273972517,55913.428360729245,43248.13378896992
2018-11-10,2018,BTC Bear | Normal MVRV | Realized Growth Leading,sma_340d_weight,False,sma_340d_weight,0.003568449793911476,0.0027397260273972516,6354.999999999591,3.568449793911476,2.7397260273972517,56151.84569491275,43111.345828441044
2018-11-11,2018,BTC Bear | Normal MVRV | Realized Growth Leading,sma_340d_weight,False,sma_340d_weight,0.00355461241173875,0.0027397260273972516,6322.999999999452,3.55461241173875,2.7397260273972517,56217.181903195604,43329.52755649991
2018-11-12,2018,BTC Bear | Normal MVRV | Realized Growth Leading,sma_340d_weight,False,sma_340d_weight,0.003561332325795643,0.0027397260273972516,6323.559999999925,3.561332325795643,2.7397260273972517,56318.47133253556,43325.6903927105
2018-11-13,2018,BTC Bear | Normal MVRV | Realized Growth Leading,sma_340d_weight,False,sma_340d_weight,0.0035506059558372952,0.0027397260273972516,6269.639999999666,3.550605955837295,2.7397260273972517,56631.73572705107,43698.2989038828
2018-11-14,2018,BTC Bear | Normal MVRV | Realized Growth Leading,sma_340d_weight,False,sma_340d_weight,0.0035647283551973876,0.0027397260273972516,5605.009999999718,3.5647283551973876,2.7397260273972517,63598.96512579936,48879.94896346999
2018-11-15,2018,BTC Bear | Normal MVRV | Realized Growth Leading,sma_340d_weight,False,sma_340d_weight,0.0038506133799235663,0.0027397260273972516,5575.999999999994,3.8506133799235664,2.7397260273972517,69056.91140465514,49134.25443682308
2018-11-16,2018,BTC Bear | Normal MVRV | Realized Growth Leading,sma_340d_weight,False,sma_340d_weight,0.0038551417795504943,0.0027397260273972516,5516.909999999559,3.8551417795504945,2.7397260273972517,69878.64184028383,49660.51698138035
2018-11-17,2018,BTC Bear | Normal MVRV | Realized Growth Leading,sma_340d_weight,False,sma_340d_weight,0.0038718048217518094,0.0027397260273972516,5503.189999999621,3.8718048217518093,2.7397260273972517,70355.64503046553,49784.32558929348
2018-11-18,2018,BTC Bear | Normal MVRV | Realized Growth Leading,sma_340d_weight,False,sma_340d_weight,0.003867540855504585,0.0027397260273972516,5558.279999999706,3.8675408555045854,2.7397260273972517,69581.61257627881,49290.896237638204
2018-11-19,2018,BTC Bear | Low MVRV | Realized Growth Leading,sma_340d_weight,False,sma_340d_weight,0.0038331193372731875,0.0027397260273972516,4779.839999999904,3.8331193372731875,2.7397260273972517,80193.465414601,57318.36269409241
2018-11-20,2018,BTC Bear | Low MVRV | Realized Growth Leading,sma_340d_weight,False,sma_340d_weight,0.004174979204626974,0.0027397260273972516,4317.999999999644,4.174979204626974,2.7397260273972517,96687.80001452797,63448.95848535149
2018-11-21,2018,BTC Bear | Low MVRV | Realized Growth Leading,sma_340d_weight,False,sma_340d_weight,0.004374811494439772,0.0027397260273972516,4568.289999999494,4.374811494439772,2.7397260273972517,95764.74992700235,59972.68184369983
2018-11-22,2018,BTC Bear | Low MVRV | Realized Growth Leading,sma_340d_weight,False,sma_340d_weight,0.004249884604209094,0.0027397260273972516,4265.3599999994785,4.249884604209094,2.7397260273972517,99637.18429885434,64231.999817074924
2018-11-23,2018,BTC Bear | Low MVRV | Realized Growth Leading,sma_340d_weight,False,sma_340d_weight,0.004377918787631446,0.0027397260273972516,4280.409999999743,4.377918787631446,2.7397260273972517,102278.02447970423,64006.15892864039
2018-11-24,2018,BTC Bear | Low MVRV | Realized Growth Leading,sma_340d_weight,False,sma_340d_weight,0.004360664693281618,0.0027397260273972516,3791.83999999986,4.360664693281618,2.7397260273972517,115001.28415971609,72253.20760890104
2018-11-25,2018,BTC Bear | Low MVRV | Realized Growth Leading,sma_340d_weight,False,sma_340d_weight,0.004577568507494827,0.0027397260273972516,3936.2999999998005,4.577568507494827,2.7397260273972517,116291.14923900766,69601.55545556464
2018-11-26,2018,BTC Bear | Low MVRV | Realized Growth Leading,sma_340d_weight,False,sma_340d_weight,0.004502176916512855,0.0027397260273972516,3716.739999999934,4.502176916512855,2.7397260273972517,121132.41487198285,73713.14720419778
2018-11-27,2018,BTC Bear | Low MVRV | Realized Growth Leading,sma_340d_weight,False,sma_340d_weight,0.004597063694892968,0.0027397260273972516,3775.1199999995365,4.597063694892968,2.7397260273972517,121772.65080033305,72573.21694138432
2018-11-28,2018,BTC Bear | Low MVRV | Realized Growth Leading,sma_340d_weight,False,sma_340d_weight,0.004563005334213686,0.0027397260273972516,4225.0299999996905,4.5630053342136865,2.7397260273972517,107999.35939422964,64845.12600851242
2018-11-29,2018,BTC Bear | Low MVRV | Realized Growth Leading,sma_340d_weight,False,sma_340d_weight,0.004343682007186277,0.0027397260273972516,4238.32999999962,4.343682007186278,2.7397260273972517,102485.69618662698,64641.64016009837
2018-11-30,2018,BTC Bear | Low MVRV | Realized Growth Leading,sma_340d_weight,False,sma_340d_weight,0.004330156757233656,0.0027397260273972516,3977.889999999729,4.330156757233656,2.7397260273972517,108855.61836134108,68873.85089576228
2018-12-01,2018,BTC Bear | Low MVRV | Realized Growth Leading,sma_340d_weight,False,sma_340d_weight,0.004446499563080554,0.0027397260273972516,4146.579999999997,4.446499563080554,2.7397260273972517,107232.9380617414,66071.94428655069
2018-12-02,2018,BTC Bear | Low MVRV | Realized Growth Leading,sma_340d_weight,False,sma_340d_weight,0.004357843138002939,0.0027397260273972516,4084.9999999995807,4.357843138002939,2.7397260273972517,106679.1465851502,67067.95660703875
2018-12-03,2018,BTC Bear | Low MVRV | Realized Growth Leading,sma_340d_weight,False,sma_340d_weight,0.004379039217653818,0.0027397260273972516,3838.2599999997874,4.379039217653818,2.7397260273972517,114089.1762844117,71379.37574310764
2018-12-04,2018,BTC Bear | Low MVRV | Realized Growth Leading,sma_340d_weight,False,sma_340d_weight,0.004490276398328509,0.0027397260273972516,3889.9299999994673,4.4902763983285086,2.7397260273972517,115433.34708668596,70431.2423976171
2018-12-05,2018,BTC Bear | Low MVRV | Realized Growth Leading,sma_340d_weight,False,sma_340d_weight,0.004457844563351609,0.0027397260273972516,3697.269999999801,4.4578445633516095,2.7397260273972517,120571.24752457488,74101.3241499106
2018-12-06,2018,BTC Bear | Low MVRV | Realized Growth Leading,sma_340d_weight,False,sma_340d_weight,0.004544906026924813,0.0027397260273972516,3444.999999999545,4.544906026924813,2.7397260273972517,131927.6060065432,79527.60602025004
2018-12-07,2018,BTC Bear | Low MVRV | Realized Growth Leading,sma_340d_weight,False,sma_340d_weight,0.004660700762468136,0.0027397260273972516,3361.619999999769,4.660700762468136,2.7397260273972517,138644.4857678279,81500.17037611152
2018-12-08,2018,BTC Bear | Low MVRV | Realized Growth Leading,sma_340d_weight,False,sma_340d_weight,0.004695056069101528,0.0027397260273972516,3399.9999999997694,4.695056069101528,2.7397260273972517,138089.8843853484,80580.17727639522
2018-12-09,2018,BTC Bear | Low MVRV | Realized Growth Leading,sma_340d_weight,False,sma_340d_weight,0.004669039264638841,0.0027397260273972516,3531.1799999999134,4.669039264638841,2.7397260273972517,132223.20200723145,77586.69983963772
2018-12-10,2018,BTC Bear | Low MVRV | Realized Growth Leading,sma_340d_weight,False,sma_340d_weight,0.004596972876604319,0.0027397260273972516,3414.1699999996918,4.596972876604319,2.7397260273972517,134643.93620132373,80245.7413484829
2018-12-11,2018,BTC Bear | Low MVRV | Realized Growth Leading,sma_340d_weight,False,sma_340d_weight,0.004647115686159192,0.0027397260273972516,3346.2199999999425,4.647115686159192,2.7397260273972517,138876.5737506581,81875.25110116188
2018-12-12,2018,BTC Bear | Low MVRV | Realized Growth Leading,sma_340d_weight,False,sma_340d_weight,0.004672087789495711,0.0027397260273972516,3437.009999999666,4.672087789495711,2.7397260273972517,135934.6580165948,79712.48344920493
2018-12-13,2018,BTC Bear | Low MVRV | Realized Growth Leading,sma_340d_weight,False,sma_340d_weight,0.004617806055756149,0.0027397260273972516,3264.659999999772,4.617806055756149,2.7397260273972517,141448.2995398134,83920.71540060658
2018-12-14,2018,BTC Bear | Low MVRV | Realized Growth Leading,sma_340d_weight,False,sma_340d_weight,0.004695885319006417,0.0027397260273972516,3207.9999999999477,4.695885319006417,2.7397260273972517,146380.46505631215,85402.93102859403
2018-12-15,2018,BTC Bear | Low MVRV | Realized Growth Leading,sma_340d_weight,False,sma_340d_weight,0.004716954450279386,0.0027397260273972516,3182.409999999904,4.716954450279386,2.7397260273972517,148219.57102571725,86089.66246955402
2018-12-16,2018,BTC Bear | Low MVRV | Realized Growth Leading,sma_340d_weight,False,sma_340d_weight,0.00472278735461666,0.0027397260273972516,3191.5199999999168,4.72278735461666,2.7397260273972517,147979.24984386069,85843.9247567718
2018-12-17,2018,BTC Bear | Low MVRV | Realized Growth Leading,sma_340d_weight,False,sma_340d_weight,0.004710748805345064,0.0027397260273972516,3501.9399999999396,4.710748805345064,2.7397260273972517,134518.2614592239,78234.5222190357
2018-12-18,2018,BTC Bear | Low MVRV | Realized Growth Leading,sma_340d_weight,False,sma_340d_weight,0.004545450549232831,0.0027397260273972516,3658.019999999737,4.5454505492328305,2.7397260273972517,124259.86050467622,74896.42012338502
2018-12-19,2018,BTC Bear | Low MVRV | Realized Growth Leading,sma_340d_weight,False,sma_340d_weight,0.004457962213855885,0.0027397260273972516,3688.5399999999127,4.457962213855884,2.7397260273972517,120859.8039835813,74276.70643119817
2018-12-20,2018,BTC Bear | Low MVRV | Realized Growth Leading,sma_340d_weight,False,sma_340d_weight,0.004434324180173941,0.0027397260273972516,4067.999999999732,4.434324180173941,2.7397260273972517,109005.0191783243,67348.23076198211
2018-12-21,2018,BTC Bear | Low MVRV | Realized Growth Leading,sma_340d_weight,False,sma_340d_weight,0.004230284076551297,0.0027397260273972516,3840.009999999616,4.230284076551297,2.7397260273972517,110163.36094311526,71346.84616439868
2018-12-22,2018,BTC Bear | Low MVRV | Realized Growth Leading,sma_340d_weight,False,sma_340d_weight,0.0043406490803147265,0.0027397260273972516,3973.99999999951,4.340649080314726,2.7397260273972517,109226.19729026829,68941.26893300428
2018-12-23,2018,BTC Bear | Low MVRV | Realized Growth Leading,sma_340d_weight,False,sma_340d_weight,0.0042645277942753804,0.0027397260273972516,3945.8799999994712,4.264527794275381,2.7397260273972517,108075.45577351445,69432.5734030842
2018-12-24,2018,BTC Bear | Low MVRV | Realized Growth Leading,sma_340d_weight,False,sma_340d_weight,0.004273223405011625,0.0027397260273972516,4054.8799999996504,4.273223405011626,2.7397260273972517,105384.70694600073,67566.14320023004
2018-12-25,2018,BTC Bear | Low MVRV | Realized Growth Leading,sma_340d_weight,False,sma_340d_weight,0.004209906037732895,0.0027397260273972516,3764.889999999883,4.209906037732895,2.7397260273972517,111820.16042256284,72770.41367469798
2018-12-26,2018,BTC Bear | Low MVRV | Realized Growth Leading,sma_340d_weight,False,sma_340d_weight,0.004355917674061283,0.0027397260273972516,3808.9999999996044,4.355917674061283,2.7397260273972517,114358.56324656696,71927.69827769851
2018-12-27,2018,BTC Bear | Low MVRV | Realized Growth Leading,sma_340d_weight,False,sma_340d_weight,0.004325340656799113,0.0027397260273972516,3585.0099999998156,4.325340656799113,2.7397260273972517,120650.72780269329,76421.71227966987
2018-12-28,2018,BTC Bear | Low MVRV | Realized Growth Leading,sma_340d_weight,False,sma_340d_weight,0.004437667334151981,0.0027397260273972516,3877.9999999994525,4.437667334151981,2.7397260273972517,114431.85492915439,70647.91200097057
2018-12-29,2018,BTC Bear | Low MVRV | Realized Growth Leading,sma_340d_weight,False,sma_340d_weight,0.00427655924150546,0.0027397260273972516,3814.939999999883,4.27655924150546,2.7397260273972517,112100.30148588419,71815.70424167445
2018-12-30,2018,BTC Bear | Low MVRV | Realized Growth Leading,sma_340d_weight,False,sma_340d_weight,0.004304225865072494,0.0027397260273972516,3826.519999999804,4.304225865072493,2.7397260273972517,112484.0812297522,71598.3720821371
2018-12-31,2018,BTC Bear | Low MVRV | Realized Growth Leading,sma_340d_weight,False,sma_340d_weight,0.004291843817813063,0.00273972602740076,3685.009999999639,4.291843817813063,2.73972602740076,116467.63015062328,74347.85868697855
2019-01-01,2019,BTC Bear | Low MVRV | Realized Growth Leading,sma_340d_weight,False,sma_340d_weight,0.0020348309639682143,0.0027397260273972516,3808.8999999999714,2.0348309639682145,2.7397260273972517,53423.06083037701,71929.58668899872
2019-01-02,2019,BTC Bear | Low MVRV | Realized Growth Leading,sma_340d_weight,False,sma_340d_weight,0.004477261690596758,0.0027397260273972516,3897.0099999997346,4.477261690596758,2.7397260273972517,114889.6638858269,70303.28450266841
2019-01-03,2019,BTC Bear | Low MVRV | Realized Growth Leading,sma_340d_weight,False,sma_340d_weight,0.004420964233548442,0.0027397260273972516,3785.199999999719,4.4209642335484425,2.7397260273972517,116796.0539350304,72379.9542269221
2019-01-04,2019,BTC Bear | Low MVRV | Realized Growth Leading,sma_340d_weight,False,sma_340d_weight,0.004477042920319094,0.0027397260273972516,3825.4399999998814,4.477042920319094,2.7397260273972517,117033.41106694216,71618.58576784204
2019-01-05,2019,BTC Bear | Low MVRV | Realized Growth Leading,sma_340d_weight,False,sma_340d_weight,0.004447660980513913,0.0027397260273972516,3798.2099999994434,4.447660980513913,2.7397260273972517,117098.86974428914,72132.03133575166
2019-01-06,2019,BTC Bear | Low MVRV | Realized Growth Leading,sma_340d_weight,False,sma_340d_weight,0.004457507494197797,0.0027397260273972516,4044.5099999995177,4.457507494197797,2.7397260273972517,110211.3109918959,67739.38072591188
2019-01-07,2019,BTC Bear | Low MVRV | Realized Growth Leading,sma_340d_weight,False,sma_340d_weight,0.0043116338892787405,0.0027397260273972516,4006.0099999998247,4.311633889278741,2.7397260273972517,107629.13445745091,68390.39411777233
2019-01-08,2019,BTC Bear | Low MVRV | Realized Growth Leading,sma_340d_weight,False,sma_340d_weight,0.004328725175150734,0.0027397260273972516,3990.979999999701,4.328725175150733,2.7397260273972517,108462.71279613172,68647.95181628213
2019-01-09,2019,BTC Bear | Low MVRV | Realized Growth Leading,sma_340d_weight,False,sma_340d_weight,0.004332681839189929,0.0027397260273972516,4003.5499999997546,4.332681839189929,2.7397260273972517,108220.99984239474,68432.4169149235
2019-01-10,2019,BTC Bear | Low MVRV | Realized Growth Leading,sma_340d_weight,False,sma_340d_weight,0.004320499207961133,0.0027397260273972516,3626.119999999851,4.320499207961133,2.7397260273972517,119149.37199985962,75555.30504774701
2019-01-11,2019,BTC Bear | Low MVRV | Realized Growth Leading,sma_340d_weight,False,sma_340d_weight,0.004532956229600437,0.0027397260273972516,3633.9999999999104,4.532956229600437,2.7397260273972517,124737.3756081604,75391.47020906217
2019-01-12,2019,BTC Bear | Low MVRV | Realized Growth Leading,sma_340d_weight,False,sma_340d_weight,0.00452548652104901,0.0027397260273972516,3619.3199999994868,4.52548652104901,2.7397260273972517,125036.92740762496,75697.25880545628
2019-01-13,2019,BTC Bear | Low MVRV | Realized Growth Leading,sma_340d_weight,False,sma_340d_weight,0.0045301981761936,0.0027397260273972516,3514.2399999998966,4.5301981761936,2.7397260273972517,128909.75505923708,77960.69782932676
2019-01-14,2019,BTC Bear | Low MVRV | Realized Growth Leading,sma_340d_weight,False,sma_340d_weight,0.004587196098326511,0.0027397260273972516,3669.999999999493,4.587196098326511,2.7397260273972517,124991.71930046716,74651.93535143408
2019-01-15,2019,BTC Bear | Low MVRV | Realized Growth Leading,sma_340d_weight,False,sma_340d_weight,0.004493099869229612,0.0027397260273972516,3579.9999999994357,4.493099869229613,2.7397260273972517,125505.58293939444,76528.65998317553
2019-01-16,2019,BTC Bear | Low MVRV | Realized Growth Leading,sma_340d_weight,False,sma_340d_weight,0.004540652564013906,0.0027397260273972516,3608.9999999995894,4.540652564013906,2.7397260273972517,125814.7011364484,75913.71646986876
2019-01-17,2019,BTC Bear | Low MVRV | Realized Growth Leading,sma_340d_weight,False,sma_340d_weight,0.0045193918706185636,0.0027397260273972516,3640.389999999454,4.519391870618564,2.7397260273972517,124145.81598727721,75259.13507612268
2019-01-18,2019,BTC Bear | Low MVRV | Realized Growth Leading,sma_340d_weight,False,sma_340d_weight,0.004497111876453073,0.0027397260273972516,3608.419999999974,4.497111876453073,2.7397260273972517,124628.28264041065,75925.91847393794
2019-01-19,2019,BTC Bear | Low MVRV | Realized Growth Leading,sma_340d_weight,False,sma_340d_weight,0.0045109399910481995,0.0027397260273972516,3687.779999999861,4.5109399910481995,2.7397260273972517,122321.28790351836,74292.01382396332
2019-01-20,2019,BTC Bear | Low MVRV | Realized Growth Leading,sma_340d_weight,False,sma_340d_weight,0.0044601296039167015,0.0027397260273972516,3533.81999999971,4.460129603916702,2.7397260273972517,126212.69911645379,77528.73738327013
2019-01-21,2019,BTC Bear | Low MVRV | Realized Growth Leading,sma_340d_weight,False,sma_340d_weight,0.004544848716566177,0.0027397260273972516,3532.5799999994524,4.544848716566177,2.7397260273972517,128655.22412986773,77555.95138390854
2019-01-22,2019,BTC Bear | Low MVRV | Realized Growth Leading,sma_340d_weight,False,sma_340d_weight,0.00453968388429042,0.0027397260273972516,3577.9999999998495,4.53968388429042,2.7397260273972517,126877.69380353858,76571.43732245297
2019-01-23,2019,BTC Bear | Low MVRV | Realized Growth Leading,sma_340d_weight,False,sma_340d_weight,0.004506900687013255,0.0027397260273972516,3553.069999999707,4.506900687013255,2.7397260273972517,126845.25458304021,77108.69831997337
2019-01-24,2019,BTC Bear | Low MVRV | Realized Growth Leading,sma_340d_weight,False,sma_340d_weight,0.004514700515233846,0.0027397260273972516,3565.829999999712,4.514700515233846,2.7397260273972517,126610.08840113552,76832.77182023464
2019-01-25,2019,BTC Bear | Low MVRV | Realized Growth Leading,sma_340d_weight,False,sma_340d_weight,0.004500735764335906,0.0027397260273972516,3562.1699999995335,4.500735764335905,2.7397260273972517,126348.14633598326,76911.71469631181
2019-01-26,2019,BTC Bear | Low MVRV | Realized Growth Leading,sma_340d_weight,False,sma_340d_weight,0.004495840303147851,0.0027397260273972516,3556.9999999998577,4.49584030314785,2.7397260273972517,126394.16089817346,77023.50372216366
2019-01-27,2019,BTC Bear | Low MVRV | Realized Growth Leading,sma_340d_weight,False,sma_340d_weight,0.004491762987588324,0.0027397260273972516,3530.509999999437,4.4917629875883245,2.7397260273972517,127227.02917111243,77601.42379989545
2019-01-28,2019,BTC Bear | Low MVRV | Realized Growth Leading,sma_340d_weight,False,sma_340d_weight,0.004501102763259561,0.0027397260273972516,3430.739999999796,4.501102763259562,2.7397260273972517,131199.1804467791,79858.16550940656
2019-01-29,2019,BTC Bear | Low MVRV | Realized Growth Leading,sma_340d_weight,False,sma_340d_weight,0.00455498081335312,0.0027397260273972516,3394.9199999998855,4.55498081335312,2.7397260273972517,134170.4904196056,80700.75369662154
2019-01-30,2019,BTC Bear | Low MVRV | Realized Growth Leading,sma_340d_weight,False,sma_340d_weight,0.004570326838074544,0.0027397260273972516,3437.5499999996114,4.5703268380745445,2.7397260273972517,132953.028699948,79699.96152485233
2019-01-31,2019,BTC Bear | Low MVRV | Realized Growth Leading,sma_340d_weight,False,sma_340d_weight,0.004538822690501652,0.0027397260273972516,3413.999999999939,4.538822690501652,2.7397260273972517,132947.35473057214,80249.73718211192
2019-02-01,2019,BTC Bear | Low MVRV | Realized Growth Leading,sma_340d_weight,False,sma_340d_weight,0.004547354116595937,0.0027397260273972516,3437.4999999996885,4.547354116595937,2.7397260273972517,132286.6652100756,79701.12079701819
2019-02-02,2019,BTC Bear | Low MVRV | Realized Growth Leading,sma_340d_weight,False,sma_340d_weight,0.0045266828495732665,0.0027397260273972516,3470.5399999994647,4.526682849573267,2.7397260273972517,130431.65759720288,78942.35558148513
2019-02-03,2019,BTC Bear | Low MVRV | Realized Growth Leading,sma_340d_weight,False,sma_340d_weight,0.004499784894560184,0.0027397260273972516,3412.4999999999673,4.499784894560184,2.7397260273972517,131861.8284120213,80285.01179186163
2019-02-04,2019,BTC Bear | Low MVRV | Realized Growth Leading,sma_340d_weight,False,sma_340d_weight,0.004528675625377898,0.0027397260273972516,3411.1199999994674,4.528675625377899,2.7397260273972517,132762.13165701018,80317.49183252655
2019-02-05,2019,BTC Bear | Low MVRV | Realized Growth Leading,sma_340d_weight,False,sma_340d_weight,0.00452240812048045,0.0027397260273972516,3427.8699999996297,4.52240812048045,2.7397260273972517,131930.56097462677,79925.02712756165
2019-02-06,2019,BTC Bear | Low MVRV | Realized Growth Leading,sma_340d_weight,False,sma_340d_weight,0.004504831598532537,0.0027397260273972516,3367.9999999994693,4.504831598532537,2.7397260273972517,133753.90731987072,81345.7846614514
2019-02-07,2019,BTC Bear | Low MVRV | Realized Growth Leading,sma_340d_weight,False,sma_340d_weight,0.00453405882127525,0.0027397260273972516,3357.1899999997445,4.5340588212752495,2.7397260273972517,135055.17475256376,81607.7144098922
2019-02-08,2019,BTC Bear | Low MVRV | Realized Growth Leading,sma_340d_weight,False,sma_340d_weight,0.00453298724878986,0.0027397260273972516,3621.1099999999865,4.53298724878986,2.7397260273972517,125182.25761685995,75659.83986670557
2019-02-09,2019,BTC Bear | Low MVRV | Realized Growth Leading,sma_340d_weight,False,sma_340d_weight,0.004361098295453404,0.0027397260273972516,3624.999999999588,4.361098295453404,2.7397260273972517,120306.15987459035,75578.64903165691
2019-02-10,2019,BTC Bear | Low MVRV | Realized Growth Leading,sma_340d_weight,False,sma_340d_weight,0.004351240608657522,0.0027397260273972516,3642.6799999995205,4.351240608657522,2.7397260273972517,119451.62925807633,75211.82281720085
2019-02-11,2019,BTC Bear | Low MVRV | Realized Growth Leading,sma_340d_weight,False,sma_340d_weight,0.004333572773950675,0.0027397260273972516,3590.3599999999824,4.333572773950675,2.7397260273972517,120700.22989200795,76307.8361890525
2019-02-12,2019,BTC Bear | Low MVRV | Realized Growth Leading,sma_340d_weight,False,sma_340d_weight,0.004360345718138805,0.0027397260273972516,3589.99999999983,4.360345718138805,2.7397260273972517,121458.09799830116,76315.48822833932
2019-02-13,2019,BTC Bear | Low MVRV | Realized Growth Leading,sma_340d_weight,False,sma_340d_weight,0.004354527806559083,0.0027397260273972516,3576.6899999996403,4.354527806559083,2.7397260273972517,121747.42028410402,76599.48240964487
2019-02-14,2019,BTC Bear | Low MVRV | Realized Growth Leading,sma_340d_weight,False,sma_340d_weight,0.0043574102663251554,0.0027397260273972516,3562.939999999664,4.3574102663251555,2.7397260273972517,122298.16573744062,76895.09302423027
2019-02-15,2019,BTC Bear | Low MVRV | Realized Growth Leading,sma_340d_weight,False,sma_340d_weight,0.004359774751145632,0.0027397260273972516,3565.6099999997473,4.359774751145632,2.7397260273972517,122272.90004083286,76837.51244239965
2019-02-16,2019,BTC Bear | Low MVRV | Realized Growth Leading,sma_340d_weight,False,sma_340d_weight,0.004352143407483448,0.0027397260273972516,3584.359999999995,4.352143407483448,2.7397260273972517,121420.37651026834,76435.57085218157
2019-02-17,2019,BTC Bear | Low MVRV | Realized Growth Leading,sma_340d_weight,False,sma_340d_weight,0.004334224715992418,0.0027397260273972516,3625.07999999976,4.334224715992418,2.7397260273972517,119562.18113787021,75576.98112586298
2019-02-18,2019,BTC Bear | Low MVRV | Realized Growth Leading,sma_340d_weight,False,sma_340d_weight,0.004303280844942586,0.0027397260273972516,3866.0899999999656,4.303280844942586,2.7397260273972517,111308.34628636748,70865.552209009
2019-02-19,2019,BTC Bear | Low MVRV | Realized Growth Leading,sma_340d_weight,False,sma_340d_weight,0.004144309162876902,0.0027397260273972516,3893.439999999615,4.144309162876902,2.7397260273972517,106443.38073470534,70367.7474777452
2019-02-20,2019,BTC Bear | Low MVRV | Realized Growth Leading,sma_340d_weight,False,sma_340d_weight,0.004121576395198173,0.0027397260273972516,3943.7799999997587,4.121576395198173,2.7397260273972517,104508.27366634105,69469.54514190495
2019-02-21,2019,BTC Bear | Low MVRV | Realized Growth Leading,sma_340d_weight,False,sma_340d_weight,0.004084603885025637,0.0027397260273972516,3893.0899999994404,4.084603885025637,2.7397260273972517,104919.32847753902,70374.07374084971
2019-02-22,2019,BTC Bear | Low MVRV | Realized Growth Leading,sma_340d_weight,False,sma_340d_weight,0.004112031826115087,0.0027397260273972516,3947.5699999999842,4.112031826115087,2.7397260273972517,104166.15351001004,69402.8485219328
2019-02-23,2019,BTC Bear | Low MVRV | Realized Growth Leading,sma_340d_weight,False,sma_340d_weight,0.004071426157948506,0.0027397260273972516,4110.019999999901,4.0714261579485065,2.7397260273972517,99060.98164847383,66659.67628861459
2019-02-24,2019,BTC Bear | Low MVRV | Realized Growth Leading,sma_340d_weight,False,sma_340d_weight,0.00396059144273613,0.0027397260273972516,3773.2199999995323,3.96059144273613,2.7397260273972517,104965.82342764591,72609.76108993357
2019-02-25,2019,BTC Bear | Low MVRV | Realized Growth Leading,sma_340d_weight,False,sma_340d_weight,0.004172300344328327,0.0027397260273972516,3822.379999999446,4.172300344328327,2.7397260273972517,109154.51483967925,71675.91990847714
2019-02-26,2019,BTC Bear | Low MVRV | Realized Growth Leading,sma_340d_weight,False,sma_340d_weight,0.004134626310885826,0.0027397260273972516,3798.199999999789,4.134626310885826,2.7397260273972517,108857.51963788258,72132.22124683809
2019-02-27,2019,BTC Bear | Low MVRV | Realized Growth Leading,sma_340d_weight,False,sma_340d_weight,0.004144249630079718,0.0027397260273972516,3797.199999999656,4.144249630079718,2.7397260273972517,109139.61945855086,72151.21740749762
2019-02-28,2019,BTC Bear | Low MVRV | Realized Growth Leading,sma_340d_weight,False,sma_340d_weight,0.004139135773822395,0.0027397260273972516,3794.019999999837,4.139135773822394,2.7397260273972517,109096.30876544067,72211.69175168738
2019-03-01,2019,BTC Bear | Low MVRV | Realized Growth Leading,sma_340d_weight,False,sma_340d_weight,0.004135655524280943,0.0027397260273972516,3813.239999999693,4.135655524280943,2.7397260273972517,108455.15950428706,71847.72076757488
2019-03-02,2019,BTC Bear | Low MVRV | Realized Growth Leading,sma_340d_weight,False,sma_340d_weight,0.0041178270116719266,0.0027397260273972516,3809.699999999538,4.117827011671927,2.7397260273972517,108087.95998825172,71914.48217438601
2019-03-03,2019,BTC Bear | Low MVRV | Realized Growth Leading,sma_340d_weight,False,sma_340d_weight,0.0041153122135979365,0.0027397260273972516,3783.9599999998063,4.115312213597936,2.7397260273972517,108756.75783037207,72403.67306729965
2019-03-04,2019,BTC Bear | Low MVRV | Realized Growth Leading,sma_340d_weight,False,sma_340d_weight,0.004127169185566642,0.0027397260273972516,3700.9999999998545,4.1271691855666415,2.7397260273972517,111514.97394128083,74026.64218852633
2019-03-05,2019,BTC Bear | Low MVRV | Realized Growth Leading,sma_340d_weight,False,sma_340d_weight,0.004177713794484166,0.0027397260273972516,3841.8299999997225,4.177713794484166,2.7397260273972517,108742.80732058597,71313.04683959075
2019-03-06,2019,BTC Bear | Low MVRV | Realized Growth Leading,sma_340d_weight,False,sma_340d_weight,0.004081152107734114,0.0027397260273972516,3851.609999999888,4.081152107734114,2.7397260273972517,105959.6404551404,71131.96890124731
2019-03-07,2019,BTC Bear | Low MVRV | Realized Growth Leading,sma_340d_weight,False,sma_340d_weight,0.004070859095935408,0.0027397260273972516,3857.049999999473,4.070859095935408,2.7397260273972517,105543.3322341158,71031.64406470297
2019-03-08,2019,BTC Bear | Low MVRV | Realized Growth Leading,sma_340d_weight,False,sma_340d_weight,0.004063583651995405,0.0027397260273972516,3842.9399999999,4.063583651995405,2.7397260273972517,105741.5325765042,71292.44868244945
2019-03-09,2019,BTC Bear | Low MVRV | Realized Growth Leading,sma_340d_weight,False,sma_340d_weight,0.00406894947527653,0.0027397260273972516,3906.9199999999296,4.068949475276529,2.7397260273972517,104147.2432319219,70124.9584684944
2019-03-10,2019,BTC Bear | Low MVRV | Realized Growth Leading,sma_340d_weight,False,sma_340d_weight,0.004022040937084768,0.0027397260273972516,3903.9999999996153,4.022040937084768,2.7397260273972517,103023.58957697655,70177.40848866603
2019-03-11,2019,BTC Bear | Low MVRV | Realized Growth Leading,sma_340d_weight,False,sma_340d_weight,0.00402029683820016,0.0027397260273972516,3852.0899999998474,4.02029683820016,2.7397260273972517,104366.63832361963,71123.10531159345
2019-03-12,2019,BTC Bear | Low MVRV | Realized Growth Leading,sma_340d_weight,False,sma_340d_weight,0.004051085864679182,0.0027397260273972516,3858.9399999996167,4.051085864679182,2.7397260273972517,104979.23949788243,70996.85476834374
2019-03-13,2019,BTC Bear | Low MVRV | Realized Growth Leading,sma_340d_weight,False,sma_340d_weight,0.00404302694059086,0.0027397260273972516,3854.999999999555,4.0430269405908605,2.7397260273972517,104877.48224620824,71069.41705311461
2019-03-14,2019,BTC Bear | Low MVRV | Realized Growth Leading,sma_340d_weight,False,sma_340d_weight,0.004041800405332257,0.0027397260273972516,3853.949999999917,4.041800405332257,2.7397260273972517,104874.23047347121,71088.77975576515
2019-03-15,2019,BTC Bear | Low MVRV | Realized Growth Leading,sma_340d_weight,False,sma_340d_weight,0.004038487029580434,0.0027397260273972516,3903.469999999936,4.038487029580434,2.7397260273972517,103458.89758549444,70186.93694065271
2019-03-16,2019,BTC Bear | Low MVRV | Realized Growth Leading,sma_340d_weight,False,sma_340d_weight,0.004001619300174135,0.0027397260273972516,3989.999999999511,4.001619300174135,2.7397260273972517,100291.21053069236,68664.81271673151
2019-03-17,2019,BTC Bear | Low MVRV | Realized Growth Leading,sma_340d_weight,False,sma_340d_weight,0.003939872612265214,0.0027397260273972516,3967.009999999756,3.939872612265214,2.7397260273972517,99315.92338475214,69062.74567993074
2019-03-18,2019,BTC Bear | Low MVRV | Realized Growth Leading,sma_340d_weight,False,sma_340d_weight,0.003951355301830997,0.0027397260273972516,3969.6399999999976,3.951355301830997,2.7397260273972517,99539.38648922824,69016.98963627063
2019-03-19,2019,BTC Bear | Low MVRV | Realized Growth Leading,sma_340d_weight,False,sma_340d_weight,0.003944331950438704,0.0027397260273972516,3996.6799999996515,3.944331950438704,2.7397260273972517,98690.2116366346,68550.04722413329
2019-03-20,2019,BTC Bear | Low MVRV | Realized Growth Leading,sma_340d_weight,False,sma_340d_weight,0.003920843120524902,0.0027397260273972516,4033.0099999995327,3.920843120524902,2.7397260273972517,97218.78003092867,67932.53741988166
2019-03-21,2019,BTC Bear | Low MVRV | Realized Growth Leading,sma_340d_weight,False,sma_340d_weight,0.0038908865776156594,0.0027397260273972516,3975.0299999999074,3.8908865776156594,2.7397260273972517,97883.20031838123,68923.4050409007
2019-03-22,2019,BTC Bear | Low MVRV | Realized Growth Leading,sma_340d_weight,False,sma_340d_weight,0.003924173131911732,0.0027397260273972516,3983.7699999999204,3.924173131911732,2.7397260273972517,98504.00831151924,68772.1938615258
2019-03-23,2019,BTC Bear | Low MVRV | Realized Growth Leading,sma_340d_weight,False,sma_340d_weight,0.003912736978449205,0.0027397260273972516,3982.58999999995,3.9127369784492054,2.7397260273972517,98246.04035186283,68792.57034736907
2019-03-24,2019,BTC Bear | Low MVRV | Realized Growth Leading,sma_340d_weight,False,sma_340d_weight,0.00390821634460875,0.0027397260273972516,3969.5499999999656,3.9082163446087503,2.7397260273972517,98454.89651493958,69018.55443053432
2019-03-25,2019,BTC Bear | Low MVRV | Realized Growth Leading,sma_340d_weight,False,sma_340d_weight,0.00391138491623431,0.0027397260273972516,3907.5899999996363,3.91138491623431,2.7397260273972517,100097.11654074953,70112.93476023602
2019-03-26,2019,BTC Bear | Low MVRV | Realized Growth Leading,sma_340d_weight,False,sma_340d_weight,0.003947718051942672,0.0027397260273972516,3919.989999999732,3.9477180519426716,2.7397260273972517,100707.35006831502,69891.14838041524
2019-03-27,2019,BTC Bear | Low MVRV | Realized Growth Leading,sma_340d_weight,False,sma_340d_weight,0.003932528921863668,0.0027397260273972516,4031.16999999947,3.932528921863668,2.7397260273972517,97553.04097480843,67963.54476237946
2019-03-28,2019,BTC Bear | Low MVRV | Realized Growth Leading,sma_340d_weight,False,sma_340d_weight,0.003849632330581945,0.0027397260273972516,4011.0899999995695,3.849632330581945,2.7397260273972517,95974.71835791165,68303.77845916063
2019-03-29,2019,BTC Bear | Low MVRV | Realized Growth Leading,sma_340d_weight,False,sma_340d_weight,0.0038567016673597947,0.0027397260273972516,4090.009999999477,3.8567016673597947,2.7397260273972517,94295.65373581697,66985.80266057057
2019-03-30,2019,BTC Bear | Low MVRV | Realized Growth Leading,sma_340d_weight,False,sma_340d_weight,0.003795426140098202,0.0027397260273972516,4094.1399999998152,3.795426140098202,2.7397260273972517,92703.86796979031,66918.23013862192
2019-03-31,2019,BTC Bear | Low MVRV | Realized Growth Leading,sma_340d_weight,False,sma_340d_weight,0.0037844901960522844,0.0027397260273972516,4093.539999999842,3.7844901960522845,2.7397260273972517,92450.30452987953,66928.03850450605
2019-04-01,2019,BTC Bear | Low MVRV | Realized Growth Leading,sma_340d_weight,False,sma_340d_weight,0.0037779088951185673,0.0027397260273972516,4137.279999999567,3.7779088951185673,2.7397260273972517,91313.83167489179,66220.46434849802
2019-04-02,2019,BTC Bear | Normal MVRV | Realized Growth Leading,sma_340d_weight,False,sma_340d_weight,0.003740008685463564,0.0027397260273972516,4915.559999999574,3.7400086854635637,2.7397260273972517,76085.09885880527,55735.78651053978
2019-04-03,2019,BTC Bear | Normal MVRV | Realized Growth Leading,sma_340d_weight,False,sma_340d_weight,0.003191711129472491,0.0027397260273972516,4983.979999999514,3.191711129472491,2.7397260273972517,64039.404842571654,54970.64649933424
2019-04-04,2019,BTC Bear | Normal MVRV | Realized Growth Leading,sma_340d_weight,False,sma_340d_weight,0.003136222982928253,0.0027397260273972516,4913.129999999605,3.1362229829282526,2.7397260273972517,63833.502938625774,55763.35304373122
2019-04-05,2019,BTC Bear | Normal MVRV | Realized Growth Leading,sma_340d_weight,False,sma_340d_weight,0.003177726945182987,0.0027397260273972516,5039.6099999997805,3.1777269451829873,2.7397260273972517,63055.017058524885,54363.85012723943
2019-04-06,2019,BTC Bear | Normal MVRV | Realized Growth Leading,sma_340d_weight,False,sma_340d_weight,0.0030815095614102114,0.0027397260273972516,5041.999999999745,3.0815095614102113,2.7397260273972517,61116.81002400569,54338.08067031714
2019-04-07,2019,BTC Bear | Normal MVRV | Realized Growth Leading,sma_340d_weight,False,sma_340d_weight,0.0030723867421798895,0.0027397260273972516,5194.889999999943,3.0723867421798894,2.7397260273972517,59142.47928598918,52738.86506542548
2019-04-08,2019,BTC Bear | Normal MVRV | Realized Growth Leading,sma_340d_weight,False,sma_340d_weight,0.002957282511100684,0.0027397260273972516,5301.549999999486,2.9572825111006837,2.7397260273972517,55781.46977961106,51677.83058534801
2019-04-09,2019,BTC Bear | Normal MVRV | Realized Growth Leading,sma_340d_weight,False,sma_340d_weight,0.002873495575326701,0.0027397260273972516,5198.059999999455,2.873495575326701,2.7397260273972517,55280.15404452819,52706.70264286174
2019-04-10,2019,BTC Bear | Normal MVRV | Realized Growth Leading,sma_340d_weight,False,sma_340d_weight,0.002937909392755693,0.0027397260273972516,5314.009999999853,2.9379093927556927,2.7397260273972517,55286.10960001532,51556.65923468958
2019-04-11,2019,BTC Bear | Normal MVRV | Realized Growth Leading,sma_340d_weight,False,sma_340d_weight,0.0028469710812243205,0.0027397260273972516,5053.819999999599,2.8469710812243205,2.7397260273972517,56333.05264581142,54210.99341483213
2019-04-12,2019,BTC Bear | Normal MVRV | Realized Growth Leading,sma_340d_weight,False,sma_340d_weight,0.003022981749191648,0.0027397260273972516,5083.919999999454,3.022981749191648,2.7397260273972517,59461.63096964493,53890.03027973583
2019-04-13,2019,BTC Bear | Normal MVRV | Realized Growth Leading,sma_340d_weight,False,sma_340d_weight,0.002993425282289014,0.0027397260273972516,5075.789999999676,2.9934252822890137,2.7397260273972517,58974.569126957664,53976.34707892617
2019-04-14,2019,BTC Bear | Normal MVRV | Realized Growth Leading,sma_340d_weight,False,sma_340d_weight,0.002991291684234813,0.0027397260273972516,5152.279999999512,2.991291684234813,2.7397260273972517,58057.63049048376,53175.022075615285
2019-04-15,2019,BTC Bear | Normal MVRV | Realized Growth Leading,sma_340d_weight,False,sma_340d_weight,0.0029285556344533416,0.0027397260273972516,5036.919999999636,2.9285556344533417,2.7397260273972517,58141.793684504686,54392.883496212955
2019-04-16,2019,BTC Bear | Normal MVRV | Realized Growth Leading,sma_340d_weight,False,sma_340d_weight,0.0030034729339491334,0.0027397260273972516,5218.989999999998,3.0034729339491335,2.7397260273972517,57548.93061586887,52495.330081055006
2019-04-17,2019,BTC Bear | Normal MVRV | Realized Growth Leading,sma_340d_weight,False,sma_340d_weight,0.002866526697352737,0.0027397260273972516,5228.299999999692,2.8665266973527372,2.7397260273972517,54827.12731390521,52401.85198625582
2019-04-18,2019,BTC Recovery | Normal MVRV | Realized Growth Leading,sma_340d_weight,False,sma_340d_weight,0.0028533485300739634,0.0027397260273972516,5283.549999999542,2.8533485300739634,2.7397260273972517,54004.38209299071,51853.8866367781
2019-04-19,2019,BTC Recovery | Normal MVRV | Realized Growth Leading,sma_340d_weight,False,sma_340d_weight,0.002806663561117118,0.0027397260273972516,5286.1999999994705,2.806663561117118,2.7397260273972517,53094.16142252278,51827.89200933612
2019-04-20,2019,BTC Recovery | Normal MVRV | Realized Growth Leading,sma_340d_weight,False,sma_340d_weight,0.002797847768552632,0.0027397260273972516,5320.009999999548,2.797847768552632,2.7397260273972517,52591.024613729474,51498.512735831035
2019-04-21,2019,BTC Recovery | Normal MVRV | Realized Growth Leading,sma_340d_weight,False,sma_340d_weight,0.002766881257542144,0.0027397260273972516,5309.99999999977,2.7668812575421438,2.7397260273972517,52106.99166746259,51595.59373629699
2019-04-22,2019,BTC Recovery | Normal MVRV | Realized Growth Leading,sma_340d_weight,False,sma_340d_weight,0.0027679346923937453,0.0027397260273972516,5376.949999999498,2.7679346923937453,2.7397260273972517,51477.78373230185,50953.16168827138
2019-04-23,2019,BTC Neutral | Normal MVRV | Realized Growth Leading,sma_340d_weight,False,sma_340d_weight,0.0027138188588552888,0.0027397260273972516,5549.019999999891,2.713818858855289,2.7397260273972517,48906.27279871657,49373.15106806797
2019-04-24,2019,BTC Recovery | Normal MVRV | Realized Growth Leading,sma_340d_weight,False,sma_340d_weight,0.002583085857385296,0.0027397260273972516,5420.859999999636,2.583085857385296,2.7397260273972517,47650.84981691963,50540.431359552465
2019-04-25,2019,BTC Bear | Normal MVRV | Realized Growth Leading,sma_340d_weight,False,sma_340d_weight,0.0026702722403140543,0.0027397260273972516,5129.519999999995,2.670272240314054,2.7397260273972517,52056.96128125159,53410.96296334266
2019-04-26,2019,BTC Bear | Normal MVRV | Realized Growth Leading,sma_340d_weight,False,sma_340d_weight,0.0028755572115070193,0.0027397260273972516,5151.579999999905,2.875557211507019,2.7397260273972517,55818.937326161526,53182.24753177282
2019-04-27,2019,BTC Recovery | Normal MVRV | Realized Growth Leading,sma_340d_weight,False,sma_340d_weight,0.0028528721971608304,0.0027397260273972516,5200.379999999447,2.8528721971608304,2.7397260273972517,54858.9179475564,52683.18906305968
2019-04-28,2019,BTC Neutral | Normal MVRV | Realized Growth Leading,sma_340d_weight,False,sma_340d_weight,0.0028114096365144513,0.0027397260273972516,5162.589999999718,2.811409636514451,2.7397260273972517,54457.34866635942,53068.828386476576
2019-04-29,2019,BTC Neutral | Normal MVRV | Realized Growth Leading,sma_340d_weight,False,sma_340d_weight,0.0028342001568610904,0.0027397260273972516,5148.249999999559,2.8342001568610904,2.7397260273972517,55051.71964961557,53216.64696542488
2019-04-30,2019,BTC Recovery | Normal MVRV | Realized Growth Leading,sma_340d_weight,False,sma_340d_weight,0.0028397774268172802,0.0027397260273972516,5267.749999999872,2.8397774268172804,2.7397260273972517,53908.73573759858,52009.416304823084
2019-05-01,2019,BTC Neutral | Normal MVRV | Realized Growth Leading,sma_340d_weight,False,sma_340d_weight,0.0027475569118805675,0.0027397260273972516,5312.009999999919,2.7475569118805674,2.7397260273972517,51723.489072509445,51576.07059093061
2019-05-02,2019,BTC Neutral | Normal MVRV | Realized Growth Leading,sma_340d_weight,False,sma_340d_weight,0.002710754662816414,0.0027397260273972516,5395.039999999517,2.710754662816414,2.7397260273972517,50245.31167176994,50782.31166770769
2019-05-03,2019,BTC Neutral | Normal MVRV | Realized Growth Leading,sma_340d_weight,False,sma_340d_weight,0.002645484129458708,0.0027397260273972516,5657.399999999981,2.645484129458708,2.7397260273972517,46761.48282707103,48427.29924342031
2019-05-04,2019,BTC Neutral | Normal MVRV | Realized Growth Leading,sma_340d_weight,False,sma_340d_weight,0.002449052529808538,0.0027397260273972516,5774.11999999963,2.449052529808538,2.7397260273972517,42414.29914530171,47448.373559909174
2019-05-05,2019,BTC Neutral | Normal MVRV | Realized Growth Leading,sma_340d_weight,False,sma_340d_weight,0.0023591699107592696,0.0027397260273972516,5726.509999999664,2.3591699107592694,2.7397260273972517,41197.342024364014,47842.85764623501
2019-05-06,2019,BTC Neutral | Normal MVRV | Realized Growth Leading,sma_340d_weight,False,sma_340d_weight,0.0023904569127671813,0.0027397260273972516,5685.979999999934,2.3904569127671813,2.7397260273972517,42041.24729188652,48183.884350583074
2019-05-07,2019,BTC Neutral | Normal MVRV | Realized Growth Leading,sma_340d_weight,False,sma_340d_weight,0.002416239408671382,0.0027397260273972516,5819.269999999688,2.416239408671382,2.7397260273972517,41521.349046727715,47080.23562057438
2019-05-08,2019,BTC Neutral | Normal MVRV | Realized Growth Leading,sma_340d_weight,False,sma_340d_weight,0.0023137590054666908,0.0027397260273972516,5945.54999999947,2.3137590054666908,2.7397260273972517,38915.811076635415,46080.27898844507
2019-05-09,2019,BTC Neutral | Normal MVRV | Realized Growth Leading,sma_340d_weight,False,sma_340d_weight,0.0022162875817771928,0.0027397260273972516,6160.009999999592,2.216287581777193,2.7397260273972517,35978.636102495606,44475.999672036785
2019-05-10,2019,BTC Neutral | Normal MVRV | Realized Growth Leading,sma_340d_weight,False,sma_340d_weight,0.002053692128851805,0.0027397260273972516,6343.299999999941,2.0536921288518046,2.7397260273972517,32375.768588145344,43190.863232028714
2019-05-11,2019,BTC Neutral | Normal MVRV | Market Growth Leading,stacksats_mvrv_weight,False,sma_340d_weight,0.0019149437797987478,0.0027397260273972516,7299.999999999876,1.9149437797987479,2.7397260273972517,26232.106572586035,37530.49352599039
2019-05-12,2019,BTC Neutral | Normal MVRV | Realized Growth Leading,sma_340d_weight,False,sma_340d_weight,0.0012367625446791384,0.0027397260273972516,6979.759999999728,1.2367625446791384,2.7397260273972517,17719.270357135298,39252.438871785824
2019-05-13,2019,BTC Bull | Normal MVRV | Market Growth Leading,stacksats_mvrv_weight,False,sma_340d_weight,0.0014403283295424919,0.0027397260273972516,7819.189999999939,1.4403283295424918,2.7397260273972517,18420.428836522748,35038.488991791644
2019-05-14,2019,BTC Bull | Normal MVRV | Market Growth Leading,stacksats_mvrv_weight,False,sma_340d_weight,0.0010688951473823063,0.0027397260273972516,8063.4899999997415,1.0688951473823063,2.7397260273972517,13255.986519265734,33976.92596378664
2019-05-15,2019,BTC Bull | Normal MVRV | Market Growth Leading,stacksats_mvrv_weight,False,sma_340d_weight,0.0008677189475559278,0.0027397260273972516,8207.049999999568,0.8677189475559278,2.7397260273972517,10572.848314022376,33382.59212990534
2019-05-16,2019,BTC Bull | Normal MVRV | Market Growth Leading,stacksats_mvrv_weight,False,sma_340d_weight,0.0008279448361797414,0.0027397260273972516,7833.539999999534,0.8279448361797414,2.7397260273972517,10569.229699213773,34974.30315537311
2019-05-17,2019,BTC Bull | Normal MVRV | Market Growth Leading,stacksats_mvrv_weight,False,sma_340d_weight,0.0008120997067436322,0.0027397260273972516,7363.68999999987,0.8120997067436322,2.7397260273972517,11028.43420545469,37205.88492178921
2019-05-18,2019,BTC Bull | Normal MVRV | Market Growth Leading,stacksats_mvrv_weight,False,sma_340d_weight,0.0009107801812388514,0.0027397260273972516,7276.36999999989,0.9107801812388514,2.7397260273972517,12516.95806066576,37652.37374401375
2019-05-19,2019,BTC Bull | Normal MVRV | Market Growth Leading,stacksats_mvrv_weight,False,sma_340d_weight,0.0010438425456990128,0.0027397260273972516,8254.559999999872,1.0438425456990128,2.7397260273972517,12645.647323407049,33190.4550623812
2019-05-20,2019,BTC Bull | Normal MVRV | Market Growth Leading,stacksats_mvrv_weight,False,sma_340d_weight,0.0010811514300808742,0.0027397260273972516,7969.429999999497,1.0811514300808742,2.7397260273972517,13566.232843264102,34377.9420535399
2019-05-21,2019,BTC Bull | Normal MVRV | Market Growth Leading,stacksats_mvrv_weight,False,sma_340d_weight,0.0008532417807904292,0.0027397260273972516,7978.399999999519,0.8532417807904292,2.7397260273972517,10694.397132137781,34339.29142932689
2019-05-22,2019,BTC Bull | Normal MVRV | Market Growth Leading,stacksats_mvrv_weight,False,sma_340d_weight,0.0009326928346796156,0.0027397260273972516,7690.019999999837,0.9326928346796156,2.7397260273972517,12128.613900609302,35627.03383602786
2019-05-23,2019,BTC Bull | Normal MVRV | Market Growth Leading,stacksats_mvrv_weight,False,sma_340d_weight,0.0009446909594219559,0.0027397260273972516,7881.979999999792,0.9446909594219559,2.7397260273972517,11985.452378995898,34759.36284280503
2019-05-24,2019,BTC Bull | Normal MVRV | Market Growth Leading,stacksats_mvrv_weight,False,sma_340d_weight,0.0010304078492614026,0.0027397260273972516,8011.999999999657,1.0304078492614026,2.7397260273972517,12860.806905409967,34195.28241883885
2019-05-25,2019,BTC Bull | Normal MVRV | Market Growth Leading,stacksats_mvrv_weight,False,sma_340d_weight,0.0009950890325769,0.0027397260273972516,8057.069999999681,0.9950890325769,2.7397260273972517,12350.507474515418,34003.99931237237
2019-05-26,2019,BTC Bull | Normal MVRV | Market Growth Leading,stacksats_mvrv_weight,False,sma_340d_weight,0.0009767382034688835,0.0027397260273972516,8736.19999999973,0.9767382034688834,2.7397260273972517,11180.355342928431,31360.614768404303
2019-05-27,2019,BTC Bull | Normal MVRV | Market Growth Leading,stacksats_mvrv_weight,False,sma_340d_weight,0.0009795021144562725,0.0027397260273972516,8839.919999999654,0.9795021144562726,2.7397260273972517,11080.440936754076,30992.656352063805
2019-05-28,2019,BTC Bull | Normal MVRV | Market Growth Leading,stacksats_mvrv_weight,False,sma_340d_weight,0.0008409767297910743,0.0027397260273972516,8735.199999999715,0.8409767297910743,2.7397260273972517,9627.446764711762,31364.204911133587
2019-05-29,2019,BTC Bull | Normal MVRV | Market Growth Leading,stacksats_mvrv_weight,False,sma_340d_weight,0.0008340732646738182,0.0027397260273972516,8660.499999999493,0.8340732646738181,2.7397260273972517,9630.774951490872,31634.73272209933
2019-05-30,2019,BTC Bull | Normal MVRV | Market Growth Leading,stacksats_mvrv_weight,False,sma_340d_weight,0.000870238540446542,0.0027397260273972516,8289.66999999987,0.8702385404465419,2.7397260273972517,10497.86710986753,33049.88048254388
2019-05-31,2019,BTC Bull | Normal MVRV | Market Growth Leading,stacksats_mvrv_weight,False,sma_340d_weight,0.0009004677699964175,0.0027397260273972516,8564.49999999982,0.9004677699964175,2.7397260273972517,10513.956097804152,31989.32836005966
2019-06-01,2019,BTC Bull | Normal MVRV | Market Growth Leading,stacksats_mvrv_weight,False,sma_340d_weight,0.0009993307126540437,0.0027397260273972516,8537.219999999552,0.9993307126540437,2.7397260273972517,11705.575265181125,32091.547686452916
2019-06-02,2019,BTC Bull | Normal MVRV | Market Growth Leading,stacksats_mvrv_weight,False,sma_340d_weight,0.0009485467228727009,0.0027397260273972516,8752.0399999999,0.9485467228727009,2.7397260273972517,10838.007171730382,31303.856328322116
2019-06-03,2019,BTC Bull | Normal MVRV | Market Growth Leading,stacksats_mvrv_weight,False,sma_340d_weight,0.0009684480622241948,0.0027397260273972516,8141.1499999998805,0.9684480622241948,2.7397260273972517,11895.715743159246,33652.813514028014
2019-06-04,2019,BTC Bull | Normal MVRV | Market Growth Leading,stacksats_mvrv_weight,False,sma_340d_weight,0.0009334862906962466,0.0027397260273972516,7676.409999999566,0.9334862906962466,2.7397260273972517,12160.453788897405,35690.199291041085
2019-06-05,2019,BTC Bull | Normal MVRV | Market Growth Leading,stacksats_mvrv_weight,False,sma_340d_weight,0.0010930719264822138,0.0027397260273972516,7829.959999999478,1.0930719264822137,2.7397260273972517,13960.121462718667,34990.29404233782
2019-06-06,2019,BTC Bull | Normal MVRV | Market Growth Leading,stacksats_mvrv_weight,False,sma_340d_weight,0.001232569403510663,0.0027397260273972516,7804.999999999798,1.232569403510663,2.7397260273972517,15792.048731719344,35102.19125428985
2019-06-07,2019,BTC Bull | Normal MVRV | Market Growth Leading,stacksats_mvrv_weight,False,sma_340d_weight,0.0012003322774753707,0.0027397260273972516,8022.099999999875,1.2003322774753706,2.7397260273972517,14962.818681833802,34152.22980762262
2019-06-08,2019,BTC Bull | Normal MVRV | Market Growth Leading,stacksats_mvrv_weight,False,sma_340d_weight,0.0012190908555654717,0.0027397260273972516,7930.139999999535,1.2190908555654718,2.7397260273972517,15372.879363612034,34548.268093594976
2019-06-09,2019,BTC Bull | Normal MVRV | Market Growth Leading,stacksats_mvrv_weight,False,sma_340d_weight,0.0011703862290572185,0.0027397260273972516,7648.299999999802,1.1703862290572185,2.7397260273972517,15302.566963341511,35821.37242782478
2019-06-10,2019,BTC Bull | Normal MVRV | Market Growth Leading,stacksats_mvrv_weight,False,sma_340d_weight,0.0012075815734744395,0.0027397260273972516,8005.229999999941,1.2075815734744395,2.7397260273972517,15084.907909884518,34224.20127088505
2019-06-11,2019,BTC Bull | Normal MVRV | Market Growth Leading,stacksats_mvrv_weight,False,sma_340d_weight,0.0013006033830959907,0.0027397260273972516,7920.989999999673,1.3006033830959907,2.7397260273972517,16419.7074241483,34588.17682382334
2019-06-12,2019,BTC Bull | Normal MVRV | Market Growth Leading,stacksats_mvrv_weight,False,sma_340d_weight,0.0012085695990374178,0.0027397260273972516,8154.009999999857,1.208569599037418,2.7397260273972517,14821.782154270588,33599.73837899757
2019-06-13,2019,BTC Bull | Normal MVRV | Market Growth Leading,stacksats_mvrv_weight,False,sma_340d_weight,0.0012437076804437067,0.0027397260273972516,8237.879999999843,1.2437076804437068,2.7397260273972517,15097.424099935064,33257.65885637208
2019-06-14,2019,BTC Bull | Normal MVRV | Market Growth Leading,stacksats_mvrv_weight,False,sma_340d_weight,0.0011902483365177259,0.0027397260273972516,8707.259999999467,1.1902483365177259,2.7397260273972517,13669.608309821904,31464.84689095559
2019-06-15,2019,BTC Bull | Normal MVRV | Market Growth Leading,stacksats_mvrv_weight,False,sma_340d_weight,0.0011792584467575267,0.0027397260273972516,8853.869999999595,1.1792584467575267,2.7397260273972517,13319.129903167548,30943.82487429087
2019-06-16,2019,BTC Bull | Normal MVRV | Market Growth Leading,stacksats_mvrv_weight,False,sma_340d_weight,0.0010714850068090792,0.0027397260273972516,8988.139999999838,1.071485006809079,2.7397260273972517,11921.098323002294,30481.568237669875
2019-06-17,2019,BTC Bull | Normal MVRV | Market Growth Leading,stacksats_mvrv_weight,False,sma_340d_weight,0.001048830685436448,0.0027397260273972516,9330.739999999834,1.048830685436448,2.7397260273972517,11240.594909261928,29362.365979518243
2019-06-18,2019,BTC Bull | Normal MVRV | Market Growth Leading,stacksats_mvrv_weight,False,sma_340d_weight,0.0010300055796220835,0.0027397260273972516,9065.639999999643,1.0300055796220835,2.7397260273972517,11361.642196492736,30220.988561175596
2019-06-19,2019,BTC Bull | Normal MVRV | Market Growth Leading,stacksats_mvrv_weight,False,sma_340d_weight,0.0009662458854915708,0.0027397260273972516,9289.37999999958,0.9662458854915709,2.7397260273972517,10401.618681673206,29493.098865558037
2019-06-20,2019,BTC Bull | Normal MVRV | Market Growth Leading,stacksats_mvrv_weight,False,sma_340d_weight,0.0010381798082571543,0.0027397260273972516,9531.209999999923,1.0381798082571543,2.7397260273972517,10892.424028608779,28744.787150815835
2019-06-21,2019,BTC Bull | Normal MVRV | Market Growth Leading,stacksats_mvrv_weight,False,sma_340d_weight,0.0010002064488629058,0.0027397260273972516,10174.99999999963,1.0002064488629059,2.7397260273972517,9830.038809463806,26926.054323315493
2019-06-22,2019,BTC Bull | Normal MVRV | Market Growth Leading,stacksats_mvrv_weight,False,sma_340d_weight,0.0009606614935848655,0.0027397260273972516,10709.999999999738,0.9606614935848655,2.7397260273972517,8969.761844863577,25581.008659171977
2019-06-23,2019,BTC Bull | Normal MVRV | Market Growth Leading,stacksats_mvrv_weight,False,sma_340d_weight,0.0008462429618062477,0.0027397260273972516,10824.319999999483,0.8462429618062477,2.7397260273972517,7817.978051335216,25310.83733109685
2019-06-24,2019,BTC Bull | Normal MVRV | Market Growth Leading,stacksats_mvrv_weight,False,sma_340d_weight,0.0008026748971446709,0.0027397260273972516,11013.90999999995,0.8026748971446709,2.7397260273972517,7287.828728804526,24875.144498159727
2019-06-25,2019,BTC Bull | Normal MVRV | Market Growth Leading,stacksats_mvrv_weight,False,sma_340d_weight,0.0008054619445749416,0.0027397260273972516,11773.449999999979,0.8054619445749417,2.7397260273972517,6841.341701667252,23270.375526266784
2019-06-26,2019,BTC Bull | High MVRV | Market Growth Leading,stacksats_mvrv_weight,False,sma_340d_weight,0.0008082364122624067,0.0027397260273972516,12939.969999999763,0.8082364122624066,2.7397260273972517,6246.045487450291,21172.584073976228
2019-06-27,2019,BTC Bull | Normal MVRV | Market Growth Leading,stacksats_mvrv_weight,False,sma_340d_weight,0.0008109983851860237,0.0027397260273972516,11062.47999999956,0.8109983851860236,2.7397260273972517,7331.072103055155,24765.929767984762
2019-06-28,2019,BTC Bull | Normal MVRV | Market Growth Leading,stacksats_mvrv_weight,False,sma_340d_weight,0.0008137479475610684,0.0027397260273972516,12345.55999999951,0.8137479475610684,2.7397260273972517,6591.421916552191,22191.994752748036
2019-06-29,2019,BTC Bull | Normal MVRV | Market Growth Leading,stacksats_mvrv_weight,False,sma_340d_weight,0.0008164851828476934,0.0027397260273972516,11932.569999999705,0.8164851828476934,2.7397260273972517,6842.492295018706,22960.066669605287
2019-06-30,2019,BTC Bull | Normal MVRV | Market Growth Leading,stacksats_mvrv_weight,False,sma_340d_weight,0.0008192101737593718,0.0027397260273972516,10779.039999999823,0.8192101737593718,2.7397260273972517,7600.029072713203,25417.161708253207
2019-07-01,2019,BTC Bull | Normal MVRV | Market Growth Leading,stacksats_mvrv_weight,False,sma_340d_weight,0.0008219230022712305,0.0027397260273972516,10561.69999999968,0.8219230022712305,2.7397260273972517,7782.1089623001535,25940.199280393637
2019-07-02,2019,BTC Bull | Normal MVRV | Market Growth Leading,stacksats_mvrv_weight,False,sma_340d_weight,0.0008731048435861172,0.0027397260273972516,10790.519999999708,0.8731048435861172,2.7397260273972517,8091.40656415206,25390.120470536414
2019-07-03,2019,BTC Bull | Normal MVRV | Market Growth Leading,stacksats_mvrv_weight,False,sma_340d_weight,1.7641041674285055e-05,0.0027397260273972516,11976.419999999494,0.017641041674285055,2.7397260273972517,147.29812142765368,22876.001571399192
2019-07-04,2019,BTC Bull | Normal MVRV | Market Growth Leading,stacksats_mvrv_weight,False,sma_340d_weight,1.7736600546226688e-05,0.0027397260273972516,11180.969999999998,0.017736600546226687,2.7397260273972517,158.6320377053752,24503.473557278594
2019-07-05,2019,BTC Bull | Normal MVRV | Market Growth Leading,stacksats_mvrv_weight,False,sma_340d_weight,1.7832150364915233e-05,0.0027397260273972516,10959.999999999573,0.01783215036491523,2.7397260273972517,162.70210186967086,24997.500249975903
2019-07-06,2019,BTC Bull | Normal MVRV | Market Growth Leading,stacksats_mvrv_weight,False,sma_340d_weight,1.7927691131637177e-05,0.0027397260273972516,11229.07999999997,0.017927691131637176,2.7397260273972517,159.65414024690557,24398.490592259193
2019-07-07,2019,BTC Bull | Normal MVRV | Market Growth Leading,stacksats_mvrv_weight,False,sma_340d_weight,1.8023222847678797e-05,0.0027397260273972516,11451.029999999784,0.018023222847678797,2.7397260273972517,157.39390122704367,23925.585972592013
2019-07-08,2019,BTC Bull | Normal MVRV | Market Growth Leading,stacksats_mvrv_weight,False,sma_340d_weight,1.8118745514326086e-05,0.0027397260273972516,12304.149999999723,0.018118745514326087,2.7397260273972517,147.25718976383166,22266.682602189616
2019-07-09,2019,BTC Bull | Normal MVRV | Market Growth Leading,stacksats_mvrv_weight,False,sma_340d_weight,1.821425913286481e-05,0.0027397260273972516,12571.909999999494,0.01821425913286481,2.7397260273972517,144.8806039246665,21792.440666512583
2019-07-10,2019,BTC Bull | Normal MVRV | Market Growth Leading,stacksats_mvrv_weight,False,sma_340d_weight,1.83097637045805e-05,0.0027397260273972516,12123.819999999581,0.018309763704580498,2.7397260273972517,151.02305795187598,22597.877792621024
2019-07-11,2019,BTC Bull | Normal MVRV | Market Growth Leading,stacksats_mvrv_weight,False,sma_340d_weight,1.840525923075843e-05,0.0027397260273972516,11278.939999999908,0.01840525923075843,2.7397260273972517,163.1825262902239,24290.63393720752
2019-07-12,2019,BTC Bull | Normal MVRV | Market Growth Leading,stacksats_mvrv_weight,False,sma_340d_weight,1.850074571268364e-05,0.0027397260273972516,11810.009999999444,0.01850074571268364,2.7397260273972517,156.65309100233202,23198.337913324212
2019-07-13,2019,BTC Bull | Normal MVRV | Market Growth Leading,stacksats_mvrv_weight,False,sma_340d_weight,1.8596223151640917e-05,0.0027397260273972516,11355.109999999466,0.018596223151640917,2.7397260273972517,163.7696433732636,24127.692531357075
2019-07-14,2019,BTC Bull | Normal MVRV | Market Growth Leading,stacksats_mvrv_weight,False,sma_340d_weight,1.8691691548914817e-05,0.0027397260273972516,10160.849999999575,0.018691691548914816,2.7397260273972517,183.9579518339076,26963.55154733478
2019-07-15,2019,BTC Bull | Normal MVRV | Market Growth Leading,stacksats_mvrv_weight,False,sma_340d_weight,1.8787150905789643e-05,0.0027397260273972516,10874.449999999806,0.018787150905789644,2.7397260273972517,172.76414812510038,25194.15719781047
2019-07-16,2019,BTC Bull | Normal MVRV | Market Growth Leading,stacksats_mvrv_weight,False,sma_340d_weight,1.8882601223549458e-05,0.0027397260273972516,9513.189999999893,0.01888260122354946,2.7397260273972517,198.48863760263038,28799.23587563459
2019-07-17,2019,BTC Bull | Normal MVRV | Market Growth Leading,stacksats_mvrv_weight,False,sma_340d_weight,1.8978042503478076e-05,0.0027397260273972516,9687.939999999706,0.018978042503478076,2.7397260273972517,195.89347687412032,28279.75841507415
2019-07-18,2019,BTC Bull | Normal MVRV | Market Growth Leading,stacksats_mvrv_weight,False,sma_340d_weight,4.193912558173137e-05,0.0027397260273972516,10709.569999999725,0.041939125581731365,2.7397260273972517,391.6041968233313,25582.03576238189
2019-07-19,2019,BTC Bull | Normal MVRV | Market Growth Leading,stacksats_mvrv_weight,False,sma_340d_weight,2.985418519114197e-05,0.0027397260273972516,10521.989999999685,0.02985418519114197,2.7397260273972517,283.73135871772223,26038.097616490166
2019-07-20,2019,BTC Bull | Normal MVRV | Market Growth Leading,stacksats_mvrv_weight,False,sma_340d_weight,1.9262710502691017e-05,0.0027397260273972516,10782.66999999969,0.019262710502691016,2.7397260273972517,178.64508978473393,25408.604987422692
2019-07-21,2019,BTC Bull | Normal MVRV | Market Growth Leading,stacksats_mvrv_weight,False,sma_340d_weight,1.9358107788367543e-05,0.0027397260273972516,10590.69999999998,0.019358107788367544,2.7397260273972517,182.78402549753633,25869.16849119753
2019-07-22,2019,BTC Bull | Normal MVRV | Market Growth Leading,stacksats_mvrv_weight,False,sma_340d_weight,1.9453496044122724e-05,0.0027397260273972516,10313.889999999703,0.019453496044122724,2.7397260273972517,188.61453868640527,26563.45983326689
2019-07-23,2019,BTC Bull | Normal MVRV | Market Growth Leading,stacksats_mvrv_weight,False,sma_340d_weight,1.9548875271238605e-05,0.0027397260273972516,9840.119999999588,0.019548875271238605,2.7397260273972517,198.66500887427617,27842.404639347555
2019-07-24,2019,BTC Bull | Normal MVRV | Market Growth Leading,stacksats_mvrv_weight,False,sma_340d_weight,1.9644245470996974e-05,0.0027397260273972516,9775.219999999706,0.019644245470996975,2.7397260273972517,200.9596251644215,28027.256955826408
2019-07-25,2019,BTC Bull | Normal MVRV | Market Growth Leading,stacksats_mvrv_weight,False,sma_340d_weight,3.378546986463953e-05,0.0027397260273972516,9883.329999999653,0.03378546986463953,2.7397260273972517,341.8429807022605,27720.677417402312
2019-07-26,2019,BTC Bull | Normal MVRV | Market Growth Leading,stacksats_mvrv_weight,False,sma_340d_weight,3.9832903575772236e-05,0.0027397260273972516,9842.999999999947,0.03983290357577224,2.7397260273972517,404.6825518213193,27834.258126559653
2019-07-27,2019,BTC Bull | Normal MVRV | Market Growth Leading,stacksats_mvrv_weight,False,sma_340d_weight,3.5147424437108026e-05,0.0027397260273972516,9481.059999999603,0.03514742443710803,2.7397260273972517,370.71197141574356,28896.83249971381
2019-07-28,2019,BTC Bull | Normal MVRV | Market Growth Leading,stacksats_mvrv_weight,False,sma_340d_weight,3.8487427636618126e-05,0.0027397260273972516,9536.999999999622,0.038487427636618124,2.7397260273972517,403.5590608851803,28727.33592741282
2019-07-29,2019,BTC Bull | Normal MVRV | Market Growth Leading,stacksats_mvrv_weight,False,sma_340d_weight,6.477997732408476e-05,0.0027397260273972516,9513.339999999922,0.06477997732408476,2.7397260273972517,680.9383173952082,28798.781788491466
2019-07-30,2019,BTC Bull | Normal MVRV | Market Growth Leading,stacksats_mvrv_weight,False,sma_340d_weight,5.850956844683976e-05,0.0027397260273972516,9589.00999999971,0.058509568446839764,2.7397260273972517,610.1731925072718,28571.521224791035
2019-07-31,2019,BTC Bull | Normal MVRV | Market Growth Leading,stacksats_mvrv_weight,False,sma_340d_weight,7.645480915757319e-05,0.0027397260273972516,10093.269999999697,0.07645480915757319,2.7397260273972517,757.4830471945711,27144.08737106343
2019-08-01,2019,BTC Bull | Normal MVRV | Market Growth Leading,stacksats_mvrv_weight,False,sma_340d_weight,6.552929304361813e-05,0.0027397260273972516,10405.939999999922,0.06552929304361813,2.7397260273972517,629.7296836577821,26328.481880515094
2019-08-02,2019,BTC Bull | Normal MVRV | Market Growth Leading,stacksats_mvrv_weight,False,sma_340d_weight,3.270108725931003e-05,0.0027397260273972516,10538.009999999626,0.03270108725931003,2.7397260273972517,310.3155838655608,25998.514210912203
2019-08-03,2019,BTC Bull | Normal MVRV | Market Growth Leading,stacksats_mvrv_weight,False,sma_340d_weight,2.2511474490120428e-05,0.0027397260273972516,10825.349999999618,0.022511474490120427,2.7397260273972517,207.9514703000016,25308.429079866688
2019-08-04,2019,BTC Bull | Normal MVRV | Market Growth Leading,stacksats_mvrv_weight,False,sma_340d_weight,2.154346591201464e-05,0.0027397260273972516,10978.349999999793,0.021543465912014642,2.7397260273972517,196.23591807525767,24955.717638782728
2019-08-05,2019,BTC Bull | Normal MVRV | Market Growth Leading,stacksats_mvrv_weight,False,sma_340d_weight,2.077498274356659e-05,0.0027397260273972516,11788.29999999994,0.02077498274356659,2.7397260273972517,176.23391620137508,23241.061284470754
2019-08-06,2019,BTC Bull | Normal MVRV | Market Growth Leading,stacksats_mvrv_weight,False,sma_340d_weight,2.087017674735112e-05,0.0027397260273972516,11435.709999999444,0.020870176747351123,2.7397260273972517,182.5000524440733,23957.638199966463
2019-08-07,2019,BTC Bull | Normal MVRV | Market Growth Leading,stacksats_mvrv_weight,False,sma_340d_weight,2.096536175290507e-05,0.0027397260273972516,11949.919999999722,0.02096536175290507,2.7397260273972517,175.44353228227098,22926.73111951641
2019-08-08,2019,BTC Bull | Normal MVRV | Market Growth Leading,stacksats_mvrv_weight,False,sma_340d_weight,2.106053776150421e-05,0.0027397260273972516,11995.809999999927,0.02106053776150421,2.7397260273972517,175.56578306512307,22839.02485448893
2019-08-09,2019,BTC Bull | Normal MVRV | Market Growth Leading,stacksats_mvrv_weight,False,sma_340d_weight,2.1155704774424076e-05,0.0027397260273972516,11849.999999999643,0.021155704774424074,2.7397260273972517,178.52915421455452,23120.050864112523
2019-08-10,2019,BTC Bull | Normal MVRV | Market Growth Leading,stacksats_mvrv_weight,False,sma_340d_weight,2.125086279293997e-05,0.0027397260273972516,11313.999999999909,0.02125086279293997,2.7397260273972517,187.82802539278893,24215.36174118149
2019-08-11,2019,BTC Bull | Normal MVRV | Market Growth Leading,stacksats_mvrv_weight,False,sma_340d_weight,2.134601181832694e-05,0.0027397260273972516,11559.119999999955,0.02134601181832694,2.7397260273972517,184.6681392556442,23701.85643368407
2019-08-12,2019,BTC Bull | Normal MVRV | Market Growth Leading,stacksats_mvrv_weight,False,sma_340d_weight,2.800766514040988e-05,0.0027397260273972516,11388.369999999602,0.02800766514040988,2.7397260273972517,245.93216711795327,24057.227043003935
2019-08-13,2019,BTC Bull | Normal MVRV | Market Growth Leading,stacksats_mvrv_weight,False,sma_340d_weight,2.3105330327900524e-05,0.0027397260273972516,10857.419999999653,0.023105330327900523,2.7397260273972517,212.8068208460321,25233.674550651434
2019-08-14,2019,BTC Bull | Normal MVRV | Market Growth Leading,stacksats_mvrv_weight,False,sma_340d_weight,3.081677988431716e-05,0.0027397260273972516,9977.839999999836,0.030816779884317157,2.7397260273972517,308.85221535239754,27458.10744006014
2019-08-15,2019,BTC Bull | Normal MVRV | Market Growth Leading,stacksats_mvrv_weight,False,sma_340d_weight,5.7192909441367724e-05,0.0027397260273972516,10306.589999999762,0.05719290944136773,2.7397260273972517,554.9159270075655,26582.274325429797
2019-08-16,2019,BTC Bull | Normal MVRV | Market Growth Leading,stacksats_mvrv_weight,False,sma_340d_weight,0.000154245033852515,0.0027397260273972516,10382.95999999989,0.15424503385251498,2.7397260273972517,1485.5593573751282,26386.753174405763
2019-08-17,2019,BTC Bull | Normal MVRV | Market Growth Leading,stacksats_mvrv_weight,False,sma_340d_weight,0.00010574512724919855,0.0027397260273972516,10206.97999999966,0.10574512724919855,2.7397260273972517,1036.0079793357297,26841.69095459522
2019-08-18,2019,BTC Bull | Normal MVRV | Market Growth Leading,stacksats_mvrv_weight,False,sma_340d_weight,8.88145848299495e-05,0.0027397260273972516,10353.079999999787,0.0888145848299495,2.7397260273972517,857.856645847915,26462.90792109506
2019-08-19,2019,BTC Bull | Normal MVRV | Market Growth Leading,stacksats_mvrv_weight,False,sma_340d_weight,9.348901381173611e-05,0.0027397260273972516,10874.989999999956,0.0934890138117361,2.7397260273972517,859.6698830227566,25192.90617644028
2019-08-20,2019,BTC Bull | Normal MVRV | Market Growth Leading,stacksats_mvrv_weight,False,sma_340d_weight,7.064959960251841e-05,0.0027397260273972516,10758.1899999997,0.07064959960251842,2.7397260273972517,656.7052599230948,25466.421650829074
2019-08-21,2019,BTC Bull | Normal MVRV | Market Growth Leading,stacksats_mvrv_weight,False,sma_340d_weight,3.1125637473906864e-05,0.0027397260273972516,10101.219999999701,0.031125637473906863,2.7397260273972517,308.13740789635096,27122.72406102761
2019-08-22,2019,BTC Bull | Normal MVRV | Market Growth Leading,stacksats_mvrv_weight,False,sma_340d_weight,3.958197953488915e-05,0.0027397260273972516,10111.489999999634,0.03958197953488915,2.7397260273972517,391.45545844272783,27095.17615502118
2019-08-23,2019,BTC Bull | Normal MVRV | Market Growth Leading,stacksats_mvrv_weight,False,sma_340d_weight,0.00011947407030044934,0.0027397260273972516,10418.80999999997,0.11947407030044935,2.7397260273972517,1146.7151267798308,26295.959206447373
2019-08-24,2019,BTC Bull | Normal MVRV | Market Growth Leading,stacksats_mvrv_weight,False,sma_340d_weight,0.00011870480665009624,0.0027397260273972516,10144.519999999924,0.11870480665009624,2.7397260273972517,1170.1372430642073,27006.95574948122
2019-08-25,2019,BTC Bull | Normal MVRV | Market Growth Leading,stacksats_mvrv_weight,False,sma_340d_weight,8.41693270202846e-05,0.0027397260273972516,10106.809999999614,0.08416932702028461,2.7397260273972517,832.7981531293041,27107.72268794364
2019-08-26,2019,BTC Bull | Normal MVRV | Market Growth Leading,stacksats_mvrv_weight,False,sma_340d_weight,0.00012019126366430874,0.0027397260273972516,10360.359999999524,0.12019126366430874,2.7397260273972517,1160.107020067973,26444.313010333404
2019-08-27,2019,BTC Bull | Normal MVRV | Market Growth Leading,stacksats_mvrv_weight,False,sma_340d_weight,0.00011905173613090356,0.0027397260273972516,10169.989999999907,0.11905173613090356,2.7397260273972517,1170.6180254936794,26939.318793797014
2019-08-28,2019,BTC Bull | Normal MVRV | Market Growth Leading,stacksats_mvrv_weight,False,sma_340d_weight,8.669328953501461e-05,0.0027397260273972516,9721.149999999869,0.08669328953501461,2.7397260273972517,891.8007595296418,28183.147337478476
2019-08-29,2019,BTC Bull | Normal MVRV | Market Growth Leading,stacksats_mvrv_weight,False,sma_340d_weight,0.00011454402533865524,0.0027397260273972516,9481.27999999971,0.11454402533865524,2.7397260273972517,1208.1071895214436,28896.16198864853
2019-08-30,2019,BTC Bull | Normal MVRV | Market Growth Leading,stacksats_mvrv_weight,False,sma_340d_weight,0.00022109210937721252,0.0027397260273972516,9573.499999999722,0.22109210937721252,2.7397260273972517,2309.4177612912617,28617.809864702893
2019-08-31,2019,BTC Bull | Normal MVRV | Market Growth Leading,stacksats_mvrv_weight,False,sma_340d_weight,0.00030726573069367314,0.0027397260273972516,9600.859999999448,0.30726573069367313,2.7397260273972517,3200.397992405793,28536.256412419403
2019-09-01,2019,BTC Bull | Normal MVRV | Market Growth Leading,stacksats_mvrv_weight,False,sma_340d_weight,0.00027251324278458833,0.0027397260273972516,9769.6799999998,0.2725132427845883,2.7397260273972517,2789.3773673712335,28043.1501072431
2019-09-02,2019,BTC Bull | Normal MVRV | Market Growth Leading,stacksats_mvrv_weight,False,sma_340d_weight,0.0002679863231389321,0.0027397260273972516,10367.5099999995,0.2679863231389321,2.7397260273972517,2584.8667919196128,26426.075570675926
2019-09-03,2019,BTC Bull | Normal MVRV | Market Growth Leading,stacksats_mvrv_weight,False,sma_340d_weight,0.00021454338190418046,0.0027397260273972516,10635.259999999842,0.21454338190418046,2.7397260273972517,2017.28384547424,25760.780906130105
2019-09-04,2019,BTC Bull | Normal MVRV | Market Growth Leading,stacksats_mvrv_weight,False,sma_340d_weight,9.10556520384884e-05,0.0027397260273972516,10589.619999999453,0.09105565203848841,2.7397260273972517,859.8575967645025,25871.80680135258
2019-09-05,2019,BTC Bull | Normal MVRV | Market Growth Leading,stacksats_mvrv_weight,False,sma_340d_weight,6.841590183217467e-05,0.0027397260273972516,10567.349999999791,0.06841590183217466,2.7397260273972517,647.427234189991,25926.32994456799
2019-09-06,2019,BTC Bull | Normal MVRV | Market Growth Leading,stacksats_mvrv_weight,False,sma_340d_weight,7.46232366487768e-05,0.0027397260273972516,10321.699999999877,0.07462323664877679,2.7397260273972517,722.9742837786187,26543.360370842827
2019-09-07,2019,BTC Bull | Normal MVRV | Market Growth Leading,stacksats_mvrv_weight,False,sma_340d_weight,7.755119851101937e-05,0.0027397260273972516,10492.309999999661,0.07755119851101937,2.7397260273972517,739.124163420847,26111.752582580386
2019-09-08,2019,BTC Bull | Normal MVRV | Market Growth Leading,stacksats_mvrv_weight,False,sma_340d_weight,0.00012954613955198235,0.0027397260273972516,10382.329999999976,0.12954613955198235,2.7397260273972517,1247.7559425676382,26388.35432313612
2019-09-09,2019,BTC Bull | Normal MVRV | Market Growth Leading,stacksats_mvrv_weight,False,sma_340d_weight,0.00010552663055884808,0.0027397260273972516,10330.469999999808,0.10552663055884808,2.7397260273972517,1021.5085137350965,26520.826519967653
2019-09-10,2019,BTC Bull | Normal MVRV | Market Growth Leading,stacksats_mvrv_weight,False,sma_340d_weight,0.00012091789026405037,0.0027397260273972516,10109.959999999448,0.12091789026405037,2.7397260273972517,1196.0273855095072,27099.27662817065
2019-09-11,2019,BTC Bull | Normal MVRV | Market Growth Leading,stacksats_mvrv_weight,False,sma_340d_weight,0.00014050814926055204,0.0027397260273972516,10151.819999999567,0.14050814926055205,2.7397260273972517,1384.0685636719136,26987.535509862948
2019-09-12,2019,BTC Bull | Normal MVRV | Market Growth Leading,stacksats_mvrv_weight,False,sma_340d_weight,0.00019356945820841825,0.0027397260273972516,10400.989999999898,0.19356945820841825,2.7397260273972517,1861.0676311429986,26341.012032482282
2019-09-13,2019,BTC Bull | Normal MVRV | Market Growth Leading,stacksats_mvrv_weight,False,sma_340d_weight,0.00018631576556754205,0.0027397260273972516,10365.92999999951,0.18631576556754206,2.7397260273972517,1797.385912962473,26430.1034967184
2019-09-14,2019,BTC Bull | Normal MVRV | Market Growth Leading,stacksats_mvrv_weight,False,sma_340d_weight,0.00013074467640742843,0.0027397260273972516,10360.83999999976,0.13074467640742843,2.7397260273972517,1261.9119338531573,26443.08789053122
2019-09-15,2019,BTC Bull | Normal MVRV | Market Growth Leading,stacksats_mvrv_weight,False,sma_340d_weight,0.00014531155759711227,0.0027397260273972516,10301.99999999991,0.14531155759711228,2.7397260273972517,1410.5179343536552,26594.117913000147
2019-09-16,2019,BTC Bull | Normal MVRV | Market Growth Leading,stacksats_mvrv_weight,False,sma_340d_weight,0.0001487991458454123,0.0027397260273972516,10240.999999999824,0.1487991458454123,2.7397260273972517,1452.9747665795805,26752.524435087387
2019-09-17,2019,BTC Bull | Normal MVRV | Market Growth Leading,stacksats_mvrv_weight,False,sma_340d_weight,0.00016237764260741892,0.0027397260273972516,10188.429999999997,0.1623776426074189,2.7397260273972517,1593.7454799946504,26890.561425040487
2019-09-18,2019,BTC Bull | Normal MVRV | Market Growth Leading,stacksats_mvrv_weight,False,sma_340d_weight,0.00017498622956986311,0.0027397260273972516,10156.19999999952,0.17498622956986312,2.7397260273972517,1722.949819517845,26975.89676648137
2019-09-19,2019,BTC Bull | Normal MVRV | Market Growth Leading,stacksats_mvrv_weight,False,sma_340d_weight,0.00019824876046823397,0.0027397260273972516,10279.999999999864,0.19824876046823398,2.7397260273972517,1928.4898878233132,26651.031394915255
2019-09-20,2019,BTC Bull | Normal MVRV | Market Growth Leading,stacksats_mvrv_weight,False,sma_340d_weight,0.0002145762424277532,0.0027397260273972516,10166.429999999664,0.2145762424277532,2.7397260273972517,2110.6351239103624,26948.752191254378
2019-09-21,2019,BTC Bull | Normal MVRV | Market Growth Leading,stacksats_mvrv_weight,False,sma_340d_weight,0.00018559294930176488,0.0027397260273972516,9973.989999999774,0.18559294930176487,2.7397260273972517,1860.769354107725,27468.706379265608
2019-09-22,2019,BTC Bull | Normal MVRV | Market Growth Leading,stacksats_mvrv_weight,False,sma_340d_weight,0.0002161751554361418,0.0027397260273972516,10051.049999999781,0.2161751554361418,2.7397260273972517,2150.7718639957666,27258.107634498992
2019-09-23,2019,BTC Bull | Normal MVRV | Market Growth Leading,stacksats_mvrv_weight,False,sma_340d_weight,0.00028783579311181094,0.0027397260273972516,9693.739999999729,0.28783579311181096,2.7397260273972517,2969.295577473906,28262.837948999335
2019-09-24,2019,BTC Bull | Normal MVRV | Market Growth Leading,stacksats_mvrv_weight,False,sma_340d_weight,0.00027169833421298624,0.0027397260273972516,8558.219999999563,0.2716983342129862,2.7397260273972517,3174.706121284567,32012.802047591576
2019-09-25,2019,BTC Bull | Normal MVRV | Market Growth Leading,stacksats_mvrv_weight,False,sma_340d_weight,0.000447681982860236,0.0027397260273972516,8434.969999999874,0.44768198286023597,2.7397260273972517,5307.451986909766,32480.566349344368
2019-09-26,2019,BTC Bull | Normal MVRV | Market Growth Leading,stacksats_mvrv_weight,False,sma_340d_weight,0.0025169558295406007,0.0027397260273972516,8055.009999999546,2.5169558295406005,2.7397260273972517,31247.08510033808,34012.695544728136
2019-09-27,2019,BTC Bull | Normal MVRV | Market Growth Leading,stacksats_mvrv_weight,False,sma_340d_weight,0.002809232155374152,0.0027397260273972516,8194.679999999642,2.809232155374152,2.7397260273972517,34281.169678062775,33432.983684504725
2019-09-28,2019,BTC Bull | Normal MVRV | Market Growth Leading,stacksats_mvrv_weight,False,sma_340d_weight,0.004875458105847379,0.0027397260273972516,8202.679999999835,4.875458105847379,2.7397260273972517,59437.38029336116,33400.376796331286
2019-09-29,2019,BTC Bull | Normal MVRV | Market Growth Leading,stacksats_mvrv_weight,False,sma_340d_weight,0.0038720616880693936,0.0027397260273972516,8062.819999999527,3.8720616880693934,2.7397260273972517,48023.665269342746,33979.74936061344
2019-09-30,2019,BTC Bull | Normal MVRV | Market Growth Leading,stacksats_mvrv_weight,False,sma_340d_weight,0.0036767919080572023,0.0027397260273972516,8286.989999999636,3.6767919080572025,2.7397260273972517,44368.24357284568,33060.568763777585
2019-10-01,2019,BTC Bull | Normal MVRV | Market Growth Leading,stacksats_mvrv_weight,False,sma_340d_weight,0.004804220817814166,0.0027397260273972516,8321.519999999578,4.804220817814166,2.7397260273972517,57732.49139357243,32923.38451866234
2019-10-02,2019,BTC Bull | Normal MVRV | Market Growth Leading,stacksats_mvrv_weight,False,sma_340d_weight,0.0031716640465844423,0.0027397260273972516,8381.719999999663,3.1716640465844423,2.7397260273972517,37840.25291449213,32686.919002273542
2019-10-03,2019,BTC Bull | Normal MVRV | Market Growth Leading,stacksats_mvrv_weight,False,sma_340d_weight,0.003046187710376347,0.0027397260273972516,8247.489999999949,3.046187710376347,2.7397260273972517,36934.72450862463,33218.90693286404
2019-10-04,2019,BTC Bull | Normal MVRV | Market Growth Leading,stacksats_mvrv_weight,False,sma_340d_weight,0.0027743907753292273,0.0027397260273972516,8167.059999999725,2.7743907753292274,2.7397260273972517,33970.495812805595,33546.04995429621
2019-10-05,2019,BTC Bull | Normal MVRV | Market Growth Leading,stacksats_mvrv_weight,False,sma_340d_weight,0.0034792172107367125,0.0027397260273972516,8146.649999999843,3.4792172107367128,2.7397260273972517,42707.33627609851,33630.09368755629
2019-10-06,2019,BTC Bull | Normal MVRV | Market Growth Leading,stacksats_mvrv_weight,False,sma_340d_weight,0.003917381371265799,0.0027397260273972516,7873.759999999982,3.9173813712657988,2.7397260273972517,49752.35937170815,34795.65071068026
2019-10-07,2019,BTC Bull | Normal MVRV | Market Growth Leading,stacksats_mvrv_weight,False,sma_340d_weight,0.0039482485080141435,0.0027397260273972516,8218.859999999928,3.9482485080141436,2.7397260273972517,48038.882618929856,33334.623383258455
2019-10-08,2019,BTC Bull | Normal MVRV | Market Growth Leading,stacksats_mvrv_weight,False,sma_340d_weight,0.006327055073887537,0.0027397260273972516,8190.619999999533,6.3270550738875375,2.7397260273972517,77247.57190405486,33449.556045786616
2019-10-09,2019,BTC Bull | Normal MVRV | Market Growth Leading,stacksats_mvrv_weight,False,sma_340d_weight,0.0035051225447063836,0.0027397260273972516,8590.009999999535,3.5051225447063836,2.7397260273972517,40804.63869898374,31894.328730669695
2019-10-10,2019,BTC Bull | Normal MVRV | Market Growth Leading,stacksats_mvrv_weight,False,sma_340d_weight,0.003642665813064396,0.0027397260273972516,8580.009999999536,3.642665813064396,2.7397260273972517,42455.2630249218,31931.501564653183
2019-10-11,2019,BTC Bull | Normal MVRV | Market Growth Leading,stacksats_mvrv_weight,False,sma_340d_weight,0.0019222912597517943,0.0027397260273972516,8267.329999999509,1.9222912597517943,2.7397260273972517,23251.65754544585,33139.18795303217
2019-10-12,2019,BTC Bull | Normal MVRV | Market Growth Leading,stacksats_mvrv_weight,False,sma_340d_weight,0.0019378823464865943,0.0027397260273972516,8322.139999999481,1.9378823464865944,2.7397260273972517,23285.865732692735,32920.9317242611
2019-10-13,2019,BTC Bull | Normal MVRV | Market Growth Leading,stacksats_mvrv_weight,False,sma_340d_weight,0.0031973150956459287,0.0027397260273972516,8284.639999999663,3.1973150956459286,2.7397260273972517,38593.28945670613,33069.94664098094
2019-10-14,2019,BTC Bull | Normal MVRV | Market Growth Leading,stacksats_mvrv_weight,False,sma_340d_weight,0.003005353640284871,0.0027397260273972516,8354.999999999827,3.005353640284871,2.7397260273972517,35970.71981190824,32791.45454694564
2019-10-15,2019,BTC Bull | Normal MVRV | Market Growth Leading,stacksats_mvrv_weight,False,sma_340d_weight,0.0031359489004900458,0.0027397260273972516,8158.309999999751,3.1359489004900456,2.7397260273972517,38438.7072872953,33582.0289667509
2019-10-16,2019,BTC Bull | Normal MVRV | Market Growth Leading,stacksats_mvrv_weight,False,sma_340d_weight,0.0029414814973828486,0.0027397260273972516,8000.439999999712,2.9414814973828487,2.7397260273972517,36766.49655997613,34244.69188441323
2019-10-17,2019,BTC Bull | Normal MVRV | Market Growth Leading,stacksats_mvrv_weight,False,sma_340d_weight,0.003998909261801421,0.0027397260273972516,8081.89999999966,3.998909261801421,2.7397260273972517,49479.81615463677,33899.52891519775
2019-10-18,2019,BTC Bull | Normal MVRV | Market Growth Leading,stacksats_mvrv_weight,False,sma_340d_weight,0.005198968325596563,0.0027397260273972516,7959.07999999984,5.198968325596563,2.7397260273972517,65321.222121107814,34422.647182806395
2019-10-19,2019,BTC Bull | Normal MVRV | Market Growth Leading,stacksats_mvrv_weight,False,sma_340d_weight,0.004528616082656636,0.0027397260273972516,7948.819999999449,4.528616082656636,2.7397260273972517,56972.180558333814,34467.078477024785
2019-10-20,2019,BTC Bull | Normal MVRV | Market Growth Leading,stacksats_mvrv_weight,False,sma_340d_weight,0.005478589091164992,0.0027397260273972516,8222.38999999976,5.478589091164992,2.7397260273972517,66630.12933180199,33320.31231062175
2019-10-21,2019,BTC Bull | Normal MVRV | Market Growth Leading,stacksats_mvrv_weight,False,sma_340d_weight,0.005408300167919448,0.0027397260273972516,8219.079999999507,5.408300167919448,2.7397260273972517,65801.77061081985,33333.73111585988
2019-10-22,2019,BTC Bull | Normal MVRV | Market Growth Leading,stacksats_mvrv_weight,False,sma_340d_weight,0.0033922883107788612,0.0027397260273972516,8028.369999999599,3.392288310778861,2.7397260273972517,42253.76148307852,34125.55758388551
2019-10-23,2019,BTC Bull | Normal MVRV | Market Growth Leading,stacksats_mvrv_weight,False,sma_340d_weight,0.0034841875803294886,0.0027397260273972516,7474.539999999969,3.4841875803294884,2.7397260273972517,46614.07364639835,36654.108846795425
2019-10-24,2019,BTC Bull | Normal MVRV | Market Growth Leading,stacksats_mvrv_weight,False,sma_340d_weight,0.004798553666524493,0.0027397260273972516,7430.869999999988,4.798553666524493,2.7397260273972517,64575.93345765033,36869.51901186881
2019-10-25,2019,BTC Bull | Normal MVRV | Market Growth Leading,stacksats_mvrv_weight,False,sma_340d_weight,0.011763447367096462,0.0027397260273972516,8667.83999999986,11.763447367096463,2.7397260273972517,135713.71145633346,31607.944163682027
2019-10-26,2019,BTC Bull | Normal MVRV | Market Growth Leading,stacksats_mvrv_weight,False,sma_340d_weight,0.011930452836464652,0.0027397260273972516,9249.359999999488,11.930452836464653,2.7397260273972517,128986.7929939511,29620.709188499564
2019-10-27,2019,BTC Bull | Normal MVRV | Market Growth Leading,stacksats_mvrv_weight,False,sma_340d_weight,0.0015406485716116197,0.0027397260273972516,9548.839999999509,1.5406485716116198,2.7397260273972517,16134.405557237309,28691.715720416225
2019-10-28,2019,BTC Bull | Normal MVRV | Market Growth Leading,stacksats_mvrv_weight,False,sma_340d_weight,0.0006225234235876407,0.0027397260273972516,9226.499999999469,0.6225234235876407,2.7397260273972517,6747.124300522154,29694.09881750837
2019-10-29,2019,BTC Bull | Normal MVRV | Market Growth Leading,stacksats_mvrv_weight,False,sma_340d_weight,0.00040132926235013204,0.0027397260273972516,9437.999999999849,0.40132926235013205,2.7397260273972517,4252.270209261904,29028.671618958422
2019-10-30,2019,BTC Bull | Normal MVRV | Market Growth Leading,stacksats_mvrv_weight,False,sma_340d_weight,0.0007064928911324147,0.0027397260273972516,9164.43999999956,0.7064928911324146,2.7397260273972517,7709.067778636213,29895.182110389538
2019-10-31,2019,BTC Bull | Normal MVRV | Market Growth Leading,stacksats_mvrv_weight,False,sma_340d_weight,0.0005267508433234632,0.0027397260273972516,9159.479999999892,0.5267508433234632,2.7397260273972517,5750.881527373491,29911.37081359732
2019-11-01,2019,BTC Bull | Normal MVRV | Market Growth Leading,stacksats_mvrv_weight,False,sma_340d_weight,0.0008239513104188812,0.0027397260273972516,9241.589999999891,0.8239513104188813,2.7397260273972517,8915.687781203136,29645.613226698915
2019-11-02,2019,BTC Bull | Normal MVRV | Market Growth Leading,stacksats_mvrv_weight,False,sma_340d_weight,0.0008632440541963594,0.0027397260273972516,9301.979999999816,0.8632440541963594,2.7397260273972517,9280.218342722479,29453.148979005608
2019-11-03,2019,BTC Bull | Normal MVRV | Market Growth Leading,stacksats_mvrv_weight,False,sma_340d_weight,0.0007721627066853815,0.0027397260273972516,9205.819999999861,0.7721627066853815,2.7397260273972517,8387.766724587196,29760.80378931255
2019-11-04,2019,BTC Bull | Normal MVRV | Market Growth Leading,stacksats_mvrv_weight,False,sma_340d_weight,0.0007312548989600473,0.0027397260273972516,9411.319999999798,0.7312548989600474,2.7397260273972517,7769.950431608564,29110.964534170664
2019-11-05,2019,BTC Bull | Normal MVRV | Market Growth Leading,stacksats_mvrv_weight,False,sma_340d_weight,0.0008697924005899994,0.0027397260273972516,9323.959999999663,0.8697924005899994,2.7397260273972517,9328.572844478429,29383.71708369996
2019-11-06,2019,BTC Bull | Normal MVRV | Market Growth Leading,stacksats_mvrv_weight,False,sma_340d_weight,0.0006527891806774731,0.0027397260273972516,9351.229999999838,0.652789180677473,2.7397260273972517,6980.784139385775,29298.028466814514
2019-11-07,2019,BTC Bull | Normal MVRV | Market Growth Leading,stacksats_mvrv_weight,False,sma_340d_weight,0.0007218327842108634,0.0027397260273972516,9205.75999999959,0.7218327842108634,2.7397260273972517,7841.099314026171,29760.997760069502
2019-11-08,2019,BTC Bull | Normal MVRV | Market Growth Leading,stacksats_mvrv_weight,False,sma_340d_weight,0.0007081605719338474,0.0027397260273972516,8782.689999999873,0.7081605719338474,2.7397260273972517,8063.139788992411,31194.61153014955
2019-11-09,2019,BTC Bull | Normal MVRV | Market Growth Leading,stacksats_mvrv_weight,False,sma_340d_weight,0.000899871855987391,0.0027397260273972516,8817.839999999775,0.899871855987391,2.7397260273972517,10205.127967704268,31070.262415708632
2019-11-10,2019,BTC Bull | Normal MVRV | Market Growth Leading,stacksats_mvrv_weight,False,sma_340d_weight,0.0017711394699444262,0.0027397260273972516,9036.089999999776,1.7711394699444263,2.7397260273972517,19600.728522452413,30319.817834896723
2019-11-11,2019,BTC Bull | Normal MVRV | Market Growth Leading,stacksats_mvrv_weight,False,sma_340d_weight,0.0016598775986032721,0.0027397260273972516,8709.819999999474,1.659877598603272,2.7397260273972517,19057.541930870815,31455.598708095196
2019-11-12,2019,BTC Bull | Normal MVRV | Market Growth Leading,stacksats_mvrv_weight,False,sma_340d_weight,0.0009691600596618305,0.0027397260273972516,8795.769999999793,0.9691600596618305,2.7397260273972517,11018.478878618396,31148.222695651617
2019-11-13,2019,BTC Bull | Normal MVRV | Market Growth Leading,stacksats_mvrv_weight,False,sma_340d_weight,0.0017433134450375515,0.0027397260273972516,8763.739999999554,1.7433134450375516,2.7397260273972517,19892.34556294048,31262.064225974198
2019-11-14,2019,BTC Bull | Normal MVRV | Market Growth Leading,stacksats_mvrv_weight,False,sma_340d_weight,0.0014713213182088083,0.0027397260273972516,8650.199999999997,1.4713213182088083,2.7397260273972517,17009.101734165786,31672.400954859455
2019-11-15,2019,BTC Bull | Normal MVRV | Market Growth Leading,stacksats_mvrv_weight,False,sma_340d_weight,0.0016779977672954337,0.0027397260273972516,8451.089999999718,1.6779977672954336,2.7397260273972517,19855.400513963166,32418.611414590818
2019-11-16,2019,BTC Bull | Normal MVRV | Market Growth Leading,stacksats_mvrv_weight,False,sma_340d_weight,0.0021230145353684335,0.0027397260273972516,8480.999999999973,2.1230145353684335,2.7397260273972517,25032.596808966402,32304.280478684832
2019-11-17,2019,BTC Bull | Normal MVRV | Market Growth Leading,stacksats_mvrv_weight,False,sma_340d_weight,0.0029350078412875872,0.0027397260273972516,8500.009999999449,2.9350078412875873,2.7397260273972517,34529.46339225222,32232.03299051918
2019-11-18,2019,BTC Bull | Normal MVRV | Market Growth Leading,stacksats_mvrv_weight,False,sma_340d_weight,0.002802345531891916,0.0027397260273972516,8176.569999999863,2.8023455318919157,2.7397260273972517,34272.87397884397,33507.03323517438
2019-11-19,2019,BTC Bull | Normal MVRV | Market Growth Leading,stacksats_mvrv_weight,False,sma_340d_weight,0.0027151534682726664,0.0027397260273972516,8123.639999999515,2.7151534682726663,2.7397260273972517,33422.86792955902,33725.350057331634
2019-11-20,2019,BTC Bull | Normal MVRV | Market Growth Leading,stacksats_mvrv_weight,False,sma_340d_weight,0.004834740214632079,0.0027397260273972516,8078.63999999971,4.834740214632079,2.7397260273972517,59845.96682897434,33913.20850288353
2019-11-21,2019,BTC Bull | Normal MVRV | Market Growth Leading,stacksats_mvrv_weight,False,sma_340d_weight,0.005211821208243446,0.0027397260273972516,7611.499999999693,5.211821208243446,2.7397260273972517,68472.98440837754,35994.56122180073
2019-11-22,2019,BTC Neutral | Normal MVRV | Market Growth Leading,stacksats_mvrv_weight,False,sma_340d_weight,0.005512991491851365,0.0027397260273972516,7293.909999999739,5.512991491851365,2.7397260273972517,75583.48666012555,37561.829353492845
2019-11-23,2019,BTC Neutral | Normal MVRV | Market Growth Leading,stacksats_mvrv_weight,False,sma_340d_weight,0.011953696869567007,0.0027397260273972516,7328.899999999817,11.953696869567006,2.7397260273972517,163103.56082860054,37382.49979392978
2019-11-24,2019,BTC Neutral | Normal MVRV | Market Growth Leading,stacksats_mvrv_weight,False,sma_340d_weight,0.019741192229161778,0.0027397260273972516,6958.999999999727,19.74119222916178,2.7397260273972517,283678.5778008701,39369.5362465492
2019-11-25,2019,BTC Neutral | Normal MVRV | Market Growth Leading,stacksats_mvrv_weight,False,sma_340d_weight,0.01767713709257147,0.0027397260273972516,7115.15999999947,17.67713709257147,2.7397260273972517,248443.28297006377,38505.47320646979
2019-11-26,2019,BTC Neutral | Normal MVRV | Market Growth Leading,stacksats_mvrv_weight,False,sma_340d_weight,0.03398698082551109,0.0027397260273972516,7162.179999999872,33.98698082551109,2.7397260273972517,474534.02212052327,38252.683224902205
2019-11-27,2019,BTC Neutral | Normal MVRV | Market Growth Leading,stacksats_mvrv_weight,False,sma_340d_weight,0.023064839031761458,0.0027397260273972516,7523.71999999946,23.06483903176146,2.7397260273972517,306561.63482643047,36414.51339759385
2019-11-28,2019,BTC Neutral | Normal MVRV | Market Growth Leading,stacksats_mvrv_weight,False,sma_340d_weight,0.01823761980601961,0.0027397260273972516,7438.639999999647,18.23761980601961,2.7397260273972517,245174.11524177098,36831.007111479805
2019-11-29,2019,BTC Bull | Normal MVRV | Market Growth Leading,stacksats_mvrv_weight,False,sma_340d_weight,0.0097449993985147,0.0027397260273972516,7751.309999999828,9.744999398514699,2.7397260273972517,125720.67687287589,35345.329078533985
2019-11-30,2019,BTC Neutral | Normal MVRV | Market Growth Leading,stacksats_mvrv_weight,False,sma_340d_weight,0.01153713592740229,0.0027397260273972516,7547.519999999842,11.537135927402291,2.7397260273972517,152859.95833601675,36299.68555760447
2019-12-01,2019,BTC Neutral | Normal MVRV | Market Growth Leading,stacksats_mvrv_weight,False,sma_340d_weight,0.006363648564217974,0.0027397260273972516,7402.509999999908,6.363648564217974,2.7397260273972517,85966.09209873479,37010.7710411372
2019-12-02,2019,BTC Neutral | Normal MVRV | Market Growth Leading,stacksats_mvrv_weight,False,sma_340d_weight,0.008970750783895951,0.0027397260273972516,7316.979999999464,8.970750783895951,2.7397260273972517,122601.82184311845,37443.39915371441
2019-12-03,2019,BTC Neutral | Normal MVRV | Market Growth Leading,stacksats_mvrv_weight,False,sma_340d_weight,0.011479165397314129,0.0027397260273972516,7307.509999999772,11.479165397314128,2.7397260273972517,157087.23487637358,37491.923068149576
2019-12-04,2019,BTC Neutral | Normal MVRV | Market Growth Leading,stacksats_mvrv_weight,False,sma_340d_weight,0.013261633312876933,0.0027397260273972516,7192.169999999648,13.261633312876933,2.7397260273972517,184389.87555741286,38093.176710191576
2019-12-05,2019,BTC Neutral | Normal MVRV | Market Growth Leading,stacksats_mvrv_weight,False,sma_340d_weight,0.013002765877126373,0.0027397260273972516,7388.289999999867,13.002765877126373,2.7397260273972517,175991.54712560834,37082.00446107693
2019-12-06,2019,BTC Neutral | Normal MVRV | Market Growth Leading,stacksats_mvrv_weight,False,sma_340d_weight,0.0152749763231173,0.0027397260273972516,7551.089999999941,15.274976323117299,2.7397260273972517,202288.36264853706,36282.523813082254
2019-12-07,2019,BTC Neutral | Normal MVRV | Market Growth Leading,stacksats_mvrv_weight,False,sma_340d_weight,0.010468809489434077,0.0027397260273972516,7507.009999999967,10.468809489434078,2.7397260273972517,139453.78372260227,36495.56917330953
2019-12-08,2019,BTC Neutral | Normal MVRV | Market Growth Leading,stacksats_mvrv_weight,False,sma_340d_weight,0.007809694764441842,0.0027397260273972516,7524.469999999697,7.809694764441842,2.7397260273972517,103790.629299368,36410.883788457686
2019-12-09,2019,BTC Neutral | Normal MVRV | Market Growth Leading,stacksats_mvrv_weight,False,sma_340d_weight,0.008300332648470361,0.0027397260273972516,7349.259999999973,8.300332648470361,2.7397260273972517,112941.06683489755,37278.93729977252
2019-12-10,2019,BTC Neutral | Normal MVRV | Market Growth Leading,stacksats_mvrv_weight,False,sma_340d_weight,0.007922327139726383,0.0027397260273972516,7227.099999999993,7.9223271397263835,2.7397260273972517,109619.7249204576,37909.06487245582
2019-12-11,2019,BTC Neutral | Normal MVRV | Market Growth Leading,stacksats_mvrv_weight,False,sma_340d_weight,0.008606992381218499,0.0027397260273972516,7197.259999999666,8.606992381218499,2.7397260273972517,119587.070374266,38066.23669837381
2019-12-12,2019,BTC Neutral | Normal MVRV | Market Growth Leading,stacksats_mvrv_weight,False,sma_340d_weight,7.427133018484059e-06,0.0027397260273972516,7199.999999999572,0.007427133018484059,2.7397260273972517,103.15462525672918,38051.75038051965
2019-12-13,2019,BTC Neutral | Normal MVRV | Market Growth Leading,stacksats_mvrv_weight,False,sma_340d_weight,7.427133018483978e-06,0.0027397260273972516,7247.719999999913,0.007427133018483978,2.7397260273972517,102.47544080737208,37801.21234536219
2019-12-14,2019,BTC Neutral | Normal MVRV | Market Growth Leading,stacksats_mvrv_weight,False,sma_340d_weight,7.427133018483978e-06,0.0027397260273972516,7064.139999999665,0.007427133018483978,2.7397260273972517,105.13853092498634,38783.57489230652
2019-12-15,2019,BTC Recovery | Normal MVRV | Market Growth Leading,sma_340d_weight,True,sma_340d_weight,7.427133018483978e-06,0.0027397260273972516,7111.84999999961,0.007427133018483978,2.7397260273972517,104.43320680954162,38523.39443882256
2019-12-16,2019,BTC Neutral | Normal MVRV | Market Growth Leading,stacksats_mvrv_weight,False,sma_340d_weight,0.002835178181367554,0.0027397260273972516,6883.289999999722,2.835178181367554,2.7397260273972517,41189.288572291276,39802.56574105351
2019-12-17,2019,BTC Neutral | Normal MVRV | Market Growth Leading,stacksats_mvrv_weight,False,sma_340d_weight,7.427133018483978e-06,0.0027397260273972516,6609.479999999962,0.007427133018483978,2.7397260273972517,112.37091296870587,41451.46104379267
2019-12-18,2019,BTC Neutral | Normal MVRV | Market Growth Leading,stacksats_mvrv_weight,False,sma_340d_weight,7.427133018483978e-06,0.0027397260273972516,7292.419999999951,0.007427133018483978,2.7397260273972517,101.84730197224005,37569.50405211535
2019-12-19,2019,BTC Neutral | Normal MVRV | Market Growth Leading,stacksats_mvrv_weight,False,sma_340d_weight,7.427133018483978e-06,0.0027397260273972516,7141.1799999995,0.007427133018483978,2.7397260273972517,104.00428246430559,38365.17252607333
2019-12-20,2019,BTC Neutral | Normal MVRV | Market Growth Leading,stacksats_mvrv_weight,False,sma_340d_weight,7.427133018483978e-06,0.0027397260273972516,7189.429999999808,0.007427133018483978,2.7397260273972517,103.30628462178748,38107.69459327547
2019-12-21,2019,BTC Neutral | Normal MVRV | Market Growth Leading,stacksats_mvrv_weight,False,sma_340d_weight,7.427133018483988e-06,0.0027397260273972516,7143.009999999818,0.0074271330184839885,2.7397260273972517,103.97763713734375,38355.343579209904
2019-12-22,2019,BTC Recovery | Normal MVRV | Market Growth Leading,sma_340d_weight,True,sma_340d_weight,7.427133018483978e-06,0.0027397260273972516,7517.059999999753,0.007427133018483978,2.7397260273972517,98.80369477540717,36446.776098598944
2019-12-23,2019,BTC Recovery | Normal MVRV | Market Growth Leading,sma_340d_weight,True,sma_340d_weight,0.002657943583057246,0.0027397260273972516,7319.199999999511,2.657943583057246,2.7397260273972517,36314.673503353144,37432.042127519875
2019-12-24,2019,BTC Neutral | Normal MVRV | Market Growth Leading,stacksats_mvrv_weight,False,sma_340d_weight,0.002767680564614947,0.0027397260273972516,7233.009999999622,2.767680564614947,2.7397260273972517,38264.57539274924,37878.08986020198
2019-12-25,2019,BTC Neutral | Normal MVRV | Market Growth Leading,stacksats_mvrv_weight,False,sma_340d_weight,7.427133018483978e-06,0.0027397260273972516,7192.109999999928,0.007427133018483978,2.7397260273972517,103.26778954276357,38093.49450157574
2019-12-26,2019,BTC Neutral | Normal MVRV | Market Growth Leading,stacksats_mvrv_weight,False,sma_340d_weight,7.427133018483978e-06,0.0027397260273972516,7199.999999999602,0.007427133018483978,2.7397260273972517,103.15462525672763,38051.750380519494
2019-12-27,2019,BTC Neutral | Normal MVRV | Market Growth Leading,stacksats_mvrv_weight,False,sma_340d_weight,7.427133018483983e-06,0.0027397260273972516,7240.9999999997035,0.007427133018483983,2.7397260273972517,102.57054299798769,37836.293708014964
2019-12-28,2019,BTC Neutral | Normal MVRV | Market Growth Leading,stacksats_mvrv_weight,False,sma_340d_weight,7.427133018483978e-06,0.0027397260273972516,7301.199999999794,0.007427133018483978,2.7397260273972517,101.72482630915724,37524.32514377539
2019-12-29,2019,BTC Neutral | Normal MVRV | Market Growth Leading,stacksats_mvrv_weight,False,sma_340d_weight,7.427133018483978e-06,0.0027397260273972516,7381.899999999957,0.007427133018483978,2.7397260273972517,100.61275577404221,37114.103786251064
2019-12-30,2019,BTC Neutral | Normal MVRV | Market Growth Leading,stacksats_mvrv_weight,False,sma_340d_weight,7.427133018483981e-06,0.0027397260273972516,7219.529999999699,0.007427133018483981,2.7397260273972517,102.87557525883666,37948.81422194195
2019-12-31,2019,BTC Neutral | Normal MVRV | Market Growth Leading,stacksats_mvrv_weight,False,sma_340d_weight,7.42713301848398e-06,0.00273972602740076,7160.829999999699,0.00742713301848398,2.73972602740076,103.71888480084422,38259.89483622534
2020-01-02,2020,BTC Neutral | Normal MVRV | Market Growth Leading,stacksats_mvrv_weight,False,sma_340d_weight,0.0023441471881642164,0.0027397260273972516,6949.219999999743,2.344147188164216,2.7397260273972517,33732.52232861102,39424.94304968548
2020-01-03,2020,BTC Recovery | Normal MVRV | Market Growth Leading,sma_340d_weight,True,sma_340d_weight,0.0023441471881642134,0.0027397260273972516,7334.449999999721,2.3441471881642135,2.7397260273972517,31960.776720330807,37354.21234581129
2020-01-04,2020,BTC Recovery | Normal MVRV | Market Growth Leading,sma_340d_weight,True,sma_340d_weight,0.00348798243133599,0.0027397260273972516,7347.499999999797,3.48798243133599,2.7397260273972517,47471.69011685725,37287.86699417934
2020-01-05,2020,BTC Recovery | Normal MVRV | Market Growth Leading,sma_340d_weight,True,sma_340d_weight,0.0034867481887056063,0.0027397260273972516,7340.869999999827,3.486748188705606,2.7397260273972517,47497.7514750389,37321.54400496557
2020-01-06,2020,BTC Neutral | Normal MVRV | Market Growth Leading,stacksats_mvrv_weight,False,sma_340d_weight,0.0034979993028655633,0.0027397260273972516,7778.999999999813,3.4979993028655634,2.7397260273972517,44967.210475197935,35219.51442855531
2020-01-07,2020,BTC Bull | Normal MVRV | Market Growth Leading,stacksats_mvrv_weight,False,sma_340d_weight,0.0023441471881642134,0.0027397260273972516,8158.519999999709,2.3441471881642135,2.7397260273972517,28732.50526032046,33581.16456658008
2020-01-08,2020,BTC Neutral | Normal MVRV | Market Growth Leading,stacksats_mvrv_weight,False,sma_340d_weight,0.002344147188164214,0.0027397260273972516,8033.249999999657,2.344147188164214,2.7397260273972517,29180.55815721301,34104.82715460577
2020-01-09,2020,BTC Neutral | Normal MVRV | Market Growth Leading,stacksats_mvrv_weight,False,sma_340d_weight,0.002344147188164214,0.0027397260273972516,7814.369999999925,2.344147188164214,2.7397260273972517,29997.903710270137,35060.101164870335
2020-01-10,2020,BTC Bull | Normal MVRV | Market Growth Leading,stacksats_mvrv_weight,False,sma_340d_weight,0.002344147188164214,0.0027397260273972516,8169.999999999977,2.344147188164214,2.7397260273972517,28692.132046073693,33533.97830351602
2020-01-11,2020,BTC Neutral | Normal MVRV | Market Growth Leading,stacksats_mvrv_weight,False,sma_340d_weight,0.002344147188164214,0.0027397260273972516,8023.729999999963,2.344147188164214,2.7397260273972517,29215.180323418466,34145.29187045507
2020-01-12,2020,BTC Neutral | Normal MVRV | Market Growth Leading,stacksats_mvrv_weight,False,sma_340d_weight,0.002344147188164214,0.0027397260273972516,8172.269999999736,2.344147188164214,2.7397260273972517,28684.162272713576,33524.66361729777
2020-01-13,2020,BTC Neutral | Normal MVRV | Market Growth Leading,stacksats_mvrv_weight,False,sma_340d_weight,0.002344147188164214,0.0027397260273972516,8123.0099999999165,2.344147188164214,2.7397260273972517,28858.1103330445,33727.96570972189
2020-01-14,2020,BTC Bull | Normal MVRV | Market Growth Leading,stacksats_mvrv_weight,False,sma_340d_weight,0.002344147188164214,0.0027397260273972516,8869.349999999808,2.344147188164214,2.7397260273972517,26429.751764946304,30889.81748828619
2020-01-15,2020,BTC Bull | Normal MVRV | Market Growth Leading,stacksats_mvrv_weight,False,sma_340d_weight,0.0023441471881642134,0.0027397260273972516,8815.669999999782,2.3441471881642135,2.7397260273972517,26590.68667684103,31077.910441263335
2020-01-16,2020,BTC Bull | Normal MVRV | Market Growth Leading,stacksats_mvrv_weight,False,sma_340d_weight,0.0023441471881642134,0.0027397260273972516,8714.98999999987,2.3441471881642135,2.7397260273972517,26897.875822740454,31436.93827987516
2020-01-17,2020,BTC Bull | Normal MVRV | Market Growth Leading,stacksats_mvrv_weight,False,sma_340d_weight,0.002344147188164213,0.0027397260273972516,8908.13999999957,2.344147188164213,2.7397260273972517,26314.664881381817,30755.309496678135
2020-01-18,2020,BTC Bull | Normal MVRV | Market Growth Leading,stacksats_mvrv_weight,False,sma_340d_weight,0.002344147188164213,0.0027397260273972516,8917.839999999758,2.344147188164213,2.7397260273972517,26286.042227313752,30721.856720880012
2020-01-19,2020,BTC Bull | Normal MVRV | Market Growth Leading,stacksats_mvrv_weight,False,sma_340d_weight,0.002344147188164213,0.0027397260273972516,8690.999999999894,2.344147188164213,2.7397260273972517,26972.122749559792,31523.714502327522
2020-01-20,2020,BTC Bull | Normal MVRV | Market Growth Leading,stacksats_mvrv_weight,False,sma_340d_weight,0.0023441471881642125,0.0027397260273972516,8630.82999999946,2.3441471881642126,2.7397260273972517,27160.159430371812,31743.482693986825
2020-01-21,2020,BTC Bull | Normal MVRV | Market Growth Leading,stacksats_mvrv_weight,False,sma_340d_weight,0.0023441471881642125,0.0027397260273972516,8725.479999999561,2.3441471881642126,2.7397260273972517,26865.538493748543,31399.143971419217
2020-01-22,2020,BTC Bull | Normal MVRV | Market Growth Leading,stacksats_mvrv_weight,False,sma_340d_weight,0.0023441471881642125,0.0027397260273972516,8655.759999999898,2.3441471881642126,2.7397260273972517,27081.93374312874,31652.05628849788
2020-01-23,2020,BTC Bull | Normal MVRV | Market Growth Leading,stacksats_mvrv_weight,False,sma_340d_weight,0.0023441471881642125,0.0027397260273972516,8371.48999999966,2.3441471881642126,2.7397260273972517,28001.552748248017,32726.86257043087
2020-01-24,2020,BTC Bull | Normal MVRV | Market Growth Leading,stacksats_mvrv_weight,False,sma_340d_weight,0.0023441471881642125,0.0027397260273972516,8427.97999999954,2.3441471881642126,2.7397260273972517,27813.867476718508,32507.505088970327
2020-01-25,2020,BTC Neutral | Normal MVRV | Market Growth Leading,stacksats_mvrv_weight,False,sma_340d_weight,0.0023441471881642125,0.0027397260273972516,8333.71999999964,2.3441471881642126,2.7397260273972517,28128.46109737685,32875.18692009535
2020-01-26,2020,BTC Bull | Normal MVRV | Market Growth Leading,stacksats_mvrv_weight,False,sma_340d_weight,0.0023441471881642125,0.0027397260273972516,8586.71999999973,2.3441471881642126,2.7397260273972517,27299.681230601283,31906.549036155106
2020-01-27,2020,BTC Bull | Normal MVRV | Market Growth Leading,stacksats_mvrv_weight,False,sma_340d_weight,0.0023441471881642125,0.0027397260273972516,8932.249999999489,2.3441471881642126,2.7397260273972517,26243.63612935539,30672.294521508113
2020-01-28,2020,BTC Bull | Normal MVRV | Market Growth Leading,stacksats_mvrv_weight,False,sma_340d_weight,0.0023441471881642125,0.0027397260273972516,9359.27999999972,2.3441471881642126,2.7397260273972517,25046.234199257662,29272.82897185824
2020-01-29,2020,BTC Bull | Normal MVRV | Market Growth Leading,stacksats_mvrv_weight,False,sma_340d_weight,0.0023441471881642125,0.0027397260273972516,9287.779999999697,2.3441471881642126,2.7397260273972517,25239.047309090965,29498.17962308906
2020-01-30,2020,BTC Bull | Normal MVRV | Market Growth Leading,stacksats_mvrv_weight,False,sma_340d_weight,0.002344147188164212,0.0027397260273972516,9484.559999999457,2.344147188164212,2.7397260273972517,24715.40259289146,28886.1689672205
2020-01-31,2020,BTC Bull | Normal MVRV | Market Growth Leading,stacksats_mvrv_weight,False,sma_340d_weight,0.002344147188164212,0.0027397260273972516,9347.929999999567,2.344147188164212,2.7397260273972517,25076.644649289425,29308.371237240528
2020-02-01,2020,BTC Bull | Normal MVRV | Market Growth Leading,stacksats_mvrv_weight,False,sma_340d_weight,0.002344147188164212,0.0027397260273972516,9382.919999999613,2.344147188164212,2.7397260273972517,24983.130924747406,29199.076912063247
2020-02-02,2020,BTC Bull | Normal MVRV | Market Growth Leading,stacksats_mvrv_weight,False,sma_340d_weight,0.002344147188164212,0.0027397260273972516,9327.009999999647,2.344147188164212,2.7397260273972517,25132.890263485308,29374.108394837735
2020-02-03,2020,BTC Bull | Normal MVRV | Market Growth Leading,stacksats_mvrv_weight,False,sma_340d_weight,0.002344147188164212,0.0027397260273972516,9287.019999999453,2.344147188164212,2.7397260273972517,25241.11273760959,29500.59359619569
2020-02-04,2020,BTC Bull | Normal MVRV | Market Growth Leading,stacksats_mvrv_weight,False,sma_340d_weight,0.002344147188164212,0.0027397260273972516,9163.139999999708,2.344147188164212,2.7397260273972517,25582.35701041659,29899.423422509524
2020-02-05,2020,BTC Bull | Normal MVRV | Market Growth Leading,stacksats_mvrv_weight,False,sma_340d_weight,0.002344147188164212,0.0027397260273972516,9607.00999999993,2.344147188164212,2.7397260273972517,24400.382514062436,28517.98871238056
2020-02-06,2020,BTC Bull | Normal MVRV | Market Growth Leading,stacksats_mvrv_weight,False,sma_340d_weight,0.002344147188164212,0.0027397260273972516,9750.869999999686,2.344147188164212,2.7397260273972517,24040.390120720385,28097.24698819018
2020-02-07,2020,BTC Bull | Normal MVRV | Market Growth Leading,stacksats_mvrv_weight,False,sma_340d_weight,0.002344147188164212,0.0027397260273972516,9799.569999999801,2.344147188164212,2.7397260273972517,23920.918858319903,27957.614746333842
2020-02-08,2020,BTC Bull | Normal MVRV | Market Growth Leading,stacksats_mvrv_weight,False,sma_340d_weight,0.002344147188164212,0.0027397260273972516,9905.639999999481,2.344147188164212,2.7397260273972517,23664.772676619934,27658.243459255486
2020-02-09,2020,BTC Bull | Normal MVRV | Market Growth Leading,stacksats_mvrv_weight,False,sma_340d_weight,0.002344147188164212,0.0027397260273972516,10168.349999999464,2.344147188164212,2.7397260273972517,23053.36842422159,26943.663695657568
2020-02-10,2020,BTC Bull | Normal MVRV | Market Growth Leading,stacksats_mvrv_weight,False,sma_340d_weight,0.002344147188164212,0.0027397260273972516,9864.669999999756,2.344147188164212,2.7397260273972517,23763.057336578622,27773.113823344516
2020-02-11,2020,BTC Bull | Normal MVRV | Market Growth Leading,stacksats_mvrv_weight,False,sma_340d_weight,0.002344147188164212,0.0027397260273972516,10284.639999999541,2.344147188164212,2.7397260273972517,22792.700455867358,26639.007562708797
2020-02-12,2020,BTC Bull | Normal MVRV | Market Growth Leading,stacksats_mvrv_weight,False,sma_340d_weight,0.002344147188164212,0.0027397260273972516,10350.009999999947,2.344147188164212,2.7397260273972517,22648.74322019229,26470.757297792617
2020-02-13,2020,BTC Bull | Normal MVRV | Market Growth Leading,stacksats_mvrv_weight,False,sma_340d_weight,0.002344147188164212,0.0027397260273972516,10244.999999999693,2.344147188164212,2.7397260273972517,22880.89007480998,26742.079330379052
2020-02-14,2020,BTC Bull | Normal MVRV | Market Growth Leading,stacksats_mvrv_weight,False,sma_340d_weight,0.002344147188164212,0.0027397260273972516,10371.319999999949,2.344147188164212,2.7397260273972517,22602.206740937738,26416.36770823063
2020-02-15,2020,BTC Bull | Normal MVRV | Market Growth Leading,stacksats_mvrv_weight,False,sma_340d_weight,0.002344147188164212,0.0027397260273972516,9896.989999999672,2.344147188164212,2.7397260273972517,23685.455761441506,27682.416849944704
2020-02-16,2020,BTC Bull | Normal MVRV | Market Growth Leading,stacksats_mvrv_weight,False,sma_340d_weight,0.002344147188164212,0.0027397260273972516,9908.669999999576,2.344147188164212,2.7397260273972517,23657.536159386804,27649.785767387235
2020-02-17,2020,BTC Bull | Normal MVRV | Market Growth Leading,stacksats_mvrv_weight,False,sma_340d_weight,0.002344147188164212,0.0027397260273972516,9703.489999999634,2.344147188164212,2.7397260273972517,24157.774039693973,28234.439643853446
2020-02-18,2020,BTC Bull | Normal MVRV | Market Growth Leading,stacksats_mvrv_weight,False,sma_340d_weight,0.002344147188164212,0.0027397260273972516,10173.709999999646,2.344147188164212,2.7397260273972517,23041.222800377578,26929.468477058486
2020-02-19,2020,BTC Bull | Normal MVRV | Market Growth Leading,stacksats_mvrv_weight,False,sma_340d_weight,0.0023441471881642125,0.0027397260273972516,9615.709999999683,2.3441471881642126,2.7397260273972517,24378.305795040513,28492.186509340878
2020-02-20,2020,BTC Bull | Normal MVRV | Market Growth Leading,stacksats_mvrv_weight,False,sma_340d_weight,0.002344147188164213,0.0027397260273972516,9619.989999999969,2.344147188164213,2.7397260273972517,24367.45971840117,28479.51013875545
2020-02-21,2020,BTC Bull | Normal MVRV | Market Growth Leading,stacksats_mvrv_weight,False,sma_340d_weight,0.002344147188164213,0.0027397260273972516,9721.36999999973,2.344147188164213,2.7397260273972517,24113.341927776415,28182.50953720852
2020-02-22,2020,BTC Bull | Normal MVRV | Market Growth Leading,stacksats_mvrv_weight,False,sma_340d_weight,0.0023441471881642134,0.0027397260273972516,9668.229999999525,2.3441471881642135,2.7397260273972517,24245.877354638116,28337.410543578157
2020-02-23,2020,BTC Bull | Normal MVRV | Market Growth Leading,stacksats_mvrv_weight,False,sma_340d_weight,0.0023441471881642134,0.0027397260273972516,9983.469999999654,2.3441471881642135,2.7397260273972517,23480.284792404793,27442.62292967622
2020-02-24,2020,BTC Bull | Normal MVRV | Market Growth Leading,stacksats_mvrv_weight,False,sma_340d_weight,0.002344147188164214,0.0027397260273972516,9659.99999999999,2.344147188164214,2.7397260273972517,24266.534038967042,28361.553078646528
2020-02-25,2020,BTC Bull | Normal MVRV | Market Growth Leading,stacksats_mvrv_weight,False,sma_340d_weight,0.002344147188164214,0.0027397260273972516,9335.969999999556,2.344147188164214,2.7397260273972517,25108.769502947478,29345.917214787347
2020-02-26,2020,BTC Neutral | Normal MVRV | Market Growth Leading,stacksats_mvrv_weight,False,sma_340d_weight,0.002344147188164214,0.0027397260273972516,8808.499999999816,2.344147188164214,2.7397260273972517,26612.33113656426,31103.207440509832
2020-02-27,2020,BTC Neutral | Normal MVRV | Market Growth Leading,stacksats_mvrv_weight,False,sma_340d_weight,0.002344147188164214,0.0027397260273972516,8781.489999999854,2.344147188164214,2.7397260273972517,26694.18502058595,31198.874307176768
2020-02-28,2020,BTC Neutral | Normal MVRV | Market Growth Leading,stacksats_mvrv_weight,False,sma_340d_weight,0.002344147188164214,0.0027397260273972516,8714.979999999754,2.344147188164214,2.7397260273972517,26897.9066866967,31436.974352176698
2020-02-29,2020,BTC Neutral | Normal MVRV | Market Growth Leading,stacksats_mvrv_weight,False,sma_340d_weight,0.0023441471881642147,0.0027397260273972516,8556.669999999745,2.344147188164215,2.7397260273972517,27395.554440737866,32018.601014148415
2020-03-01,2020,BTC Neutral | Normal MVRV | Market Growth Leading,stacksats_mvrv_weight,False,sma_340d_weight,0.0023441471881642147,0.0027397260273972516,8539.669999999838,2.344147188164215,2.7397260273972517,27450.091024176105,32082.340739130475
2020-03-02,2020,BTC Neutral | Normal MVRV | Market Growth Leading,stacksats_mvrv_weight,False,sma_340d_weight,0.0023441471881642147,0.0027397260273972516,8897.759999999691,2.344147188164215,2.7397260273972517,26345.36319438034,30791.188202394165
2020-03-03,2020,BTC Neutral | Normal MVRV | Market Growth Leading,stacksats_mvrv_weight,False,sma_340d_weight,0.0023441471881642147,0.0027397260273972516,8767.549999999816,2.344147188164215,2.7397260273972517,26736.627543204933,31248.479077932934
2020-03-04,2020,BTC Neutral | Normal MVRV | Market Growth Leading,stacksats_mvrv_weight,False,sma_340d_weight,0.0023441471881642147,0.0027397260273972516,8760.659999999578,2.344147188164215,2.7397260273972517,26757.65511005253,31273.055082578067
2020-03-05,2020,BTC Neutral | Normal MVRV | Market Growth Leading,stacksats_mvrv_weight,False,sma_340d_weight,0.0023441471881642155,0.0027397260273972516,9046.91999999983,2.3441471881642157,2.7397260273972517,25910.997203073086,30283.52220863347
2020-03-06,2020,BTC Bull | Normal MVRV | Market Growth Leading,stacksats_mvrv_weight,False,sma_340d_weight,0.0023441471881642155,0.0027397260273972516,9158.719999999566,2.3441471881642157,2.7397260273972517,25594.70306073695,29913.85288989489
2020-03-07,2020,BTC Neutral | Normal MVRV | Market Growth Leading,stacksats_mvrv_weight,False,sma_340d_weight,0.0023441471881642155,0.0027397260273972516,8906.759999999907,2.3441471881642157,2.7397260273972517,26318.742035984356,30760.074678079123
2020-03-08,2020,BTC Neutral | Normal MVRV | Market Growth Leading,stacksats_mvrv_weight,False,sma_340d_weight,0.0023441471881642155,0.0027397260273972516,8029.999999999858,2.3441471881642157,2.7397260273972517,29192.36847028963,34118.6304781731
2020-03-09,2020,BTC Neutral | Normal MVRV | Market Growth Leading,stacksats_mvrv_weight,False,sma_340d_weight,0.0023441471881642155,0.0027397260273972516,7934.97999999979,2.3441471881642157,2.7397260273972517,29541.941985540954,34527.195120810946
2020-03-10,2020,BTC Neutral | Normal MVRV | Market Growth Leading,stacksats_mvrv_weight,False,sma_340d_weight,0.0023441471881642155,0.0027397260273972516,7891.579999999478,2.3441471881642157,2.7397260273972517,29704.4088530354,34717.078549510145
2020-03-11,2020,BTC Neutral | Normal MVRV | Market Growth Leading,stacksats_mvrv_weight,False,sma_340d_weight,0.002344147188164216,0.0027397260273972516,7947.949999999966,2.3441471881642157,2.7397260273972517,29493.733455346668,34470.85131885912
2020-03-12,2020,BTC Bear | Low MVRV | Realized Growth Leading,sma_340d_weight,False,sma_340d_weight,0.002344147188164216,0.0027397260273972516,4809.929999999982,2.3441471881642157,2.7397260273972517,48735.57802637927,56959.79000520302
2020-03-13,2020,BTC Neutral | Normal MVRV | Market Growth Leading,stacksats_mvrv_weight,False,sma_340d_weight,0.005468000338716381,0.0027397260273972516,5645.459999999788,5.468000338716381,2.7397260273972517,96856.59518828556,48529.72171262137
2020-03-14,2020,BTC Bear | Low MVRV | Market Growth Leading,sma_340d_weight,True,sma_340d_weight,0.002344147188164216,0.0027397260273972516,5124.269999999686,2.3441471881642157,2.7397260273972517,45745.973341848876,53465.68442719489
2020-03-15,2020,BTC Neutral | Low MVRV | Market Growth Leading,sma_340d_weight,True,sma_340d_weight,0.005290583413754997,0.0027397260273972516,5371.569999999803,5.290583413754997,2.7397260273972517,98492.31069790007,51004.19481450213
2020-03-16,2020,BTC Bear | Low MVRV | Realized Growth Leading,sma_340d_weight,False,sma_340d_weight,0.005150868201950289,0.0027397260273972516,5018.71999999968,5.150868201950289,2.7397260273972517,102633.1056913041,54590.13508220076
2020-03-17,2020,BTC Neutral | Low MVRV | Market Growth Leading,sma_340d_weight,True,sma_340d_weight,0.005350262001151413,0.0027397260273972516,5331.709999999656,5.350262001151413,2.7397260273972517,100347.95593068186,51385.50347632239
2020-03-18,2020,BTC Neutral | Low MVRV | Market Growth Leading,sma_340d_weight,True,sma_340d_weight,0.005173613581482453,0.0027397260273972516,5418.999999999715,5.173613581482453,2.7397260273972517,95471.73983175354,50557.778693437824
2020-03-19,2020,BTC Neutral | Normal MVRV | Market Growth Leading,stacksats_mvrv_weight,False,sma_340d_weight,0.005124637286894693,0.0027397260273972516,6191.589999999854,5.124637286894694,2.7397260273972517,82767.71050561835,44249.15130680999
2020-03-20,2020,BTC Neutral | Normal MVRV | Market Growth Leading,stacksats_mvrv_weight,False,sma_340d_weight,0.0023441471881642164,0.0027397260273972516,6138.769999999828,2.344147188164216,2.7397260273972517,38185.942593781525,44629.885586156975
2020-03-21,2020,BTC Neutral | Normal MVRV | Market Growth Leading,stacksats_mvrv_weight,False,sma_340d_weight,0.0023441471881642164,0.0027397260273972516,6180.8599999996995,2.344147188164216,2.7397260273972517,37925.90655935145,44325.96802706071
2020-03-22,2020,BTC Neutral | Normal MVRV | Market Growth Leading,stacksats_mvrv_weight,False,sma_340d_weight,0.0023441471881642164,0.0027397260273972516,5821.569999999812,2.344147188164216,2.7397260273972517,40266.58080490815,47061.63504685746
2020-03-23,2020,BTC Neutral | Normal MVRV | Market Growth Leading,stacksats_mvrv_weight,False,sma_340d_weight,0.0023441471881642164,0.0027397260273972516,6482.489999999524,2.344147188164216,2.7397260273972517,36161.215646524535,42263.4825105392
2020-03-24,2020,BTC Neutral | Normal MVRV | Market Growth Leading,stacksats_mvrv_weight,False,sma_340d_weight,0.0023441471881642173,0.0027397260273972516,6758.709999999711,2.344147188164217,2.7397260273972517,34683.35212140064,40536.22699298192
2020-03-25,2020,BTC Neutral | Normal MVRV | Market Growth Leading,stacksats_mvrv_weight,False,sma_340d_weight,0.0023441471881642173,0.0027397260273972516,6689.999999999486,2.344147188164217,2.7397260273972517,35039.56932981162,40952.55646334024
2020-03-26,2020,BTC Neutral | Normal MVRV | Market Growth Leading,stacksats_mvrv_weight,False,sma_340d_weight,0.0023441471881642173,0.0027397260273972516,6760.449999999871,2.344147188164217,2.7397260273972517,34674.425343938085,40525.793806585425
2020-03-27,2020,BTC Neutral | Normal MVRV | Market Growth Leading,stacksats_mvrv_weight,False,sma_340d_weight,0.0023441471881642173,0.0027397260273972516,6372.359999999811,2.344147188164217,2.7397260273972517,36786.17008713077,42993.89907973392
2020-03-28,2020,BTC Neutral | Normal MVRV | Market Growth Leading,stacksats_mvrv_weight,False,sma_340d_weight,0.0023441471881642173,0.0027397260273972516,6259.469999999996,2.344147188164217,2.7397260273972517,37449.61135949559,43769.29719923977
2020-03-29,2020,BTC Neutral | Normal MVRV | Market Growth Leading,stacksats_mvrv_weight,False,sma_340d_weight,0.0023441471881642173,0.0027397260273972516,5884.539999999895,2.344147188164217,2.7397260273972517,39835.69128877124,46558.0321893861
2020-03-30,2020,BTC Neutral | Normal MVRV | Market Growth Leading,stacksats_mvrv_weight,False,sma_340d_weight,0.0023441471881642173,0.0027397260273972516,6431.759999999812,2.344147188164217,2.7397260273972517,36446.43438443421,42596.83239731165
2020-03-31,2020,BTC Neutral | Normal MVRV | Market Growth Leading,stacksats_mvrv_weight,False,sma_340d_weight,0.0023441471881642173,0.0027397260273972516,6445.259999999716,2.344147188164217,2.7397260273972517,36370.09504914186,42507.610668884925
2020-04-01,2020,BTC Neutral | Normal MVRV | Market Growth Leading,stacksats_mvrv_weight,False,sma_340d_weight,0.0023441471881642173,0.0027397260273972516,6651.719999999832,2.344147188164217,2.7397260273972517,35241.21863464301,41188.234432557605
2020-04-02,2020,BTC Recovery | Normal MVRV | Market Growth Leading,sma_340d_weight,True,sma_340d_weight,0.0023441471881642173,0.0027397260273972516,6830.0099999995045,2.344147188164217,2.7397260273972517,34321.2848614334,40113.06026488175
2020-04-03,2020,BTC Recovery | Normal MVRV | Market Growth Leading,sma_340d_weight,True,sma_340d_weight,0.004349464142887663,0.0027397260273972516,6744.52999999989,4.349464142887663,2.7397260273972517,64488.76560542742,40621.45216045145
2020-04-04,2020,BTC Recovery | Normal MVRV | Market Growth Leading,sma_340d_weight,True,sma_340d_weight,0.004399523911236714,0.0027397260273972516,6845.6499999997,4.399523911236714,2.7397260273972517,64267.43861045929,40021.41545941396
2020-04-05,2020,BTC Recovery | Normal MVRV | Market Growth Leading,sma_340d_weight,True,sma_340d_weight,0.004344779594795717,0.0027397260273972516,6778.249999999865,4.344779594795717,2.7397260273972517,64098.839594228644,40419.371185738295
2020-04-06,2020,BTC Recovery | Normal MVRV | Market Growth Leading,sma_340d_weight,True,sma_340d_weight,0.004384480662703528,0.0027397260273972516,7285.929999999866,4.3844806627035275,2.7397260273972517,60177.3646288615,37602.969386163495
2020-04-07,2020,BTC Recovery | Normal MVRV | Market Growth Leading,sma_340d_weight,True,sma_340d_weight,0.0041022850759193695,0.0027397260273972516,7206.659999999777,4.10228507591937,2.7397260273972517,56923.527347196854,38016.58503935715
2020-04-08,2020,BTC Recovery | Normal MVRV | Market Growth Leading,sma_340d_weight,True,sma_340d_weight,0.004148824323133545,0.0027397260273972516,7365.999999999537,4.148824323133545,2.7397260273972517,56323.979407192586,37194.21704313635
2020-04-09,2020,BTC Recovery | Normal MVRV | Market Growth Leading,sma_340d_weight,True,sma_340d_weight,0.004061746700558332,0.0027397260273972516,7304.09999999956,4.061746700558332,2.7397260273972517,55609.13323419143,37509.42658777148
2020-04-10,2020,BTC Recovery | Normal MVRV | Market Growth Leading,sma_340d_weight,True,sma_340d_weight,0.004098574381804016,0.0027397260273972516,6863.06999999973,4.098574381804016,2.7397260273972517,59719.25656891416,39919.83219459163
2020-04-11,2020,BTC Recovery | Normal MVRV | Market Growth Leading,sma_340d_weight,True,sma_340d_weight,0.004346942709030861,0.0027397260273972516,6882.299999999736,4.346942709030861,2.7397260273972517,63161.19188397814,39808.29123109072
2020-04-12,2020,BTC Recovery | Normal MVRV | Market Growth Leading,sma_340d_weight,True,sma_340d_weight,0.00433755434187624,0.0027397260273972516,6974.199999999964,4.33755434187624,2.7397260273972517,62194.292418861834,39283.73186024584
2020-04-13,2020,BTC Recovery | Normal MVRV | Market Growth Leading,sma_340d_weight,True,sma_340d_weight,0.004287497866917108,0.0027397260273972516,6865.079999999463,4.287497866917108,2.7397260273972517,62453.72037787532,39908.14422260871
2020-04-14,2020,BTC Recovery | Normal MVRV | Market Growth Leading,sma_340d_weight,True,sma_340d_weight,0.004349413508591876,0.0027397260273972516,6866.8699999995,4.349413508591876,2.7397260273972517,63339.09785087228,39897.74129111883
2020-04-15,2020,BTC Bear | Normal MVRV | Market Growth Leading,sma_340d_weight,True,sma_340d_weight,0.004349085450317495,0.0027397260273972516,6634.99999999955,4.349085450317495,2.7397260273972517,65547.63301157182,41292.02754178504
2020-04-16,2020,BTC Recovery | Normal MVRV | Market Growth Leading,sma_340d_weight,True,sma_340d_weight,0.0044778471544826455,0.0027397260273972516,7112.639999999472,4.477847154482646,2.7397260273972517,62956.190029060635,38519.11565041188
2020-04-17,2020,BTC Bear | Normal MVRV | Market Growth Leading,sma_340d_weight,True,sma_340d_weight,0.004211022016512125,0.0027397260273972516,7037.459999999972,4.211022016512125,2.7397260273972517,59837.2426487986,38930.60887589077
2020-04-18,2020,BTC Bear | Normal MVRV | Market Growth Leading,sma_340d_weight,True,sma_340d_weight,0.004252016450172671,0.0027397260273972516,7261.759999999988,4.252016450172671,2.7397260273972517,58553.52490543171,37728.126892065506
2020-04-19,2020,BTC Bear | Normal MVRV | Market Growth Leading,sma_340d_weight,True,sma_340d_weight,0.004125514870751958,0.0027397260273972516,7175.859999999899,4.1255148707519576,2.7397260273972517,57491.57412145744,38179.75862680279
2020-04-20,2020,BTC Bear | Normal MVRV | Market Growth Leading,sma_340d_weight,True,sma_340d_weight,0.0041721701846567155,0.0027397260273972516,6845.999999999644,4.172170184656715,2.7397260273972517,60943.18119568992,40019.369374779344
2020-04-21,2020,BTC Bear | Normal MVRV | Market Growth Leading,sma_340d_weight,True,sma_340d_weight,0.004355448581917412,0.0027397260273972516,6856.999999999698,4.355448581917412,2.7397260273972517,63518.28178383555,39955.17029892624
2020-04-22,2020,BTC Bear | Normal MVRV | Market Growth Leading,sma_340d_weight,True,sma_340d_weight,0.004348640715463563,0.0027397260273972516,7132.5199999995875,4.348640715463564,2.7397260273972517,60969.20464946211,38411.75387376986
2020-04-23,2020,BTC Bear | Normal MVRV | Market Growth Leading,sma_340d_weight,True,sma_340d_weight,0.004194226608818457,0.0027397260273972516,7488.829999999532,4.194226608818457,2.7397260273972517,56006.43369950605,36584.166383766526
2020-04-24,2020,BTC Bear | Normal MVRV | Market Growth Leading,sma_340d_weight,True,sma_340d_weight,0.00399369721100349,0.0027397260273972516,7512.059999999935,3.99369721100349,2.7397260273972517,53163.808742256115,36471.0349411117
2020-04-25,2020,BTC Bear | Normal MVRV | Market Growth Leading,sma_340d_weight,True,sma_340d_weight,0.003980045258154346,0.0027397260273972516,7542.8699999996925,3.980045258154346,2.7397260273972517,52765.661587094946,36322.06345061446
2020-04-26,2020,BTC Recovery | Normal MVRV | Market Growth Leading,sma_340d_weight,True,sma_340d_weight,0.003962174578428965,0.0027397260273972516,7706.399999999501,3.9621745784289653,2.7397260273972517,51414.07892698565,35551.30835925243
2020-04-27,2020,BTC Bear | Normal MVRV | Market Growth Leading,sma_340d_weight,True,sma_340d_weight,0.0038706074581320855,0.0027397260273972516,7787.799999999793,3.8706074581320857,2.7397260273972517,49700.90986070762,35179.71734504385
2020-04-28,2020,BTC Bear | Normal MVRV | Market Growth Leading,sma_340d_weight,True,sma_340d_weight,0.003824878957735571,0.0027397260273972516,7766.809999999465,3.824878957735571,2.7397260273972517,49246.459714294986,35274.791418837856
2020-04-29,2020,BTC Neutral | Normal MVRV | Market Growth Leading,stacksats_mvrv_weight,False,sma_340d_weight,0.0038362777256821675,0.0027397260273972516,8778.989999999927,3.8362777256821676,2.7397260273972517,43698.39498259139,31207.758835552544
2020-04-30,2020,BTC Recovery | Normal MVRV | Market Growth Leading,sma_340d_weight,True,sma_340d_weight,0.0023741987698869082,0.0027397260273972516,8611.289999999726,2.3741987698869083,2.7397260273972517,27570.76779305985,31815.51227977851
2020-05-01,2020,BTC Neutral | Normal MVRV | Market Growth Leading,stacksats_mvrv_weight,False,sma_340d_weight,0.003364210887159568,0.0027397260273972516,8821.639999999494,3.364210887159568,2.7397260273972517,38135.88955296023,31056.878623446533
2020-05-02,2020,BTC Neutral | Normal MVRV | Market Growth Leading,stacksats_mvrv_weight,False,sma_340d_weight,0.002094323857770233,0.0027397260273972516,8985.67999999965,2.0943238577702328,2.7397260273972517,23307.34966936631,30489.91314399532
2020-05-03,2020,BTC Neutral | Normal MVRV | Market Growth Leading,stacksats_mvrv_weight,False,sma_340d_weight,0.002033647179106306,0.0027397260273972516,8909.949999999684,2.033647179106306,2.7397260273972517,22824.451081166317,30749.061750036184
2020-05-04,2020,BTC Neutral | Normal MVRV | Market Growth Leading,stacksats_mvrv_weight,False,sma_340d_weight,0.0019896156384931847,0.0027397260273972516,8884.699999999588,1.9896156384931847,2.7397260273972517,22393.728977830167,30836.44948504034
2020-05-05,2020,BTC Neutral | Normal MVRV | Market Growth Leading,stacksats_mvrv_weight,False,sma_340d_weight,0.002016809608769088,0.0027397260273972516,8999.989999999638,2.0168096087690883,2.7397260273972517,22409.020551902497,30441.434128230834
2020-05-06,2020,BTC Neutral | Normal MVRV | Market Growth Leading,stacksats_mvrv_weight,False,sma_340d_weight,0.002028886400656565,0.0027397260273972516,9207.529999999795,2.028886400656565,2.7397260273972517,22035.07781844436,29755.27668546627
2020-05-07,2020,BTC Bull | Normal MVRV | Market Growth Leading,stacksats_mvrv_weight,False,sma_340d_weight,0.001999325322195612,0.0027397260273972516,10060.889999999483,1.999325322195612,2.7397260273972517,19872.251085099975,27231.447987179985
2020-05-08,2020,BTC Bull | Normal MVRV | Market Growth Leading,stacksats_mvrv_weight,False,sma_340d_weight,0.0019446724311611293,0.0027397260273972516,9813.149999999914,1.9446724311611292,2.7397260273972517,19817.005050989195,27918.925394977916
2020-05-09,2020,BTC Bull | Normal MVRV | Market Growth Leading,stacksats_mvrv_weight,False,sma_340d_weight,0.0017277606404186095,0.0027397260273972516,9556.109999999471,1.7277606404186094,2.7397260273972517,18080.166934230612,28669.887929266235
2020-05-10,2020,BTC Recovery | Normal MVRV | Realized Growth Leading,sma_340d_weight,False,sma_340d_weight,0.0017972503959831176,0.0027397260273972516,8745.479999999485,1.7972503959831176,2.7397260273972517,20550.620388854855,31327.337406264873
2020-05-11,2020,BTC Recovery | Normal MVRV | Realized Growth Leading,sma_340d_weight,False,sma_340d_weight,0.003302095856366418,0.0027397260273972516,8602.009999999626,3.302095856366418,2.7397260273972517,38387.491485903425,31849.835415180532
2020-05-12,2020,BTC Recovery | Normal MVRV | Realized Growth Leading,sma_340d_weight,False,sma_340d_weight,0.0033835104398609985,0.0027397260273972516,8788.259999999866,3.3835104398609985,2.7397260273972517,38500.3452317188,31174.84038247951
2020-05-13,2020,BTC Bull | Normal MVRV | Realized Growth Leading,sma_340d_weight,False,sma_340d_weight,0.003280766138330908,0.0027397260273972516,9307.989999999467,3.280766138330908,2.7397260273972517,35246.77334559981,29434.131615927916
2020-05-14,2020,BTC Bull | Normal MVRV | Realized Growth Leading,sma_340d_weight,False,sma_340d_weight,0.002993017943976659,0.0027397260273972516,9837.83999999954,2.993017943976659,2.7397260273972517,30423.527359428484,27848.85734467505
2020-05-15,2020,BTC Bull | Normal MVRV | Realized Growth Leading,sma_340d_weight,False,sma_340d_weight,0.002701377164434995,0.0027397260273972516,9273.819999999934,2.7013771644349953,2.7397260273972517,29129.066171599345,29542.583610607828
2020-05-16,2020,BTC Bull | Normal MVRV | Market Growth Leading,stacksats_mvrv_weight,False,sma_340d_weight,0.003018056537292946,0.0027397260273972516,9407.9999999998,3.018056537292946,2.7397260273972517,32079.682581770943,29121.237536110864
2020-05-17,2020,BTC Bull | Normal MVRV | Market Growth Leading,stacksats_mvrv_weight,False,sma_340d_weight,0.001976265577140565,0.0027397260273972516,9661.319999999778,1.976265577140565,2.7397260273972517,20455.440634826406,28357.678116420062
2020-05-18,2020,BTC Bull | Normal MVRV | Realized Growth Leading,sma_340d_weight,False,sma_340d_weight,0.0019436246005973068,0.0027397260273972516,9720.669999999865,1.9436246005973068,2.7397260273972517,19994.759626623818,28184.539001913345
2020-05-19,2020,BTC Bull | Normal MVRV | Realized Growth Leading,sma_340d_weight,False,sma_340d_weight,0.002777086978983705,0.0027397260273972516,9770.459999999499,2.777086978983705,2.7397260273972517,28423.298176174383,28040.911353174695
2020-05-20,2020,BTC Bull | Normal MVRV | Realized Growth Leading,sma_340d_weight,False,sma_340d_weight,0.002751303585809041,0.0027397260273972516,9514.919999999911,2.7513035858090413,2.7397260273972517,28915.67754441516,28793.999606904497
2020-05-21,2020,BTC Neutral | Normal MVRV | Realized Growth Leading,sma_340d_weight,False,sma_340d_weight,0.0028946315362731994,0.0027397260273972516,9055.999999999505,2.8946315362731996,2.7397260273972517,31963.68745884891,30253.15842974162
2020-05-22,2020,BTC Neutral | Normal MVRV | Realized Growth Leading,sma_340d_weight,False,sma_340d_weight,0.0031499966159876693,0.0027397260273972516,9155.479999999465,3.149996615987669,2.7397260273972517,34405.586774127114,29924.438996070247
2020-05-23,2020,BTC Neutral | Normal MVRV | Realized Growth Leading,sma_340d_weight,False,sma_340d_weight,0.0030943698770083935,0.0027397260273972516,9173.05999999979,3.0943698770083934,2.7397260273972517,33733.23489662626,29867.089361645016
2020-05-24,2020,BTC Neutral | Normal MVRV | Realized Growth Leading,sma_340d_weight,False,sma_340d_weight,0.00308477406189145,0.0027397260273972516,9026.789999999834,3.08477406189145,2.7397260273972517,34173.544104731656,30351.055329716346
2020-05-25,2020,BTC Neutral | Normal MVRV | Realized Growth Leading,sma_340d_weight,False,sma_340d_weight,0.003165690316094391,0.0027397260273972516,8929.199999999617,3.165690316094391,2.7397260273972517,35453.235632470176,30682.77143974118
2020-05-26,2020,BTC Neutral | Normal MVRV | Realized Growth Leading,sma_340d_weight,False,sma_340d_weight,0.0032189785271569083,0.0027397260273972516,8844.239999999736,3.2189785271569082,2.7397260273972517,36396.32718195124,30977.517880533924
2020-05-27,2020,BTC Neutral | Normal MVRV | Realized Growth Leading,sma_340d_weight,False,sma_340d_weight,0.0032640645570506336,0.0027397260273972516,9137.669999999984,3.2640645570506335,2.7397260273972517,35720.972163041995,29982.763958397016
2020-05-28,2020,BTC Neutral | Normal MVRV | Realized Growth Leading,sma_340d_weight,False,sma_340d_weight,0.0030980728152668743,0.0027397260273972516,9540.999999999472,3.098072815266874,2.7397260273972517,32471.154127104553,28715.292185278307
2020-05-29,2020,BTC Neutral | Normal MVRV | Realized Growth Leading,sma_340d_weight,False,sma_340d_weight,0.002871184197497493,0.0027397260273972516,9425.139999999543,2.871184197497493,2.7397260273972517,30463.04031025144,29068.279382559675
2020-05-30,2020,BTC Neutral | Normal MVRV | Realized Growth Leading,sma_340d_weight,False,sma_340d_weight,0.002932949533035195,0.0027397260273972516,9709.829999999636,2.9329495330351953,2.7397260273972517,30205.982319312545,28216.0040638956
2020-05-31,2020,BTC Neutral | Normal MVRV | Realized Growth Leading,sma_340d_weight,False,sma_340d_weight,0.002770523468558245,0.0027397260273972516,9429.869999999564,2.770523468558245,2.7397260273972517,29380.293350368273,29053.698803879357
2020-06-01,2020,BTC Neutral | Normal MVRV | Realized Growth Leading,sma_340d_weight,False,sma_340d_weight,0.002920515761656028,0.0027397260273972516,10208.95999999958,2.920515761656028,2.7397260273972517,28607.377849028187,26836.485081706305
2020-06-02,2020,BTC Neutral | Normal MVRV | Realized Growth Leading,sma_340d_weight,False,sma_340d_weight,0.0024837885377955223,0.0027397260273972516,9531.209999999519,2.4837885377955224,2.7397260273972517,26059.530088998647,28744.78715081705
2020-06-03,2020,BTC Neutral | Normal MVRV | Market Growth Leading,stacksats_mvrv_weight,False,sma_340d_weight,0.0028573836783183618,0.0027397260273972516,9656.679999999888,2.857383678318362,2.7397260273972517,29589.710732036223,28371.303878737657
2020-06-04,2020,BTC Neutral | Normal MVRV | Market Growth Leading,stacksats_mvrv_weight,False,sma_340d_weight,0.0019886331539775495,0.0027397260273972516,9788.02999999969,1.9886331539775495,2.7397260273972517,20316.990793628673,27990.57652456458
2020-06-05,2020,BTC Neutral | Normal MVRV | Market Growth Leading,stacksats_mvrv_weight,False,sma_340d_weight,0.0019584647478361797,0.0027397260273972516,9644.94999999986,1.9584647478361796,2.7397260273972517,20305.59772560986,28405.80850494084
2020-06-06,2020,BTC Neutral | Normal MVRV | Realized Growth Leading,sma_340d_weight,False,sma_340d_weight,0.001927749068344054,0.0027397260273972516,9670.239999999867,1.9277490683440541,2.7397260273972517,19934.862716376025,28331.52049377564
2020-06-07,2020,BTC Neutral | Normal MVRV | Market Growth Leading,stacksats_mvrv_weight,False,sma_340d_weight,0.002770025065891298,0.0027397260273972516,9739.13999999962,2.7700250658912977,2.7397260273972517,28442.193724408993,28131.087831136618
2020-06-08,2020,BTC Neutral | Normal MVRV | Market Growth Leading,stacksats_mvrv_weight,False,sma_340d_weight,0.0019695741031192193,0.0027397260273972516,9780.68999999984,1.9695741031192193,2.7397260273972517,20137.373775462172,28011.582285066765
2020-06-09,2020,BTC Neutral | Normal MVRV | Realized Growth Leading,sma_340d_weight,False,sma_340d_weight,0.001955451254803403,0.0027397260273972516,9763.789999999524,1.955451254803403,2.7397260273972517,20027.58411235287,28060.067119401232
2020-06-10,2020,BTC Neutral | Normal MVRV | Market Growth Leading,stacksats_mvrv_weight,False,sma_340d_weight,0.0027087415837855097,0.0027397260273972516,9892.92999999979,2.7087415837855096,2.7397260273972517,27380.57970475448,27693.777550203125
2020-06-11,2020,BTC Neutral | Normal MVRV | Realized Growth Leading,sma_340d_weight,False,sma_340d_weight,0.001958519975429865,0.0027397260273972516,9280.6699999999,1.958519975429865,2.7397260273972517,21103.217498627644,29520.778428683287
2020-06-12,2020,BTC Neutral | Normal MVRV | Realized Growth Leading,sma_340d_weight,False,sma_340d_weight,0.002973660615308451,0.0027397260273972516,9461.219999999781,2.9736606153084506,2.7397260273972517,31429.99122003842,28957.428612772088
2020-06-13,2020,BTC Neutral | Normal MVRV | Realized Growth Leading,sma_340d_weight,False,sma_340d_weight,0.0028671548773081426,0.0027397260273972516,9457.999999999634,2.867154877308143,2.7397260273972517,30314.600098416726,28967.287242518054
2020-06-14,2020,BTC Neutral | Normal MVRV | Realized Growth Leading,sma_340d_weight,False,sma_340d_weight,0.002863384630526162,0.0027397260273972516,9329.779999999615,2.8633846305261623,2.7397260273972517,30690.805469435298,29365.387258835308
2020-06-15,2020,BTC Neutral | Normal MVRV | Realized Growth Leading,sma_340d_weight,False,sma_340d_weight,0.0029306039619110547,0.0027397260273972516,9423.85999999961,2.9306039619110544,2.7397260273972517,31097.702660175084,29072.227594609485
2020-06-16,2020,BTC Neutral | Normal MVRV | Realized Growth Leading,sma_340d_weight,False,sma_340d_weight,0.0028742765645808055,0.0027397260273972516,9517.769999999715,2.8742765645808057,2.7397260273972517,30199.05465861112,28785.37753483572
2020-06-17,2020,BTC Neutral | Normal MVRV | Realized Growth Leading,sma_340d_weight,False,sma_340d_weight,0.002817181634914819,0.0027397260273972516,9453.93999999999,2.8171816349148187,2.7397260273972517,29799.021729721386,28979.727260774394
2020-06-18,2020,BTC Neutral | Normal MVRV | Realized Growth Leading,sma_340d_weight,False,sma_340d_weight,0.0028497650695029626,0.0027397260273972516,9368.50999999956,2.8497650695029626,2.7397260273972517,30418.551824175844,29243.988930976007
2020-06-19,2020,BTC Neutral | Normal MVRV | Realized Growth Leading,sma_340d_weight,False,sma_340d_weight,0.002896576273001601,0.0027397260273972516,9281.909999999538,2.896576273001601,2.7397260273972517,31206.683462797475,29516.834653615344
2020-06-20,2020,BTC Neutral | Normal MVRV | Realized Growth Leading,sma_340d_weight,False,sma_340d_weight,0.0029426541948737225,0.0027397260273972516,9354.739999999796,2.9426541948737226,2.7397260273972517,31456.290552958035,29287.035528484073
2020-06-21,2020,BTC Neutral | Normal MVRV | Realized Growth Leading,sma_340d_weight,False,sma_340d_weight,0.0029012227418299718,0.0027397260273972516,9279.40999999959,2.901222741829972,2.7397260273972517,31265.163860957753,29524.786892672837
2020-06-22,2020,BTC Neutral | Normal MVRV | Realized Growth Leading,sma_340d_weight,False,sma_340d_weight,0.002943060881805986,0.0027397260273972516,9690.73999999975,2.943060881805986,2.7397260273972517,30369.826058753635,28271.587385455827
2020-06-23,2020,BTC Neutral | Normal MVRV | Realized Growth Leading,sma_340d_weight,False,sma_340d_weight,0.0027087310118292466,0.0027397260273972516,9623.559999999774,2.7087310118292467,2.7397260273972517,28146.870927487438,28468.945248923643
2020-06-24,2020,BTC Neutral | Normal MVRV | Realized Growth Leading,sma_340d_weight,False,sma_340d_weight,0.0027450525047862362,0.0027397260273972516,9274.05999999959,2.745052504786236,2.7397260273972517,29599.25323737778,29541.819088914377
2020-06-25,2020,BTC Neutral | Normal MVRV | Realized Growth Leading,sma_340d_weight,False,sma_340d_weight,0.0029400021737307673,0.0027397260273972516,9241.83999999951,2.9400021737307673,2.7397260273972517,31811.87051205088,29644.811286468896
2020-06-26,2020,BTC Neutral | Normal MVRV | Realized Growth Leading,sma_340d_weight,False,sma_340d_weight,0.002955840548274799,0.0027397260273972516,9153.309999999881,2.955840548274799,2.7397260273972517,32292.586488110173,29931.533263893467
2020-06-27,2020,BTC Neutral | Normal MVRV | Realized Growth Leading,sma_340d_weight,False,sma_340d_weight,0.0030039109674864463,0.0027397260273972516,9004.859999999933,3.0039109674864464,2.7397260273972517,33358.77478924124,30424.970820171242
2020-06-28,2020,BTC Neutral | Normal MVRV | Realized Growth Leading,sma_340d_weight,False,sma_340d_weight,0.003086524111661906,0.0027397260273972516,9124.039999999586,3.086524111661906,2.7397260273972517,33828.480713171426,30027.5538839963
2020-06-29,2020,BTC Neutral | Normal MVRV | Realized Growth Leading,sma_340d_weight,False,sma_340d_weight,0.003017879691800157,0.0027397260273972516,9183.38999999993,3.017879691800157,2.7397260273972517,32862.370995897814,29833.493158814694
2020-06-30,2020,BTC Neutral | Normal MVRV | Realized Growth Leading,sma_340d_weight,False,sma_340d_weight,0.002983021218063451,0.0027397260273972516,9139.749999999694,2.983021218063451,2.7397260273972517,32637.886354260798,29975.94056070837
2020-07-01,2020,BTC Neutral | Normal MVRV | Realized Growth Leading,sma_340d_weight,False,sma_340d_weight,0.0030065139567328524,0.0027397260273972516,9231.949999999893,3.0065139567328525,2.7397260273972517,32566.402079007006,29676.5691689977
2020-07-02,2020,BTC Neutral | Normal MVRV | Realized Growth Leading,sma_340d_weight,False,sma_340d_weight,0.002953813554408479,0.0027397260273972516,9098.529999999651,2.9538135544084794,2.7397260273972517,32464.733912056043,30111.743626688673
2020-07-03,2020,BTC Neutral | Normal MVRV | Realized Growth Leading,sma_340d_weight,False,sma_340d_weight,0.003028673391004138,0.0027397260273972516,9070.399999999523,3.028673391004138,2.7397260273972517,33390.73680327546,30205.129072559048
2020-07-04,2020,BTC Neutral | Normal MVRV | Realized Growth Leading,sma_340d_weight,False,sma_340d_weight,0.003043847622159106,0.0027397260273972516,9120.499999999463,3.043847622159106,2.7397260273972517,33373.69247474684,30039.20867712749
2020-07-05,2020,BTC Neutral | Normal MVRV | Realized Growth Leading,sma_340d_weight,False,sma_340d_weight,0.0030146178730712523,0.0027397260273972516,9079.879999999634,3.014617873071252,2.7397260273972517,33201.076149369525,30173.592904282465
2020-07-06,2020,BTC Neutral | Normal MVRV | Realized Growth Leading,sma_340d_weight,False,sma_340d_weight,0.0030358809098257,0.0027397260273972516,9346.359999999542,3.0358809098257,2.7397260273972517,32481.9599269218,29313.29445257176
2020-07-07,2020,BTC Neutral | Normal MVRV | Realized Growth Leading,sma_340d_weight,False,sma_340d_weight,0.002882799821514662,0.0027397260273972516,9253.93999999992,2.882799821514662,2.7397260273972517,31152.13435050029,29606.049179022935
2020-07-08,2020,BTC Neutral | Normal MVRV | Realized Growth Leading,sma_340d_weight,False,sma_340d_weight,0.002932955497039288,0.0027397260273972516,9442.419999999756,2.9329554970392877,2.7397260273972517,31061.481029644558,29015.08328794231
2020-07-09,2020,BTC Neutral | Normal MVRV | Realized Growth Leading,sma_340d_weight,False,sma_340d_weight,0.002823425581545411,0.0027397260273972516,9233.239999999827,2.823425581545411,2.7397260273972517,30578.925507681633,29672.422978253606
2020-07-10,2020,BTC Neutral | Normal MVRV | Realized Growth Leading,sma_340d_weight,False,sma_340d_weight,0.0029391276248445434,0.0027397260273972516,9287.379999999608,2.9391276248445433,2.7397260273972517,31646.466762904794,29499.450086002373
2020-07-11,2020,BTC Neutral | Normal MVRV | Realized Growth Leading,sma_340d_weight,False,sma_340d_weight,0.002903861005412952,0.0027397260273972516,9235.209999999894,2.903861005412952,2.7397260273972517,31443.367345333627,29666.093433687845
2020-07-12,2020,BTC Neutral | Normal MVRV | Realized Growth Leading,sma_340d_weight,False,sma_340d_weight,0.002929596829128278,0.0027397260273972516,9285.159999999954,2.929596829128278,2.7397260273972517,31551.387688831343,29506.50314477365
2020-07-13,2020,BTC Neutral | Normal MVRV | Realized Growth Leading,sma_340d_weight,False,sma_340d_weight,0.0028963570501373674,0.0027397260273972516,9236.919999999867,2.896357050137367,2.7397260273972517,31356.307623508794,29660.601449371556
2020-07-14,2020,BTC Neutral | Normal MVRV | Realized Growth Leading,sma_340d_weight,False,sma_340d_weight,0.0029188847776720783,0.0027397260273972516,9254.789999999906,2.918884777672078,2.7397260273972517,31539.17892974457,29603.330031230093
2020-07-15,2020,BTC Neutral | Normal MVRV | Realized Growth Leading,sma_340d_weight,False,sma_340d_weight,0.0029040115395208457,0.0027397260273972516,9200.189999999959,2.904011539520846,2.7397260273972517,31564.69094139207,29779.015731167117
2020-07-16,2020,BTC Neutral | Normal MVRV | Realized Growth Leading,sma_340d_weight,False,sma_340d_weight,0.0029313814037609126,0.0027397260273972516,9129.04999999963,2.9313814037609127,2.7397260273972517,32110.47593956689,30011.074836892803
2020-07-17,2020,BTC Neutral | Normal MVRV | Realized Growth Leading,sma_340d_weight,False,sma_340d_weight,0.002967680924876719,0.0027397260273972516,9154.669999999956,2.967680924876719,2.7397260273972517,32417.12617578496,29927.086693428213
2020-07-18,2020,BTC Neutral | Normal MVRV | Realized Growth Leading,sma_340d_weight,False,sma_340d_weight,0.002949028779750608,0.0027397260273972516,9174.899999999625,2.9490287797506083,2.7397260273972517,32142.35337443164,29861.099602146765
2020-07-19,2020,BTC Neutral | Normal MVRV | Realized Growth Leading,sma_340d_weight,False,sma_340d_weight,0.002934426822218619,0.0027397260273972516,9218.129999999777,2.934426822218619,2.7397260273972517,31833.21153225969,29721.060859385987
2020-07-20,2020,BTC Neutral | Normal MVRV | Realized Growth Leading,sma_340d_weight,False,sma_340d_weight,0.0029083041386541784,0.0027397260273972516,9162.939999999713,2.9083041386541786,2.7397260273972517,31739.857934836087,29900.076038884217
2020-07-21,2020,BTC Neutral | Normal MVRV | Realized Growth Leading,sma_340d_weight,False,sma_340d_weight,0.0029378490505362325,0.0027397260273972516,9386.509999999756,2.9378490505362325,2.7397260273972517,31298.630167509637,29187.909323031912
2020-07-22,2020,BTC Neutral | Normal MVRV | Realized Growth Leading,sma_340d_weight,False,sma_340d_weight,0.0028079388177000638,0.0027397260273972516,9538.789999999803,2.8079388177000637,2.7397260273972517,29437.05457086404,28721.945104120212
2020-07-23,2020,BTC Neutral | Normal MVRV | Realized Growth Leading,sma_340d_weight,False,sma_340d_weight,0.0027194220670047355,0.0027397260273972516,9616.22999999965,2.7194220670047353,2.7397260273972517,28279.50316293219,28490.645787354828
2020-07-24,2020,BTC Neutral | Normal MVRV | Realized Growth Leading,sma_340d_weight,False,sma_340d_weight,0.0026736411097318838,0.0027397260273972516,9552.029999999728,2.673641109731884,2.7397260273972517,27990.292217800405,28682.133822834832
2020-07-25,2020,BTC Neutral | Normal MVRV | Realized Growth Leading,sma_340d_weight,False,sma_340d_weight,0.002707960100827801,0.0027397260273972516,9706.979999999721,2.707960100827801,2.7397260273972517,27897.04007660342,28224.288371845112
2020-07-26,2020,BTC Neutral | Normal MVRV | Realized Growth Leading,sma_340d_weight,False,sma_340d_weight,0.0026170728008526848,0.0027397260273972516,9940.579999999622,2.617072800852685,2.7397260273972517,26327.16401711756,27561.02790176585
2020-07-27,2020,BTC Bull | Normal MVRV | Market Growth Leading,stacksats_mvrv_weight,False,sma_340d_weight,0.002482720934817892,0.0027397260273972516,11009.999999999474,2.482720934817892,2.7397260273972517,22549.690597802095,24883.97845047577
2020-07-28,2020,BTC Bull | Normal MVRV | Market Growth Leading,stacksats_mvrv_weight,False,sma_340d_weight,7.188122941220555e-05,0.0027397260273972516,10931.239999999676,0.07188122941220555,2.7397260273972517,657.5761707931367,25063.268461742064
2020-07-29,2020,BTC Bull | Normal MVRV | Market Growth Leading,stacksats_mvrv_weight,False,sma_340d_weight,1.8393159520858594e-05,0.0027397260273972516,11122.189999999788,0.018393159520858595,2.7397260273972517,165.37354172927226,24632.972709487105
2020-07-30,2020,BTC Bull | Normal MVRV | Market Growth Leading,stacksats_mvrv_weight,False,sma_340d_weight,1.8480471262542617e-05,0.0027397260273972516,11141.879999999506,0.018480471262542618,2.7397260273972517,165.8649282037092,24589.441166099194
2020-07-31,2020,BTC Bull | Normal MVRV | Realized Growth Leading,sma_340d_weight,False,sma_340d_weight,1.856777644888676e-05,0.0027397260273972516,11346.81999999967,0.01856777644888676,2.7397260273972517,163.63859168372545,24145.320251817964
2020-08-01,2020,BTC Bull | Normal MVRV | Market Growth Leading,stacksats_mvrv_weight,False,sma_340d_weight,0.0016856425624623395,0.0027397260273972516,11821.179999999613,1.6856425624623395,2.7397260273972517,14259.511846214968,23176.417476067036
2020-08-02,2020,BTC Bull | Normal MVRV | Realized Growth Leading,sma_340d_weight,False,sma_340d_weight,1.8742367158508262e-05,0.0027397260273972516,11068.53999999971,0.01874236715850826,2.7397260273972517,169.3300756785335,24752.370478828496
2020-08-03,2020,BTC Bull | Normal MVRV | Realized Growth Leading,sma_340d_weight,False,sma_340d_weight,0.0018516007632832297,0.0027397260273972516,11240.299999999968,1.8516007632832296,2.7397260273972517,16472.87673178861,24374.136165380456
2020-08-04,2020,BTC Bull | Normal MVRV | Realized Growth Leading,sma_340d_weight,False,sma_340d_weight,0.0017571676209120345,0.0027397260273972516,11192.189999999759,1.7571676209120344,2.7397260273972517,15699.944523029651,24478.909198265133
2020-08-05,2020,BTC Bull | Normal MVRV | Realized Growth Leading,sma_340d_weight,False,sma_340d_weight,0.0017882348579706926,0.0027397260273972516,11716.049999999543,1.7882348579706926,2.7397260273972517,15263.12074437001,23384.38319567908
2020-08-06,2020,BTC Bull | Normal MVRV | Realized Growth Leading,sma_340d_weight,False,sma_340d_weight,0.0014935894944050525,0.0027397260273972516,11773.889999999832,1.4935894944050525,2.7397260273972517,12685.607682805545,23269.505893101523
2020-08-07,2020,BTC Bull | Normal MVRV | Realized Growth Leading,sma_340d_weight,False,sma_340d_weight,0.0014651543789186944,0.0027397260273972516,11583.199999999948,1.4651543789186943,2.7397260273972517,12648.960381575911,23652.583287841564
2020-08-08,2020,BTC Bull | Normal MVRV | Realized Growth Leading,sma_340d_weight,False,sma_340d_weight,0.001576765546568138,0.0027397260273972516,11738.219999999845,1.5767655465681378,2.7397260273972517,13432.748292059263,23340.21706355212
2020-08-09,2020,BTC Bull | Normal MVRV | Realized Growth Leading,sma_340d_weight,False,sma_340d_weight,0.0014908254267705552,0.0027397260273972516,11671.209999999548,1.4908254267705552,2.7397260273972517,12773.529280773912,23474.224415440713
2020-08-10,2020,BTC Bull | Normal MVRV | Realized Growth Leading,sma_340d_weight,False,sma_340d_weight,0.0015315095788611796,0.0027397260273972516,11873.17999999957,1.5315095788611797,2.7397260273972517,12898.899695458464,23074.91360694735
2020-08-11,2020,BTC Bull | Normal MVRV | Realized Growth Leading,sma_340d_weight,False,sma_340d_weight,0.0014193567547727628,0.0027397260273972516,11393.439999999577,1.4193567547727628,2.7397260273972517,12457.666470993972,24046.521747578903
2020-08-12,2020,BTC Bull | Normal MVRV | Realized Growth Leading,sma_340d_weight,False,sma_340d_weight,0.0016951732648051105,0.0027397260273972516,11566.44999999972,1.6951732648051105,2.7397260273972517,14655.951176075212,23686.83586923661
2020-08-13,2020,BTC Bull | Normal MVRV | Market Growth Leading,stacksats_mvrv_weight,False,sma_340d_weight,0.001599011234834583,0.0027397260273972516,11789.989999999598,1.599011234834583,2.7397260273972517,13562.44776148782,23237.729865736488
2020-08-14,2020,BTC Bull | Normal MVRV | Market Growth Leading,stacksats_mvrv_weight,False,sma_340d_weight,1.9789361160226566e-05,0.0027397260273972516,11767.529999999982,0.019789361160226566,2.7397260273972517,168.16920084526316,23282.082369003994
2020-08-15,2020,BTC Bull | Normal MVRV | Market Growth Leading,stacksats_mvrv_weight,False,sma_340d_weight,1.9876568104998432e-05,0.0027397260273972516,11856.639999999481,0.01987656810499843,2.7397260273972517,167.64081649606717,23107.103086518367
2020-08-16,2020,BTC Bull | Normal MVRV | Market Growth Leading,stacksats_mvrv_weight,False,sma_340d_weight,1.996376850622884e-05,0.0027397260273972516,11892.009999999727,0.01996376850622884,2.7397260273972517,167.87547694821396,23038.376417420724
2020-08-17,2020,BTC Bull | Normal MVRV | Market Growth Leading,stacksats_mvrv_weight,False,sma_340d_weight,2.0050962364654265e-05,0.0027397260273972516,12305.509999999975,0.020050962364654264,2.7397260273972517,162.94296103659502,22264.22169741244
2020-08-18,2020,BTC Bull | Normal MVRV | Realized Growth Leading,sma_340d_weight,False,sma_340d_weight,2.0138149681011047e-05,0.0027397260273972516,11972.70999999974,0.020138149681011047,2.7397260273972517,168.20042981924294,22883.090189249644
2020-08-19,2020,BTC Bull | Normal MVRV | Realized Growth Leading,sma_340d_weight,False,sma_340d_weight,0.0013904344777949183,0.0027397260273972516,11748.629999999654,1.3904344777949182,2.7397260273972517,11834.864812279893,23319.536213135765
2020-08-20,2020,BTC Bull | Normal MVRV | Market Growth Leading,stacksats_mvrv_weight,False,sma_340d_weight,0.0015207794538484188,0.0027397260273972516,11864.259999999922,1.5207794538484187,2.7397260273972517,12818.156832777002,23092.2622009065
2020-08-21,2020,BTC Bull | Normal MVRV | Market Growth Leading,stacksats_mvrv_weight,False,sma_340d_weight,2.0399672385031383e-05,0.0027397260273972516,11510.629999999637,0.020399672385031382,2.7397260273972517,177.22463831286407,23801.70353314578
2020-08-22,2020,BTC Bull | Normal MVRV | Market Growth Leading,stacksats_mvrv_weight,False,sma_340d_weight,2.048683354047489e-05,0.0027397260273972516,11684.779999999477,0.02048683354047489,2.7397260273972517,175.3292192105954,23446.962864490168
2020-08-23,2020,BTC Bull | Normal MVRV | Market Growth Leading,stacksats_mvrv_weight,False,sma_340d_weight,2.0573988157529856e-05,0.0027397260273972516,11654.099999999968,0.020573988157529855,2.7397260273972517,176.5386272430296,23508.688164656724
2020-08-24,2020,BTC Bull | Normal MVRV | Market Growth Leading,stacksats_mvrv_weight,False,sma_340d_weight,2.0661136236931954e-05,0.0027397260273972516,11771.739999999758,0.020661136236931953,2.7397260273972517,175.514717764174,23273.75585425186
2020-08-25,2020,BTC Bull | Normal MVRV | Realized Growth Leading,sma_340d_weight,False,sma_340d_weight,2.0748277779416773e-05,0.0027397260273972516,11371.709999999945,0.020748277779416773,2.7397260273972517,182.4552136786541,24092.471821716037
2020-08-26,2020,BTC Bull | Normal MVRV | Market Growth Leading,stacksats_mvrv_weight,False,sma_340d_weight,0.0017532688185880787,0.0027397260273972516,11477.87999999951,1.7532688185880787,2.7397260273972517,15275.19732379284,23869.617275989716
2020-08-27,2020,BTC Bull | Normal MVRV | Market Growth Leading,stacksats_mvrv_weight,False,sma_340d_weight,2.7588336416119274e-05,0.0027397260273972516,11298.009999999758,0.027588336416119272,2.7397260273972517,244.1875729984295,24249.63358500577
2020-08-28,2020,BTC Bull | Normal MVRV | Market Growth Leading,stacksats_mvrv_weight,False,sma_340d_weight,2.100941217220436e-05,0.0027397260273972516,11529.249999999844,0.02100941217220436,2.7397260273972517,182.22705008742673,23763.26324259851
2020-08-29,2020,BTC Bull | Normal MVRV | Market Growth Leading,stacksats_mvrv_weight,False,sma_340d_weight,2.7162398356916554e-05,0.0027397260273972516,11475.009999999627,0.027162398356916553,2.7397260273972517,236.70914759043728,23875.587275282032
2020-08-30,2020,BTC Bull | Normal MVRV | Market Growth Leading,stacksats_mvrv_weight,False,sma_340d_weight,2.1183405979896104e-05,0.0027397260273972516,11715.539999999719,0.021183405979896104,2.7397260273972517,180.81459309512505,23385.401162876977
2020-08-31,2020,BTC Bull | Normal MVRV | Market Growth Leading,stacksats_mvrv_weight,False,sma_340d_weight,2.1270506354715954e-05,0.0027397260273972516,11651.999999999787,0.021270506354715953,2.7397260273972517,182.54811495637094,23512.925054903037
2020-09-01,2020,BTC Bull | Normal MVRV | Market Growth Leading,stacksats_mvrv_weight,False,sma_340d_weight,2.1357600198060024e-05,0.0027397260273972516,11984.229999999721,0.021357600198060024,2.7397260273972517,178.21420481800266,22861.093515372413
2020-09-02,2020,BTC Bull | Normal MVRV | Realized Growth Leading,sma_340d_weight,False,sma_340d_weight,2.1444687510662953e-05,0.0027397260273972516,11410.999999999987,0.021444687510662953,2.7397260273972517,187.9299580287703,24009.517372686485
2020-09-03,2020,BTC Bull | Normal MVRV | Realized Growth Leading,sma_340d_weight,False,sma_340d_weight,0.001777457123374065,0.0027397260273972516,10035.36999999989,1.777457123374065,2.7397260273972517,17711.92415799402,27300.697706186034
2020-09-04,2020,BTC Bull | Normal MVRV | Realized Growth Leading,sma_340d_weight,False,sma_340d_weight,0.0025538628584092856,0.0027397260273972516,10500.049999999948,2.5538628584092855,2.7397260273972517,24322.387592528587,26092.504582333087
2020-09-05,2020,BTC Bull | Normal MVRV | Realized Growth Leading,sma_340d_weight,False,sma_340d_weight,0.002297413243416359,0.0027397260273972516,10143.439999999762,2.297413243416359,2.7397260273972517,22649.251569649085,27009.831254459197
2020-09-06,2020,BTC Bull | Normal MVRV | Realized Growth Leading,sma_340d_weight,False,sma_340d_weight,0.0025009127564962316,0.0027397260273972516,10262.899999999765,2.5009127564962315,2.7397260273972517,24368.480219979625,26695.43722921703
2020-09-07,2020,BTC Bull | Normal MVRV | Realized Growth Leading,sma_340d_weight,False,sma_340d_weight,0.0024375793605454807,0.0027397260273972516,10361.17999999958,2.4375793605454805,2.7397260273972517,23526.078695144563,26442.220166017414
2020-09-08,2020,BTC Bull | Normal MVRV | Realized Growth Leading,sma_340d_weight,False,sma_340d_weight,0.0023866354080973426,0.0027397260273972516,10119.999999999864,2.3866354080973426,2.7397260273972517,23583.353834954298,27072.391575072023
2020-09-09,2020,BTC Bull | Normal MVRV | Realized Growth Leading,sma_340d_weight,False,sma_340d_weight,0.0025253540910223204,0.0027397260273972516,10222.939999999833,2.5253540910223204,2.7397260273972517,24702.81632311607,26799.785848271596
2020-09-10,2020,BTC Bull | Normal MVRV | Realized Growth Leading,sma_340d_weight,False,sma_340d_weight,0.002471740716644259,0.0027397260273972516,10343.979999999905,2.471740716644259,2.7397260273972517,23895.451428215078,26486.188366540508
2020-09-11,2020,BTC Bull | Normal MVRV | Realized Growth Leading,sma_340d_weight,False,sma_340d_weight,0.002408851486354383,0.0027397260273972516,10396.57999999949,2.408851486354383,2.7397260273972517,23169.65277384006,26352.185308989934
2020-09-12,2020,BTC Bull | Normal MVRV | Realized Growth Leading,sma_340d_weight,False,sma_340d_weight,0.002383696742001818,0.0027397260273972516,10449.989999999534,2.383696742001818,2.7397260273972517,22810.516967020296,26217.499034902175
2020-09-13,2020,BTC Bull | Normal MVRV | Realized Growth Leading,sma_340d_weight,False,sma_340d_weight,0.002358285730526212,0.0027397260273972516,10323.87999999976,2.358285730526212,2.7397260273972517,22843.017649626563,26537.755450444172
2020-09-14,2020,BTC Bull | Normal MVRV | Realized Growth Leading,sma_340d_weight,False,sma_340d_weight,0.0024319566713679255,0.0027397260273972516,10679.999999999669,2.4319566713679257,2.7397260273972517,22771.129881722856,25652.865425068696
2020-09-15,2020,BTC Bull | Normal MVRV | Realized Growth Leading,sma_340d_weight,False,sma_340d_weight,0.00223761348437978,0.0027397260273972516,10774.609999999819,2.23761348437978,2.7397260273972517,20767.46614847143,25427.612019342676
2020-09-16,2020,BTC Bull | Normal MVRV | Realized Growth Leading,sma_340d_weight,False,sma_340d_weight,0.002189926696365018,0.0027397260273972516,10959.609999999544,2.1899266963650184,2.7397260273972517,19981.794027023858,24998.38979121854
2020-09-17,2020,BTC Bull | Normal MVRV | Realized Growth Leading,sma_340d_weight,False,sma_340d_weight,0.0020923167221952948,0.0027397260273972516,10938.599999999495,2.092316722195295,2.7397260273972517,19127.829175537925,25046.404726357836
2020-09-18,2020,BTC Bull | Normal MVRV | Realized Growth Leading,sma_340d_weight,False,sma_340d_weight,0.0021093706350065523,0.0027397260273972516,10916.699999999593,2.1093706350065524,2.7397260273972517,19322.420099541356,25096.65033753198
2020-09-19,2020,BTC Bull | Normal MVRV | Market Growth Leading,stacksats_mvrv_weight,False,sma_340d_weight,0.0021267026718706948,0.0027397260273972516,11080.85999999952,2.126702671870695,2.7397260273972517,19192.577759043856,24724.850123522632
2020-09-20,2020,BTC Bull | Normal MVRV | Market Growth Leading,stacksats_mvrv_weight,False,sma_340d_weight,0.00012536199806358726,0.0027397260273972516,10924.999999999476,0.12536199806358725,2.7397260273972517,1147.4782431450183,25077.58377480442
2020-09-21,2020,BTC Bull | Normal MVRV | Realized Growth Leading,sma_340d_weight,False,sma_340d_weight,8.625483840034769e-05,0.0027397260273972516,10456.839999999956,0.08625483840034769,2.7397260273972517,824.8652403627486,26200.32464298261
2020-09-22,2020,BTC Bull | Normal MVRV | Realized Growth Leading,sma_340d_weight,False,sma_340d_weight,0.002397803023641162,0.0027397260273972516,10531.129999999654,2.397803023641162,2.7397260273972517,22768.715452579552,26015.499071774273
2020-09-23,2020,BTC Bull | Normal MVRV | Market Growth Leading,stacksats_mvrv_weight,False,sma_340d_weight,0.002361641709441014,0.0027397260273972516,10233.689999999824,2.361641709441014,2.7397260273972517,23077.127697253432,26771.633959962623
2020-09-24,2020,BTC Bull | Normal MVRV | Market Growth Leading,stacksats_mvrv_weight,False,sma_340d_weight,0.00040963493787342213,0.0027397260273972516,10741.899999999914,0.40963493787342214,2.7397260273972517,3813.430937482433,25505.041262693507
2020-09-25,2020,BTC Bull | Normal MVRV | Market Growth Leading,stacksats_mvrv_weight,False,sma_340d_weight,0.0009764261216412255,0.0027397260273972516,10689.85999999959,0.9764261216412254,2.7397260273972517,9134.133858079178,25629.204006388827
2020-09-26,2020,BTC Bull | Normal MVRV | Market Growth Leading,stacksats_mvrv_weight,False,sma_340d_weight,0.00021435795870158528,0.0027397260273972516,10747.679999999684,0.21435795870158528,2.7397260273972517,1994.457954661765,25491.324894277946
2020-09-27,2020,BTC Bull | Normal MVRV | Market Growth Leading,stacksats_mvrv_weight,False,sma_340d_weight,0.0002597593323487241,0.0027397260273972516,10753.999999999558,0.2597593323487241,2.7397260273972517,2415.4671038565634,25476.343940834708
2020-09-28,2020,BTC Bull | Normal MVRV | Market Growth Leading,stacksats_mvrv_weight,False,sma_340d_weight,0.0002329706981024406,0.0027397260273972516,10737.869999999786,0.2329706981024406,2.7397260273972517,2169.617420423652,25514.613488497314
2020-09-29,2020,BTC Bull | Normal MVRV | Market Growth Leading,stacksats_mvrv_weight,False,sma_340d_weight,0.00020650864048646155,0.0027397260273972516,10839.04999999994,0.20650864048646156,2.7397260273972517,1905.2282302089457,25276.44053120215
2020-09-30,2020,BTC Bull | Normal MVRV | Market Growth Leading,stacksats_mvrv_weight,False,sma_340d_weight,0.0002711764076197063,0.0027397260273972516,10772.439999999804,0.2711764076197063,2.7397260273972517,2517.3164818714354,25432.734156767652
2020-10-01,2020,BTC Bull | Normal MVRV | Market Growth Leading,stacksats_mvrv_weight,False,sma_340d_weight,0.0001859822898227668,0.0027397260273972516,10612.619999999686,0.1859822898227668,2.7397260273972517,1752.4634804861787,25815.73661732289
2020-10-02,2020,BTC Bull | Normal MVRV | Market Growth Leading,stacksats_mvrv_weight,False,sma_340d_weight,0.00022769827146257375,0.0027397260273972516,10573.089999999602,0.22769827146257374,2.7397260273972517,2153.5641090975514,25912.25486019087
2020-10-03,2020,BTC Bull | Normal MVRV | Market Growth Leading,stacksats_mvrv_weight,False,sma_340d_weight,0.0003682736656085326,0.0027397260273972516,10549.999999999647,0.3682736656085326,2.7397260273972517,3490.7456455786246,25968.967084335007
2020-10-04,2020,BTC Bull | Normal MVRV | Market Growth Leading,stacksats_mvrv_weight,False,sma_340d_weight,0.00042695860706153436,0.0027397260273972516,10668.209999999872,0.4269586070615344,2.7397260273972517,4002.1578789838177,25681.215755944853
2020-10-05,2020,BTC Bull | Normal MVRV | Market Growth Leading,stacksats_mvrv_weight,False,sma_340d_weight,0.0004606403477121562,0.0027397260273972516,10777.979999999967,0.46064034771215623,2.7397260273972517,4273.902416892198,25419.66145230609
2020-10-06,2020,BTC Bull | Normal MVRV | Market Growth Leading,stacksats_mvrv_weight,False,sma_340d_weight,0.00032721601914152264,0.0027397260273972516,10599.839999999936,0.32721601914152265,2.7397260273972517,3086.9901728849172,25846.862097892685
2020-10-07,2020,BTC Bull | Normal MVRV | Market Growth Leading,stacksats_mvrv_weight,False,sma_340d_weight,0.0002325965562334219,0.0027397260273972516,10659.669999999753,0.2325965562334219,2.7397260273972517,2182.0239860467286,25701.79027490828
2020-10-08,2020,BTC Bull | Normal MVRV | Market Growth Leading,stacksats_mvrv_weight,False,sma_340d_weight,0.000416339725804402,0.0027397260273972516,10906.37999999957,0.416339725804402,2.7397260273972517,3817.396109473706,25120.39766996345
2020-10-09,2020,BTC Bull | Normal MVRV | Market Growth Leading,stacksats_mvrv_weight,False,sma_340d_weight,0.00035147398212854547,0.0027397260273972516,11057.069999999534,0.35147398212854547,2.7397260273972517,3178.7262098237625,24778.04723491275
2020-10-10,2020,BTC Bull | Normal MVRV | Market Growth Leading,stacksats_mvrv_weight,False,sma_340d_weight,0.00016735194456527435,0.0027397260273972516,11301.529999999577,0.16735194456527436,2.7397260273972517,1480.7901635024693,24242.08073948708
2020-10-11,2020,BTC Bull | Normal MVRV | Market Growth Leading,stacksats_mvrv_weight,False,sma_340d_weight,0.00012107871802502883,0.0027397260273972516,11374.509999999498,0.12107871802502883,2.7397260273972517,1064.474144600815,24086.541111637976
2020-10-12,2020,BTC Bull | Normal MVRV | Market Growth Leading,stacksats_mvrv_weight,False,sma_340d_weight,6.365346150511044e-05,0.0027397260273972516,11561.579999999627,0.06365346150511043,2.7397260273972517,550.5602305663455,23696.813302311104
2020-10-13,2020,BTC Bull | Normal MVRV | Market Growth Leading,stacksats_mvrv_weight,False,sma_340d_weight,5.6900627158827144e-05,0.0027397260273972516,11429.929999999731,0.05690062715882714,2.7397260273972517,497.8213091316262,23969.753335298785
2020-10-14,2020,BTC Bull | Normal MVRV | Market Growth Leading,stacksats_mvrv_weight,False,sma_340d_weight,4.11770702071581e-05,0.0027397260273972516,11389.839999999847,0.041177070207158106,2.7397260273972517,361.52457108404207,24054.122159725583
2020-10-15,2020,BTC Bull | Normal MVRV | Market Growth Leading,stacksats_mvrv_weight,False,sma_340d_weight,6.163989196784229e-05,0.0027397260273972516,11499.999999999838,0.06163989196784229,2.7397260273972517,535.9990605899405,23823.70458606339
2020-10-16,2020,BTC Bull | Normal MVRV | Market Growth Leading,stacksats_mvrv_weight,False,sma_340d_weight,6.794830968074183e-05,0.0027397260273972516,11332.21999999986,0.06794830968074184,2.7397260273972517,599.6028111062323,24176.42816144838
2020-10-17,2020,BTC Bull | Normal MVRV | Market Growth Leading,stacksats_mvrv_weight,False,sma_340d_weight,5.419140158439862e-05,0.0027397260273972516,11370.399999999876,0.05419140158439862,2.7397260273972517,476.6006612291495,24095.247549754466
2020-10-18,2020,BTC Bull | Normal MVRV | Market Growth Leading,stacksats_mvrv_weight,False,sma_340d_weight,9.404976760907452e-05,0.0027397260273972516,11481.399999999741,0.09404976760907452,2.7397260273972517,819.1489505554779,23862.29926139071
2020-10-19,2020,BTC Bull | Normal MVRV | Market Growth Leading,stacksats_mvrv_weight,False,sma_340d_weight,8.783116588548804e-05,0.0027397260273972516,11744.909999999554,0.08783116588548803,2.7397260273972517,747.8232347927006,23326.922278649694
2020-10-20,2020,BTC Bull | Normal MVRV | Market Growth Leading,stacksats_mvrv_weight,False,sma_340d_weight,6.215496534762116e-05,0.0027397260273972516,11922.889999999848,0.06215496534762117,2.7397260273972517,521.3078821294331,22978.70757339275
2020-10-21,2020,BTC Bull | Normal MVRV | Market Growth Leading,stacksats_mvrv_weight,False,sma_340d_weight,3.618420737277311e-05,0.0027397260273972516,12829.179999999984,0.036184207372773114,2.7397260273972517,282.04614303309455,21355.425891578845
2020-10-22,2020,BTC Bull | Normal MVRV | Market Growth Leading,stacksats_mvrv_weight,False,sma_340d_weight,2.519251875175481e-05,0.0027397260273972516,12996.969999999976,0.02519251875175481,2.7397260273972517,193.83378396468456,21079.728793690043
2020-10-23,2020,BTC Bull | Normal MVRV | Market Growth Leading,stacksats_mvrv_weight,False,sma_340d_weight,2.5277283595700687e-05,0.0027397260273972516,12937.089999999527,0.025277283595700688,2.7397260273972517,195.38616176977675,21177.29742467086
2020-10-24,2020,BTC Bull | Normal MVRV | Market Growth Leading,stacksats_mvrv_weight,False,sma_340d_weight,2.5362042243047512e-05,0.0027397260273972516,13129.959999999697,0.025362042243047514,2.7397260273972517,193.16161087351443,20866.217622881675
2020-10-25,2020,BTC Bull | Normal MVRV | Market Growth Leading,stacksats_mvrv_weight,False,sma_340d_weight,2.544679469447476e-05,0.0027397260273972516,13044.999999999618,0.02544679469447476,2.7397260273972517,195.06933456861256,21002.115963183838
2020-10-26,2020,BTC Bull | Normal MVRV | Market Growth Leading,stacksats_mvrv_weight,False,sma_340d_weight,2.5531540950661798e-05,0.0027397260273972516,13077.139999999936,0.025531540950661798,2.7397260273972517,195.23795685189518,20950.4985600618
2020-10-27,2020,BTC Bull | Normal MVRV | Market Growth Leading,stacksats_mvrv_weight,False,sma_340d_weight,2.5616281012287882e-05,0.0027397260273972516,13698.179999999515,0.025616281012287884,2.7397260273972517,187.00499637388904,20000.65722159695
2020-10-28,2020,BTC Bull | Normal MVRV | Market Growth Leading,stacksats_mvrv_weight,False,sma_340d_weight,2.5701014880032187e-05,0.0027397260273972516,13286.339999999733,0.025701014880032187,2.7397260273972517,193.43938872580938,20620.622589797542
2020-10-29,2020,BTC Bull | Normal MVRV | Market Growth Leading,stacksats_mvrv_weight,False,sma_340d_weight,2.5785742554573776e-05,0.0027397260273972516,13459.99999999951,0.025785742554573776,2.7397260273972517,191.57312447678095,20354.576726577645
2020-10-30,2020,BTC Bull | Normal MVRV | Market Growth Leading,stacksats_mvrv_weight,False,sma_340d_weight,2.5870464036591617e-05,0.0027397260273972516,13636.38999999997,0.025870464036591618,2.7397260273972517,189.71636948335794,20091.28535776153
2020-10-31,2020,BTC Bull | Normal MVRV | Market Growth Leading,stacksats_mvrv_weight,False,sma_340d_weight,2.5955179326764577e-05,0.0027397260273972516,13800.019999999957,0.025955179326764576,2.7397260273972517,188.08073703345835,19853.05838250423
2020-11-01,2020,BTC Bull | Normal MVRV | Market Growth Leading,stacksats_mvrv_weight,False,sma_340d_weight,2.6039888425771423e-05,0.0027397260273972516,13758.419999999538,0.026039888425771422,2.7397260273972517,189.26510766332396,19913.086149407736
2020-11-02,2020,BTC Bull | Normal MVRV | Market Growth Leading,stacksats_mvrv_weight,False,sma_340d_weight,2.6124591334290822e-05,0.0027397260273972516,13575.90999999986,0.026124591334290823,2.7397260273972517,192.43344522975696,20180.791029089614
2020-11-03,2020,BTC Bull | Normal MVRV | Market Growth Leading,stacksats_mvrv_weight,False,sma_340d_weight,2.620928805300136e-05,0.0027397260273972516,14035.799999999912,0.026209288053001357,2.7397260273972517,186.7317007438231,19519.557327671162
2020-11-04,2020,BTC Bull | Normal MVRV | Market Growth Leading,stacksats_mvrv_weight,False,sma_340d_weight,2.6293978582581495e-05,0.0027397260273972516,14116.879999999841,0.026293978582581496,2.7397260273972517,186.25913503962485,19407.44716536007
2020-11-05,2020,BTC Bull | Normal MVRV | Market Growth Leading,stacksats_mvrv_weight,False,sma_340d_weight,2.63786629237096e-05,0.0027397260273972516,15591.359999999873,0.0263786629237096,2.7397260273972517,169.18769705599647,17572.07855759391
2020-11-06,2020,BTC Bull | Normal MVRV | Market Growth Leading,stacksats_mvrv_weight,False,sma_340d_weight,2.6463341077063955e-05,0.0027397260273972516,15579.159999999469,0.026463341077063954,2.7397260273972517,169.86372228711213,17585.839206974862
2020-11-07,2020,BTC Bull | Normal MVRV | Market Growth Leading,stacksats_mvrv_weight,False,sma_340d_weight,2.6548013043322723e-05,0.0027397260273972516,14864.839999999525,0.026548013043322723,2.7397260273972517,178.59602285206952,18430.91501420358
2020-11-08,2020,BTC Bull | Normal MVRV | Market Growth Leading,stacksats_mvrv_weight,False,sma_340d_weight,2.663267882316399e-05,0.0027397260273972516,15516.999999999902,0.02663267882316399,2.7397260273972517,171.63548896799742,17656.286829910863
2020-11-09,2020,BTC Bull | Normal MVRV | Market Growth Leading,stacksats_mvrv_weight,False,sma_340d_weight,2.6717338417265726e-05,0.0027397260273972516,15324.609999999542,0.026717338417265726,2.7397260273972517,174.3426972514571,17877.949438173848
2020-11-10,2020,BTC Bull | Normal MVRV | Market Growth Leading,stacksats_mvrv_weight,False,sma_340d_weight,2.6801991826305804e-05,0.0027397260273972516,15315.229999999627,0.026801991826305806,2.7397260273972517,175.00221561351972,17888.899007049313
2020-11-11,2020,BTC Bull | Normal MVRV | Market Growth Leading,stacksats_mvrv_weight,False,sma_340d_weight,2.6886639050962013e-05,0.0027397260273972516,15716.009999999593,0.026886639050962013,2.7397260273972517,171.0780220358902,17432.707330914924
2020-11-12,2020,BTC Bull | Normal MVRV | Market Growth Leading,stacksats_mvrv_weight,False,sma_340d_weight,2.6971280091912022e-05,0.0027397260273972516,16283.519999999718,0.026971280091912023,2.7397260273972517,165.63544056759525,16825.146082648585
2020-11-13,2020,BTC Bull | Normal MVRV | Market Growth Leading,stacksats_mvrv_weight,False,sma_340d_weight,2.7055914949833417e-05,0.0027397260273972516,16337.319999999483,0.027055914949833417,2.7397260273972517,165.6080369964858,16769.739635370664
2020-11-14,2020,BTC Bull | Normal MVRV | Market Growth Leading,stacksats_mvrv_weight,False,sma_340d_weight,2.714054362540368e-05,0.0027397260273972516,16100.52999999975,0.02714054362540368,2.7397260273972517,168.5692559524693,17016.37168091544
2020-11-15,2020,BTC Bull | Normal MVRV | Market Growth Leading,stacksats_mvrv_weight,False,sma_340d_weight,2.7225166119300178e-05,0.0027397260273972516,15992.89999999978,0.02722516611930018,2.7397260273972517,170.2328290635254,17130.889503450213
2020-11-16,2020,BTC Bull | Normal MVRV | Market Growth Leading,stacksats_mvrv_weight,False,sma_340d_weight,2.730978243220021e-05,0.0027397260273972516,16738.649999999543,0.02730978243220021,2.7397260273972517,163.1540323275829,16367.664222606521
2020-11-17,2020,BTC Bull | High MVRV | Market Growth Leading,stacksats_mvrv_weight,False,sma_340d_weight,2.7394392564780957e-05,0.0027397260273972516,17673.06999999994,0.027394392564780958,2.7397260273972517,155.00641690878297,15502.264334364436
2020-11-18,2020,BTC Bull | High MVRV | Market Growth Leading,stacksats_mvrv_weight,False,sma_340d_weight,2.747899651771949e-05,0.0027397260273972516,17796.30999999954,0.02747899651771949,2.7397260273972517,154.4083943116309,15394.910671916385
2020-11-19,2020,BTC Bull | High MVRV | Market Growth Leading,stacksats_mvrv_weight,False,sma_340d_weight,2.756359429169282e-05,0.0027397260273972516,17821.579999999518,0.02756359429169282,2.7397260273972517,154.66414477107847,15373.081552799054
2020-11-20,2020,BTC Bull | High MVRV | Market Growth Leading,stacksats_mvrv_weight,False,sma_340d_weight,2.7648185887377807e-05,0.0027397260273972516,18675.249999999625,0.02764818588737781,2.7397260273972517,148.04720626164772,14670.357973238948
2020-11-21,2020,BTC Bull | High MVRV | Market Growth Leading,stacksats_mvrv_weight,False,sma_340d_weight,2.773277130545126e-05,0.0027397260273972516,18751.929999999604,0.027732771305451258,2.7397260273972517,147.8928905208789,14610.368252213557
2020-11-22,2020,BTC Bull | High MVRV | Market Growth Leading,stacksats_mvrv_weight,False,sma_340d_weight,2.7817350546589858e-05,0.0027397260273972516,18473.309999999517,0.027817350546589858,2.7397260273972517,150.5813010586115,14830.726206604682
2020-11-23,2020,BTC Bull | High MVRV | Market Growth Leading,stacksats_mvrv_weight,False,sma_340d_weight,2.7901923611470195e-05,0.0027397260273972516,18361.839999999745,0.027901923611470196,2.7397260273972517,151.95603279121582,14920.759724500866
2020-11-24,2020,BTC Bull | High MVRV | Market Growth Leading,stacksats_mvrv_weight,False,sma_340d_weight,2.7986490500768758e-05,0.0027397260273972516,19179.739999999798,0.02798649050076876,2.7397260273972517,145.91694413359644,14284.47949449409
2020-11-25,2020,BTC Bull | High MVRV | Market Growth Leading,stacksats_mvrv_weight,False,sma_340d_weight,2.8071051215161953e-05,0.0027397260273972516,18736.789999999888,0.028071051215161954,2.7397260273972517,149.81782479902972,14622.173955075912
2020-11-26,2020,BTC Bull | Normal MVRV | Market Growth Leading,stacksats_mvrv_weight,False,sma_340d_weight,2.8155605755326058e-05,0.0027397260273972516,17160.62999999979,0.02815560575532606,2.7397260273972517,164.0709330329155,15965.183256076762
2020-11-27,2020,BTC Bull | Normal MVRV | Market Growth Leading,stacksats_mvrv_weight,False,sma_340d_weight,2.8240154121937276e-05,0.0027397260273972516,17137.76999999993,0.028240154121937276,2.7397260273972517,164.78313177232155,15986.479147504388
2020-11-28,2020,BTC Bull | Normal MVRV | Market Growth Leading,stacksats_mvrv_weight,False,sma_340d_weight,2.8324696315671692e-05,0.0027397260273972516,17723.529999999784,0.028324696315671694,2.7397260273972517,159.81407945071913,15458.128416840693
2020-11-29,2020,BTC Bull | Normal MVRV | Market Growth Leading,stacksats_mvrv_weight,False,sma_340d_weight,2.8409232337205337e-05,0.0027397260273972516,18183.819999999574,0.028409232337205336,2.7397260273972517,156.2335765378562,15066.834292229663
2020-11-30,2020,BTC Bull | High MVRV | Market Growth Leading,stacksats_mvrv_weight,False,sma_340d_weight,2.8493762187214076e-05,0.0027397260273972516,19677.169999999624,0.028493762187214076,2.7397260273972517,144.80620021687378,13923.374282975165
2020-12-01,2020,BTC Bull | High MVRV | Market Growth Leading,stacksats_mvrv_weight,False,sma_340d_weight,2.8578285866373724e-05,0.0027397260273972516,18748.719999999514,0.028578285866373725,2.7397260273972517,152.4279303673769,14612.869718025138
2020-12-02,2020,BTC Bull | High MVRV | Market Growth Leading,stacksats_mvrv_weight,False,sma_340d_weight,2.866280337535999e-05,0.0027397260273972516,19222.31999999996,0.028662803375359987,2.7397260273972517,149.11209144036746,14252.837469136179
2020-12-03,2020,BTC Bull | High MVRV | Market Growth Leading,stacksats_mvrv_weight,False,sma_340d_weight,2.8747314714848455e-05,0.0027397260273972516,19452.79999999981,0.028747314714848454,2.7397260273972517,147.77982971525302,14083.96748744283
2020-12-04,2020,BTC Bull | Normal MVRV | Market Growth Leading,stacksats_mvrv_weight,False,sma_340d_weight,2.8831819885514636e-05,0.0027397260273972516,18658.09999999963,0.028831819885514635,2.7397260273972517,154.5270948570069,14683.842553085824
2020-12-05,2020,BTC Bull | High MVRV | Market Growth Leading,stacksats_mvrv_weight,False,sma_340d_weight,2.891631888803395e-05,0.0027397260273972516,19133.38999999962,0.02891631888803395,2.7397260273972517,151.13013892485608,14319.083170297088
2020-12-06,2020,BTC Bull | High MVRV | Market Growth Leading,stacksats_mvrv_weight,False,sma_340d_weight,2.9000811723081695e-05,0.0027397260273972516,19332.839999999822,0.029000811723081697,2.7397260273972517,150.00802635868274,14171.358307404793
2020-12-07,2020,BTC Bull | High MVRV | Market Growth Leading,stacksats_mvrv_weight,False,sma_340d_weight,2.9085298391333073e-05,0.0027397260273972516,19177.709999999657,0.029085298391333073,2.7397260273972517,151.66199922375296,14285.991535993091
2020-12-08,2020,BTC Bull | Normal MVRV | Market Growth Leading,stacksats_mvrv_weight,False,sma_340d_weight,2.9169778893463207e-05,0.0027397260273972516,18316.359999999942,0.029169778893463207,2.7397260273972517,159.2553263501225,14957.808360379793
2020-12-09,2020,BTC Bull | Normal MVRV | Market Growth Leading,stacksats_mvrv_weight,False,sma_340d_weight,2.9254253230147095e-05,0.0027397260273972516,18544.659999999814,0.029254253230147097,2.7397260273972517,157.75028083635607,14773.665450848272
2020-12-10,2020,BTC Bull | Normal MVRV | Market Growth Leading,stacksats_mvrv_weight,False,sma_340d_weight,2.9338721402059667e-05,0.0027397260273972516,18278.249999999716,0.02933872140205967,2.7397260273972517,160.51165402628874,14988.995267037566
2020-12-11,2020,BTC Bull | Normal MVRV | Market Growth Leading,stacksats_mvrv_weight,False,sma_340d_weight,2.942318340987572e-05,0.0027397260273972516,18083.32999999996,0.02942318340987572,2.7397260273972517,162.70887834196347,15150.561469581418
2020-12-12,2020,BTC Bull | Normal MVRV | Market Growth Leading,stacksats_mvrv_weight,False,sma_340d_weight,2.9507639254269972e-05,0.0027397260273972516,18830.739999999863,0.029507639254269972,2.7397260273972517,156.69930790967422,14549.221259479295
2020-12-13,2020,BTC Bull | Normal MVRV | Market Growth Leading,stacksats_mvrv_weight,False,sma_340d_weight,2.9592088935917062e-05,0.0027397260273972516,19120.659999999614,0.02959208893591706,2.7397260273972517,154.76499731660758,14328.616414900465
2020-12-14,2020,BTC Bull | Normal MVRV | Market Growth Leading,stacksats_mvrv_weight,False,sma_340d_weight,2.9676532455491493e-05,0.0027397260273972516,19270.309999999634,0.029676532455491494,2.7397260273972517,154.00132356714582,14217.342779629927
2020-12-15,2020,BTC Bull | Normal MVRV | Market Growth Leading,stacksats_mvrv_weight,False,sma_340d_weight,2.9760969813667686e-05,0.0027397260273972516,19443.829999999663,0.029760969813667687,2.7397260273972517,153.0612529201716,14090.464828160393
2020-12-16,2020,BTC Bull | High MVRV | Market Growth Leading,stacksats_mvrv_weight,False,sma_340d_weight,2.9845401011119964e-05,0.0027397260273972516,21359.649999999718,0.029845401011119963,2.7397260273972517,139.727949714159,12826.642886925994
2020-12-17,2020,BTC Bull | High MVRV | Market Growth Leading,stacksats_mvrv_weight,False,sma_340d_weight,2.9929826048522547e-05,0.0027397260273972516,22739.1599999996,0.029929826048522547,2.7397260273972517,131.6223908381975,12048.492676938373
2020-12-18,2020,BTC Bull | High MVRV | Market Growth Leading,stacksats_mvrv_weight,False,sma_340d_weight,3.0014244926549576e-05,0.0027397260273972516,23039.99999999955,0.030014244926549576,2.7397260273972517,130.27016027148508,11891.171993911916
2020-12-19,2020,BTC Bull | High MVRV | Market Growth Leading,stacksats_mvrv_weight,False,sma_340d_weight,3.0098657645875066e-05,0.0027397260273972516,23874.539999999954,0.030098657645875066,2.7397260273972517,126.0701049983586,11475.513360245925
2020-12-20,2020,BTC Bull | High MVRV | Market Growth Leading,stacksats_mvrv_weight,False,sma_340d_weight,3.0183064207172943e-05,0.0027397260273972516,23480.139999999825,0.030183064207172944,2.7397260273972517,128.54720715963862,11668.269556302783
2020-12-21,2020,BTC Bull | High MVRV | Market Growth Leading,stacksats_mvrv_weight,False,sma_340d_weight,3.0267464611117046e-05,0.0027397260273972516,22900.479999999916,0.030267464611117047,2.7397260273972517,132.16956417995237,11963.618349472421
2020-12-22,2020,BTC Bull | High MVRV | Market Growth Leading,stacksats_mvrv_weight,False,sma_340d_weight,3.0351858858381103e-05,0.0027397260273972516,23837.609999999713,0.030351858858381105,2.7397260273972517,127.32760901106055,11493.291598433252
2020-12-23,2020,BTC Bull | High MVRV | Market Growth Leading,stacksats_mvrv_weight,False,sma_340d_weight,3.0436246949638752e-05,0.0027397260273972516,23425.61999999975,0.030436246949638753,2.7397260273972517,129.92717780634652,11695.425894372403
2020-12-24,2020,BTC Bull | High MVRV | Market Growth Leading,stacksats_mvrv_weight,False,sma_340d_weight,3.0520628885563524e-05,0.0027397260273972516,23767.999999999804,0.030520628885563523,2.7397260273972517,128.41058938725925,11526.952319914482
2020-12-25,2020,BTC Bull | High MVRV | Market Growth Leading,stacksats_mvrv_weight,False,sma_340d_weight,3.060500466682886e-05,0.0027397260273972516,24692.859999999837,0.030605004666828865,2.7397260273972517,123.9427294644244,11095.215489000746
2020-12-26,2020,BTC Bull | High MVRV | Market Growth Leading,stacksats_mvrv_weight,False,sma_340d_weight,3.06893742941081e-05,0.0027397260273972516,26464.039999999473,0.0306893742941081,2.7397260273972517,115.9663237136458,10352.637115864796
2020-12-27,2020,BTC Bull | High MVRV | Market Growth Leading,stacksats_mvrv_weight,False,sma_340d_weight,3.077373776807449e-05,0.0027397260273972516,26254.39999999952,0.03077373776807449,2.7397260273972517,117.21363949690357,10435.30237749597
2020-12-28,2020,BTC Bull | High MVRV | Market Growth Leading,stacksats_mvrv_weight,False,sma_340d_weight,0.07271583017885547,0.0027397260273972516,27086.95999999959,72.71583017885547,2.7397260273972517,268453.27116389794,10114.557068778826
2020-12-29,2020,BTC Bull | High MVRV | Market Growth Leading,stacksats_mvrv_weight,False,sma_340d_weight,0.08556137236799376,0.0027397260273972516,27376.879999999972,85.56137236799376,2.7397260273972517,312531.4950717315,10007.444337693902
2020-12-30,2020,BTC Bull | High MVRV | Market Growth Leading,stacksats_mvrv_weight,False,sma_340d_weight,0.08556137236799378,0.0027397260273972516,28810.00999999999,85.56137236799378,2.7397260273972517,296984.8756317468,9509.632337500932
2020-12-31,2020,BTC Bull | High MVRV | Market Growth Leading,stacksats_mvrv_weight,False,sma_340d_weight,0.08556137236799378,0.00273972602740076,29036.909999999563,85.56137236799378,2.73972602740076,294664.17868841783,9435.322241246748
2021-01-01,2021,BTC Bull | High MVRV | Market Growth Leading,stacksats_mvrv_weight,False,sma_340d_weight,0.0021737572651348786,0.0027397260273972516,29401.999999999483,2.1737572651348787,2.7397260273972517,7393.229253570903,9318.162122975647
2021-01-02,2021,BTC Bull | High MVRV | Market Growth Leading,stacksats_mvrv_weight,False,sma_340d_weight,0.002173757265134876,0.0027397260273972516,32225.909999999603,2.173757265134876,2.7397260273972517,6745.371240517033,8501.625019735005
2021-01-03,2021,BTC Bull | High MVRV | Market Growth Leading,stacksats_mvrv_weight,False,sma_340d_weight,0.002173757265134876,0.0027397260273972516,33417.71999999981,2.173757265134876,2.7397260273972517,6504.804233008381,8198.422954639835
2021-01-04,2021,BTC Bull | High MVRV | Market Growth Leading,stacksats_mvrv_weight,False,sma_340d_weight,0.0021737572651348755,0.0027397260273972516,32039.989999999754,2.1737572651348755,2.7397260273972517,6784.512932541153,8550.957810527634
2021-01-05,2021,BTC Bull | High MVRV | Market Growth Leading,stacksats_mvrv_weight,False,sma_340d_weight,0.002173757265134876,0.0027397260273972516,34085.6299999996,2.173757265134876,2.7397260273972517,6377.342197092738,8037.774356517054
2021-01-06,2021,BTC Bull | High MVRV | Market Growth Leading,stacksats_mvrv_weight,False,sma_340d_weight,0.002173757265134876,0.0027397260273972516,36425.88999999985,2.173757265134876,2.7397260273972517,5967.616069600181,7521.370177632622
2021-01-07,2021,BTC Bull | High MVRV | Market Growth Leading,stacksats_mvrv_weight,False,sma_340d_weight,0.0021737572651348764,0.0027397260273972516,39505.559999999685,2.1737572651348764,2.7397260273972517,5502.408433483524,6935.03908664318
2021-01-08,2021,BTC Bull | High MVRV | Market Growth Leading,stacksats_mvrv_weight,False,sma_340d_weight,0.0021737572651348764,0.0027397260273972516,40690.9499999998,2.1737572651348764,2.7397260273972517,5342.114807186578,6733.010724490986
2021-01-09,2021,BTC Bull | High MVRV | Market Growth Leading,stacksats_mvrv_weight,False,sma_340d_weight,0.0021737572651348764,0.0027397260273972516,40435.5299999996,2.1737572651348764,2.7397260273972517,5375.859461060355,6775.541281138838
2021-01-10,2021,BTC Bull | High MVRV | Market Growth Leading,stacksats_mvrv_weight,False,sma_340d_weight,0.0021737572651348764,0.0027397260273972516,38448.979999999916,2.1737572651348764,2.7397260273972517,5653.61490769035,7125.614326822864
2021-01-11,2021,BTC Bull | High MVRV | Market Growth Leading,stacksats_mvrv_weight,False,sma_340d_weight,0.0021737572651348764,0.0027397260273972516,35514.10999999992,2.1737572651348764,2.7397260273972517,6120.827088542783,7714.471874410643
2021-01-12,2021,BTC Bull | High MVRV | Market Growth Leading,stacksats_mvrv_weight,False,sma_340d_weight,0.0021737572651348764,0.0027397260273972516,33780.07999999978,2.1737572651348764,2.7397260273972517,6435.026989678208,8110.478209042932
2021-01-13,2021,BTC Bull | High MVRV | Market Growth Leading,stacksats_mvrv_weight,False,sma_340d_weight,0.0021737572651348764,0.0027397260273972516,37322.95999999971,2.1737572651348764,2.7397260273972517,5824.182393719291,7340.591494879488
2021-01-14,2021,BTC Bull | High MVRV | Market Growth Leading,stacksats_mvrv_weight,False,sma_340d_weight,0.002173757265134876,0.0027397260273972516,39277.249999999796,2.173757265134876,2.7397260273972517,5534.39272132058,6975.350940804832
2021-01-15,2021,BTC Bull | High MVRV | Market Growth Leading,stacksats_mvrv_weight,False,sma_340d_weight,0.002173757265134876,0.0027397260273972516,36614.99999999953,2.173757265134876,2.7397260273972517,5936.794387914527,7482.523630745015
2021-01-16,2021,BTC Bull | High MVRV | Market Growth Leading,stacksats_mvrv_weight,False,sma_340d_weight,0.0021737572651348755,0.0027397260273972516,36343.94999999963,2.1737572651348755,2.7397260273972517,5981.070481152702,7538.327637467251
2021-01-17,2021,BTC Bull | High MVRV | Market Growth Leading,stacksats_mvrv_weight,False,sma_340d_weight,0.0021737572651348755,0.0027397260273972516,35808.76999999997,2.1737572651348755,2.7397260273972517,6070.460574699655,7650.9917190600345
2021-01-18,2021,BTC Bull | High MVRV | Market Growth Leading,stacksats_mvrv_weight,False,sma_340d_weight,0.0021737572651348755,0.0027397260273972516,36742.47999999978,2.1737572651348755,2.7397260273972517,5916.196362180475,7456.5626147099165
2021-01-19,2021,BTC Bull | High MVRV | Market Growth Leading,stacksats_mvrv_weight,False,sma_340d_weight,0.0021737572651348755,0.0027397260273972516,36298.5599999996,2.1737572651348755,2.7397260273972517,5988.549587462697,7547.754035965289
2021-01-20,2021,BTC Bull | High MVRV | Market Growth Leading,stacksats_mvrv_weight,False,sma_340d_weight,0.0021737572651348755,0.0027397260273972516,35607.9999999996,2.1737572651348755,2.7397260273972517,6104.687893548922,7694.130609405983
2021-01-21,2021,BTC Bull | High MVRV | Market Growth Leading,stacksats_mvrv_weight,False,sma_340d_weight,0.0021737572651348755,0.0027397260273972516,31092.539999999975,2.1737572651348755,2.7397260273972517,6991.250200642589,8811.522080207194
2021-01-22,2021,BTC Bull | High MVRV | Market Growth Leading,stacksats_mvrv_weight,False,sma_340d_weight,0.0021737572651348755,0.0027397260273972516,32893.0099999999,2.1737572651348755,2.7397260273972517,6608.569009448762,8329.204373200446
2021-01-23,2021,BTC Bull | High MVRV | Market Growth Leading,stacksats_mvrv_weight,False,sma_340d_weight,0.0021737572651348755,0.0027397260273972516,32083.779999999708,2.1737572651348755,2.7397260273972517,6775.252994300845,8539.286915061992
2021-01-24,2021,BTC Bull | High MVRV | Market Growth Leading,stacksats_mvrv_weight,False,sma_340d_weight,0.0021737572651348755,0.0027397260273972516,32273.89999999959,2.1737572651348755,2.7397260273972517,6735.341142951124,8488.98344295944
2021-01-25,2021,BTC Bull | High MVRV | Market Growth Leading,stacksats_mvrv_weight,False,sma_340d_weight,0.0021737572651348755,0.0027397260273972516,32472.429999999833,2.1737572651348755,2.7397260273972517,6694.162602351862,8437.083480962976
2021-01-26,2021,BTC Bull | High MVRV | Market Growth Leading,stacksats_mvrv_weight,False,sma_340d_weight,0.0021737572651348755,0.0027397260273972516,32553.19999999965,2.1737572651348755,2.7397260273972517,6677.553251707663,8416.149648566903
2021-01-27,2021,BTC Bull | High MVRV | Market Growth Leading,stacksats_mvrv_weight,False,sma_340d_weight,0.0021737572651348755,0.0027397260273972516,30454.30999999967,2.1737572651348755,2.7397260273972517,7137.7656073472,8996.184866435266
2021-01-28,2021,BTC Bull | High MVRV | Market Growth Leading,stacksats_mvrv_weight,False,sma_340d_weight,0.0021737572651348755,0.0027397260273972516,33460.059999999525,2.1737572651348755,2.7397260273972517,6496.573123703025,8188.048758422103
2021-01-29,2021,BTC Bull | High MVRV | Market Growth Leading,stacksats_mvrv_weight,False,sma_340d_weight,0.002173757265134875,0.0027397260273972516,34337.44999999979,2.173757265134875,2.7397260273972517,6330.572786083091,7978.827861117434
2021-01-30,2021,BTC Bull | High MVRV | Market Growth Leading,stacksats_mvrv_weight,False,sma_340d_weight,0.002173757265134875,0.0027397260273972516,34370.62999999979,2.173757265134875,2.7397260273972517,6324.461510117471,7971.1254271372645
2021-01-31,2021,BTC Bull | High MVRV | Market Growth Leading,stacksats_mvrv_weight,False,sma_340d_weight,0.002173757265134875,0.0027397260273972516,33186.339999999946,2.173757265134875,2.7397260273972517,6550.1566763158535,8255.583554550627
2021-02-01,2021,BTC Bull | High MVRV | Market Growth Leading,stacksats_mvrv_weight,False,sma_340d_weight,0.002173757265134875,0.0027397260273972516,33632.519999999575,2.173757265134875,2.7397260273972517,6463.260157534738,8146.0622855417505
2021-02-02,2021,BTC Bull | High MVRV | Market Growth Leading,stacksats_mvrv_weight,False,sma_340d_weight,0.002173757265134875,0.0027397260273972516,35561.039999999775,2.173757265134875,2.7397260273972517,6112.749416594365,7704.291065158019
2021-02-03,2021,BTC Bull | High MVRV | Market Growth Leading,stacksats_mvrv_weight,False,sma_340d_weight,0.002173757265134875,0.0027397260273972516,37674.159999999705,2.173757265134875,2.7397260273972517,5769.8891365723675,7272.162212501283
2021-02-04,2021,BTC Bull | High MVRV | Market Growth Leading,stacksats_mvrv_weight,False,sma_340d_weight,0.002173757265134875,0.0027397260273972516,36979.18999999982,2.173757265134875,2.7397260273972517,5878.3257965760895,7408.831906262049
2021-02-05,2021,BTC Bull | High MVRV | Market Growth Leading,stacksats_mvrv_weight,False,sma_340d_weight,0.002173757265134875,0.0027397260273972516,37933.979999999996,2.173757265134875,2.7397260273972517,5730.369618834816,7222.353223672422
2021-02-06,2021,BTC Bull | High MVRV | Market Growth Leading,stacksats_mvrv_weight,False,sma_340d_weight,0.002173757265134875,0.0027397260273972516,39351.009999999784,2.173757265134875,2.7397260273972517,5524.018989944317,6962.276260246603
2021-02-07,2021,BTC Bull | High MVRV | Market Growth Leading,stacksats_mvrv_weight,False,sma_340d_weight,0.002173757265134875,0.0027397260273972516,38949.819999999694,2.173757265134875,2.7397260273972517,5580.917357602402,7033.988930878944
2021-02-08,2021,BTC Bull | High MVRV | Market Growth Leading,stacksats_mvrv_weight,False,sma_340d_weight,0.002173757265134875,0.0027397260273972516,46349.60999999974,2.173757265134875,2.7397260273972517,4689.9148992513365,5911.001252000324
2021-02-09,2021,BTC Bull | High MVRV | Market Growth Leading,stacksats_mvrv_weight,False,sma_340d_weight,0.0021737572651348747,0.0027397260273972516,46514.72999999991,2.1737572651348747,2.7397260273972517,4673.266436535006,5890.018124145313
2021-02-10,2021,BTC Bull | High MVRV | Market Growth Leading,stacksats_mvrv_weight,False,sma_340d_weight,0.0021737572651348747,0.0027397260273972516,45076.22999999982,2.1737572651348747,2.7397260273972517,4822.402550379398,6077.983956061238
2021-02-11,2021,BTC Bull | High MVRV | Market Growth Leading,stacksats_mvrv_weight,False,sma_340d_weight,0.0021737572651348747,0.0027397260273972516,47824.82999999975,2.1737572651348747,2.7397260273972517,4545.248284489221,5728.668617112212
2021-02-12,2021,BTC Bull | High MVRV | Market Growth Leading,stacksats_mvrv_weight,False,sma_340d_weight,0.0021737572651348747,0.0027397260273972516,47616.61999999974,2.1737572651348747,2.7397260273972517,4565.122986753126,5753.717982076986
2021-02-13,2021,BTC Bull | High MVRV | Market Growth Leading,stacksats_mvrv_weight,False,sma_340d_weight,0.0021737572651348747,0.0027397260273972516,47127.49999999993,2.1737572651348747,2.7397260273972517,4612.5028171128915,5813.4338282261015
2021-02-14,2021,BTC Bull | High MVRV | Market Growth Leading,stacksats_mvrv_weight,False,sma_340d_weight,0.0021737572651348747,0.0027397260273972516,49133.69999999993,2.1737572651348747,2.7397260273972517,4424.167659131875,5576.062920963118
2021-02-15,2021,BTC Bull | High MVRV | Market Growth Leading,stacksats_mvrv_weight,False,sma_340d_weight,0.0021737572651348747,0.0027397260273972516,47973.89999999981,2.1737572651348747,2.7397260273972517,4531.124768123674,5710.867841466427
2021-02-16,2021,BTC Bull | High MVRV | Market Growth Leading,stacksats_mvrv_weight,False,sma_340d_weight,0.002173757265134875,0.0027397260273972516,49103.429999999935,2.173757265134875,2.7397260273972517,4426.89495445609,5579.500306592136
2021-02-17,2021,BTC Bull | High MVRV | Market Growth Leading,stacksats_mvrv_weight,False,sma_340d_weight,0.002173757265134875,0.0027397260273972516,52212.559999999525,2.173757265134875,2.7397260273972517,4163.284208119454,5247.254736019986
2021-02-18,2021,BTC Bull | High MVRV | Market Growth Leading,stacksats_mvrv_weight,False,sma_340d_weight,0.0021737572651348755,0.0027397260273972516,51665.879999999546,2.1737572651348755,2.7397260273972517,4207.336186153985,5302.776275943187
2021-02-19,2021,BTC Bull | High MVRV | Market Growth Leading,stacksats_mvrv_weight,False,sma_340d_weight,0.0021737572651348755,0.0027397260273972516,55899.98999999963,2.1737572651348755,2.7397260273972517,3888.654121646337,4901.1207826643085
2021-02-20,2021,BTC Bull | High MVRV | Market Growth Leading,stacksats_mvrv_weight,False,sma_340d_weight,0.0021737572651348755,0.0027397260273972516,56036.24999999963,2.1737572651348755,2.7397260273972517,3879.1983138323676,4889.203020182953
2021-02-21,2021,BTC Bull | High MVRV | Market Growth Leading,stacksats_mvrv_weight,False,sma_340d_weight,0.002173757265134876,0.0027397260273972516,57479.23999999983,2.173757265134876,2.7397260273972517,3781.812816479275,4766.461817166093
2021-02-22,2021,BTC Bull | High MVRV | Market Growth Leading,stacksats_mvrv_weight,False,sma_340d_weight,0.002173757265134876,0.0027397260273972516,53524.96999999946,2.173757265134876,2.7397260273972517,4061.202211108008,5118.594232555906
2021-02-23,2021,BTC Bull | High MVRV | Market Growth Leading,stacksats_mvrv_weight,False,sma_340d_weight,0.0021737572651348764,0.0027397260273972516,48866.74999999977,2.1737572651348764,2.7397260273972517,4448.336067233624,5606.523919428374
2021-02-24,2021,BTC Bull | High MVRV | Market Growth Leading,stacksats_mvrv_weight,False,sma_340d_weight,0.0021737572651348764,0.0027397260273972516,49737.81999999955,2.1737572651348764,2.7397260273972517,4370.43132396011,5508.335563153504
2021-02-25,2021,BTC Bull | High MVRV | Market Growth Leading,stacksats_mvrv_weight,False,sma_340d_weight,0.0021737572651348764,0.0027397260273972516,47013.749999999774,2.1737572651348764,2.7397260273972517,4623.662790428091,5827.499460045763
2021-02-26,2021,BTC Bull | High MVRV | Market Growth Leading,stacksats_mvrv_weight,False,sma_340d_weight,0.0021737572651348764,0.0027397260273972516,46461.979999999676,2.1737572651348764,2.7397260273972517,4678.572168329657,5896.705279020117
2021-02-27,2021,BTC Bull | High MVRV | Market Growth Leading,stacksats_mvrv_weight,False,sma_340d_weight,0.0021737572651348764,0.0027397260273972516,46295.87999999992,2.1737572651348764,2.7397260273972517,4695.357913349699,5917.861432588076
2021-02-28,2021,BTC Bull | High MVRV | Market Growth Leading,stacksats_mvrv_weight,False,sma_340d_weight,0.0021737572651348773,0.0027397260273972516,45122.7299999995,2.1737572651348773,2.7397260273972517,4817.432954820999,6071.720455294442
2021-03-01,2021,BTC Bull | High MVRV | Market Growth Leading,stacksats_mvrv_weight,False,sma_340d_weight,0.0021737572651348773,0.0027397260273972516,49593.849999999926,2.1737572651348773,2.7397260273972517,4383.118602679326,5524.326156161007
2021-03-02,2021,BTC Bull | High MVRV | Market Growth Leading,stacksats_mvrv_weight,False,sma_340d_weight,0.0021737572651348773,0.0027397260273972516,48511.59999999949,2.1737572651348773,2.7397260273972517,4480.902021650286,5647.568885374386
2021-03-03,2021,BTC Bull | High MVRV | Market Growth Leading,stacksats_mvrv_weight,False,sma_340d_weight,0.0021737572651348773,0.0027397260273972516,50443.70999999975,2.1737572651348773,2.7397260273972517,4309.273178231514,5431.25402036699
2021-03-04,2021,BTC Bull | High MVRV | Market Growth Leading,stacksats_mvrv_weight,False,sma_340d_weight,0.0021737572651348773,0.0027397260273972516,48484.23999999966,2.1737572651348773,2.7397260273972517,4483.430626395077,5650.7558484927695
2021-03-05,2021,BTC Bull | High MVRV | Market Growth Leading,stacksats_mvrv_weight,False,sma_340d_weight,0.002173757265134878,0.0027397260273972516,48880.00999999961,2.173757265134878,2.7397260273972517,4447.12933801547,5605.003001016722
2021-03-06,2021,BTC Bull | High MVRV | Market Growth Leading,stacksats_mvrv_weight,False,sma_340d_weight,0.002173757265134878,0.0027397260273972516,48919.08999999998,2.173757265134878,2.7397260273972517,4443.576659203757,5600.525331516291
2021-03-07,2021,BTC Bull | High MVRV | Market Growth Leading,stacksats_mvrv_weight,False,sma_340d_weight,0.002173757265134878,0.0027397260273972516,51156.409999999625,2.173757265134878,2.7397260273972517,4249.237319692476,5355.586968274888
2021-03-08,2021,BTC Bull | High MVRV | Market Growth Leading,stacksats_mvrv_weight,False,sma_340d_weight,0.002173757265134878,0.0027397260273972516,52282.95999999993,2.173757265134878,2.7397260273972517,4157.6782667524585,5240.1892077213215
2021-03-09,2021,BTC Bull | High MVRV | Market Growth Leading,stacksats_mvrv_weight,False,sma_340d_weight,0.002173757265134878,0.0027397260273972516,54687.81999999964,2.173757265134878,2.7397260273972517,3974.8471691409395,5009.75542158614
2021-03-10,2021,BTC Bull | High MVRV | Market Growth Leading,stacksats_mvrv_weight,False,sma_340d_weight,0.002173757265134878,0.0027397260273972516,56289.999999999694,2.173757265134878,2.7397260273972517,3861.711254458856,4867.162955049327
2021-03-11,2021,BTC Bull | High MVRV | Market Growth Leading,stacksats_mvrv_weight,False,sma_340d_weight,0.0021737572651348786,0.0027397260273972516,57979.849999999715,2.1737572651348787,2.7397260273972517,3749.159863529984,4725.307201376453
2021-03-12,2021,BTC Bull | High MVRV | Market Growth Leading,stacksats_mvrv_weight,False,sma_340d_weight,0.0021737572651348786,0.0027397260273972516,57370.639999999985,2.1737572651348787,2.7397260273972517,3788.9716153329978,4775.484511585111
2021-03-13,2021,BTC Bull | High MVRV | Market Growth Leading,stacksats_mvrv_weight,False,sma_340d_weight,0.0021737572651348786,0.0027397260273972516,61274.099999999584,2.1737572651348787,2.7397260273972517,3547.5955830194057,4471.262780517822
2021-03-14,2021,BTC Bull | High MVRV | Market Growth Leading,stacksats_mvrv_weight,False,sma_340d_weight,0.0021737572651348786,0.0027397260273972516,59574.06999999955,2.1737572651348787,2.7397260273972517,3648.8312199164757,4598.856561919091
2021-03-15,2021,BTC Bull | High MVRV | Market Growth Leading,stacksats_mvrv_weight,False,sma_340d_weight,0.002173757265134879,0.0027397260273972516,55831.12999999977,2.173757265134879,2.7397260273972517,3893.450240277938,4907.165639307789
2021-03-16,2021,BTC Bull | High MVRV | Market Growth Leading,stacksats_mvrv_weight,False,sma_340d_weight,0.002173757265134879,0.0027397260273972516,56410.09999999957,2.173757265134879,2.7397260273972517,3853.4894728690356,4856.800515151139
2021-03-17,2021,BTC Bull | High MVRV | Market Growth Leading,stacksats_mvrv_weight,False,sma_340d_weight,0.002173757265134879,0.0027397260273972516,58723.57999999997,2.173757265134879,2.7397260273972517,3701.677018218031,4665.461518860487
2021-03-18,2021,BTC Bull | High MVRV | Market Growth Leading,stacksats_mvrv_weight,False,sma_340d_weight,0.002173757265134879,0.0027397260273972516,57951.32999999967,2.173757265134879,2.7397260273972517,3751.0049642258277,4727.632700400953
2021-03-19,2021,BTC Bull | High MVRV | Market Growth Leading,stacksats_mvrv_weight,False,sma_340d_weight,0.002173757265134879,0.0027397260273972516,58039.659999999494,2.173757265134879,2.7397260273972517,3745.2963458691834,4720.43776169136
2021-03-20,2021,BTC Bull | High MVRV | Market Growth Leading,stacksats_mvrv_weight,False,sma_340d_weight,0.002173757265134879,0.0027397260273972516,58064.79999999951,2.173757265134879,2.7397260273972517,3743.6747653223597,4718.3939794802955
2021-03-21,2021,BTC Bull | High MVRV | Market Growth Leading,stacksats_mvrv_weight,False,sma_340d_weight,0.002173757265134879,0.0027397260273972516,57552.539999999986,2.173757265134879,2.7397260273972517,3776.9962283765053,4760.391161532145
2021-03-22,2021,BTC Bull | High MVRV | Market Growth Leading,stacksats_mvrv_weight,False,sma_340d_weight,0.002173757265134879,0.0027397260273972516,54606.70999999986,2.173757265134879,2.7397260273972517,3980.75120280069,5017.196654765063
2021-03-23,2021,BTC Bull | High MVRV | Market Growth Leading,stacksats_mvrv_weight,False,sma_340d_weight,0.002173757265134879,0.0027397260273972516,54582.76999999965,2.173757265134879,2.7397260273972517,3982.4971600651506,5019.397196949274
2021-03-24,2021,BTC Bull | High MVRV | Market Growth Leading,stacksats_mvrv_weight,False,sma_340d_weight,0.0021737572651348794,0.0027397260273972516,52276.15999999998,2.1737572651348795,2.7397260273972517,4158.219090948685,5240.87084322424
2021-03-25,2021,BTC Bull | High MVRV | Market Growth Leading,stacksats_mvrv_weight,False,sma_340d_weight,0.0021737572651348794,0.0027397260273972516,51404.32999999961,2.1737572651348795,2.7397260273972517,4228.743502998475,5329.7572935923345
2021-03-26,2021,BTC Bull | High MVRV | Market Growth Leading,stacksats_mvrv_weight,False,sma_340d_weight,0.0021737572651348794,0.0027397260273972516,55049.32999999976,2.1737572651348795,2.7397260273972517,3948.7442719736805,4976.856262187503
2021-03-27,2021,BTC Bull | High MVRV | Market Growth Leading,stacksats_mvrv_weight,False,sma_340d_weight,0.0021737572651348794,0.0027397260273972516,55872.45999999993,2.1737572651348795,2.7397260273972517,3890.5701756015083,4903.535708642962
2021-03-28,2021,BTC Bull | High MVRV | Market Growth Leading,stacksats_mvrv_weight,False,sma_340d_weight,0.0021737572651348794,0.0027397260273972516,55736.77,2.1737572651348795,2.7397260273972517,3900.041687264762,4915.473263695137
2021-03-29,2021,BTC Bull | High MVRV | Market Growth Leading,stacksats_mvrv_weight,False,sma_340d_weight,0.00217375726513488,0.0027397260273972516,57727.10999999981,2.17375726513488,2.7397260273972517,3765.574381144123,4745.995473179344
2021-03-30,2021,BTC Bull | High MVRV | Market Growth Leading,stacksats_mvrv_weight,False,sma_340d_weight,0.00217375726513488,0.0027397260273972516,58786.45999999989,2.17375726513488,2.7397260273972517,3697.7175783928546,4660.471182305002
2021-03-31,2021,BTC Bull | High MVRV | Market Growth Leading,stacksats_mvrv_weight,False,sma_340d_weight,0.00217375726513488,0.0027397260273972516,58703.6099999998,2.17375726513488,2.7397260273972517,3702.9362676927153,4667.048631927852
2021-04-01,2021,BTC Bull | High MVRV | Market Growth Leading,stacksats_mvrv_weight,False,sma_340d_weight,0.00217375726513488,0.0027397260273972516,58751.62999999991,2.17375726513488,2.7397260273972517,3699.90971337286,4663.234070947914
2021-04-02,2021,BTC Bull | High MVRV | Market Growth Leading,stacksats_mvrv_weight,False,sma_340d_weight,0.00217375726513488,0.0027397260273972516,59030.96999999985,2.17375726513488,2.7397260273972517,3682.4013990196763,4641.167216796977
2021-04-03,2021,BTC Bull | High MVRV | Market Growth Leading,stacksats_mvrv_weight,False,sma_340d_weight,0.00217375726513488,0.0027397260273972516,57231.93999999987,2.17375726513488,2.7397260273972517,3798.1540816804127,4787.057764243634
2021-04-04,2021,BTC Bull | High MVRV | Market Growth Leading,stacksats_mvrv_weight,False,sma_340d_weight,0.00217375726513488,0.0027397260273972516,58226.7599999995,2.17375726513488,2.7397260273972517,3733.26158820257,4705.269582915613
2021-04-05,2021,BTC Bull | High MVRV | Market Growth Leading,stacksats_mvrv_weight,False,sma_340d_weight,0.00217375726513488,0.0027397260273972516,59123.01999999947,2.17375726513488,2.7397260273972517,3676.6681829427853,4633.941275999223
2021-04-06,2021,BTC Bull | High MVRV | Market Growth Leading,stacksats_mvrv_weight,False,sma_340d_weight,0.00217375726513488,0.0027397260273972516,58078.219999999514,2.17375726513488,2.7397260273972517,3742.80972305091,4717.303711093891
2021-04-07,2021,BTC Bull | High MVRV | Market Growth Leading,stacksats_mvrv_weight,False,sma_340d_weight,0.00217375726513488,0.0027397260273972516,56011.63999999973,2.17375726513488,2.7397260273972517,3880.902728673701,4891.351203780616
2021-04-08,2021,BTC Bull | High MVRV | Market Growth Leading,stacksats_mvrv_weight,False,sma_340d_weight,0.00217375726513488,0.0027397260273972516,57942.21999999969,2.17375726513488,2.7397260273972517,3751.5947182121977,4728.376005263979
2021-04-09,2021,BTC Bull | High MVRV | Market Growth Leading,stacksats_mvrv_weight,False,sma_340d_weight,0.0021737572651348807,0.0027397260273972516,58121.149999999805,2.173757265134881,2.7397260273972517,3740.0451731166504,4713.819371084813
2021-04-10,2021,BTC Bull | High MVRV | Market Growth Leading,stacksats_mvrv_weight,False,sma_340d_weight,0.0021737572651348807,0.0027397260273972516,59764.66999999967,2.173757265134881,2.7397260273972517,3637.194458088521,4584.190002885094
2021-04-11,2021,BTC Bull | High MVRV | Market Growth Leading,stacksats_mvrv_weight,False,sma_340d_weight,0.0021737572651348807,0.0027397260273972516,59988.429999999964,2.173757265134881,2.7397260273972517,3623.627531400442,4567.090732991767
2021-04-12,2021,BTC Bull | High MVRV | Market Growth Leading,stacksats_mvrv_weight,False,sma_340d_weight,0.0021737572651348807,0.0027397260273972516,59912.31999999972,2.173757265134881,2.7397260273972517,3628.230829877546,4572.892565998553
2021-04-13,2021,BTC Bull | High MVRV | Market Growth Leading,stacksats_mvrv_weight,False,sma_340d_weight,0.0015593377321399323,0.0027397260273972516,63407.85999999986,1.5593377321399322,2.7397260273972517,2459.2183557999524,4320.798758067624
2021-04-14,2021,BTC Bull | High MVRV | Market Growth Leading,stacksats_mvrv_weight,False,sma_340d_weight,0.001572701810850984,0.0027397260273972516,62735.409999999945,1.572701810850984,2.7397260273972517,2506.880581239503,4367.11265200507
2021-04-15,2021,BTC Bull | High MVRV | Market Growth Leading,stacksats_mvrv_weight,False,sma_340d_weight,0.0014590879748632008,0.0027397260273972516,63218.49999999961,1.4590879748632009,2.7397260273972517,2308.007900951794,4333.740957784934
2021-04-16,2021,BTC Bull | High MVRV | Market Growth Leading,stacksats_mvrv_weight,False,sma_340d_weight,0.0014938806506238184,0.0027397260273972516,61564.5799999998,1.4938806506238185,2.7397260273972517,2426.526178890237,4450.166032802076
2021-04-17,2021,BTC Bull | High MVRV | Market Growth Leading,stacksats_mvrv_weight,False,sma_340d_weight,0.0014885564032753361,0.0027397260273972516,60167.52999999996,1.4885564032753362,2.7397260273972517,2474.019464111851,4553.495926120373
2021-04-18,2021,BTC Bull | High MVRV | Market Growth Leading,stacksats_mvrv_weight,False,sma_340d_weight,0.0015582739346626795,0.0027397260273972516,56484.109999999695,1.5582739346626795,2.7397260273972517,2758.7828411613245,4850.43674654211
2021-04-19,2021,BTC Bull | High MVRV | Market Growth Leading,stacksats_mvrv_weight,False,sma_340d_weight,0.001620559623257483,0.0027397260273972516,55758.71999999949,1.620559623257483,2.7397260273972517,2906.3788108075255,4913.538236525653
2021-04-20,2021,BTC Bull | High MVRV | Market Growth Leading,stacksats_mvrv_weight,False,sma_340d_weight,0.0017787284928774483,0.0027397260273972516,56486.879999999546,1.7787284928774483,2.7397260273972517,3148.9232417819194,4850.198891135913
2021-04-21,2021,BTC Bull | High MVRV | Market Growth Leading,stacksats_mvrv_weight,False,sma_340d_weight,0.0018172405548081817,0.0027397260273972516,54007.59999999976,1.8172405548081818,2.7397260273972517,3364.786724105848,5072.852760347181
2021-04-22,2021,BTC Bull | High MVRV | Market Growth Leading,stacksats_mvrv_weight,False,sma_340d_weight,0.0017920672574994303,0.0027397260273972516,51988.34999999948,1.7920672574994303,2.7397260273972517,3447.055460501147,5269.884555669259
2021-04-23,2021,BTC Bull | High MVRV | Market Growth Leading,stacksats_mvrv_weight,False,sma_340d_weight,0.001909906864080459,0.0027397260273972516,51187.26999999992,1.9099068640804588,2.7397260273972517,3731.2145462738335,5352.358169125363
2021-04-24,2021,BTC Bull | High MVRV | Market Growth Leading,stacksats_mvrv_weight,False,sma_340d_weight,0.0020120250853241633,0.0027397260273972516,50084.059999999656,2.0120250853241632,2.7397260273972517,4017.2962921220387,5470.255461312981
2021-04-25,2021,BTC Bull | High MVRV | Market Growth Leading,stacksats_mvrv_weight,False,sma_340d_weight,0.002055631320319148,0.0027397260273972516,48976.43999999967,2.055631320319148,2.7397260273972517,4197.184034444239,5593.967277730416
2021-04-26,2021,BTC Bull | High MVRV | Market Growth Leading,stacksats_mvrv_weight,False,sma_340d_weight,0.0021154550437649847,0.0027397260273972516,53983.189999999646,2.115455043764985,2.7397260273972517,3918.7292261998573,5075.14659173952
2021-04-27,2021,BTC Bull | High MVRV | Market Growth Leading,stacksats_mvrv_weight,False,sma_340d_weight,0.0021765666258186126,0.0027397260273972516,55024.579999999514,2.1765666258186127,2.7397260273972517,3955.6260598783892,4979.094847061579
2021-04-28,2021,BTC Bull | High MVRV | Market Growth Leading,stacksats_mvrv_weight,False,sma_340d_weight,0.001923338593123032,0.0027397260273972516,54782.6499999996,1.923338593123032,2.7397260273972517,3510.85351497791,5001.083422209899
2021-04-29,2021,BTC Bull | High MVRV | Market Growth Leading,stacksats_mvrv_weight,False,sma_340d_weight,0.0018798729771565515,0.0027397260273972516,53579.9999999996,1.8798729771565514,2.7397260273972517,3508.534858448237,5113.337117202823
2021-04-30,2021,BTC Bull | High MVRV | Market Growth Leading,stacksats_mvrv_weight,False,sma_340d_weight,0.001896146879601306,0.0027397260273972516,57884.72999999983,1.8961468796013061,2.7397260273972517,3275.7289869043384,4733.072137327512
2021-05-01,2021,BTC Bull | High MVRV | Market Growth Leading,stacksats_mvrv_weight,False,sma_340d_weight,0.0019573894965159463,0.0027397260273972516,57858.77999999968,1.9573894965159464,2.7397260273972517,3383.046611967894,4735.194947762927
2021-05-02,2021,BTC Bull | High MVRV | Market Growth Leading,stacksats_mvrv_weight,False,sma_340d_weight,0.001768919864089261,0.0027397260273972516,56625.19999999955,1.768919864089261,2.7397260273972517,3123.9092561073076,4838.351171205176
2021-05-03,2021,BTC Bull | High MVRV | Market Growth Leading,stacksats_mvrv_weight,False,sma_340d_weight,0.00177674385622897,0.0027397260273972516,57274.86999999992,1.77674385622897,2.7397260273972517,3102.135118297034,4783.469656757415
2021-05-04,2021,BTC Bull | High MVRV | Market Growth Leading,stacksats_mvrv_weight,False,sma_340d_weight,0.0018362704335286285,0.0027397260273972516,53241.919999999925,1.8362704335286284,2.7397260273972517,3448.918509190936,5145.806213219313
2021-05-05,2021,BTC Bull | High MVRV | Market Growth Leading,stacksats_mvrv_weight,False,sma_340d_weight,0.001813831404177764,0.0027397260273972516,57375.99999999991,1.8138314041777641,2.7397260273972517,3161.3068254632017,4775.038391308659
2021-05-06,2021,BTC Bull | High MVRV | Market Growth Leading,stacksats_mvrv_weight,False,sma_340d_weight,0.0020047548123031797,0.0027397260273972516,56434.22999999975,2.0047548123031795,2.7397260273972517,3552.373820468869,4854.723857129377
2021-05-07,2021,BTC Bull | High MVRV | Market Growth Leading,stacksats_mvrv_weight,False,sma_340d_weight,0.0018185524624784596,0.0027397260273972516,57364.0099999995,1.8185524624784595,2.7397260273972517,3170.1975898799183,4776.0364510732
2021-05-08,2021,BTC Bull | High MVRV | Market Growth Leading,stacksats_mvrv_weight,False,sma_340d_weight,0.001865648428774305,0.0027397260273972516,58765.55999999993,1.8656484287743051,2.7397260273972517,3174.7309627855284,4662.12868114803
2021-05-09,2021,BTC Bull | High MVRV | Market Growth Leading,stacksats_mvrv_weight,False,sma_340d_weight,0.0018301467856469602,0.0027397260273972516,58261.499999999534,1.8301467856469602,2.7397260273972517,3141.2627303570534,4702.4639382736
2021-05-10,2021,BTC Bull | High MVRV | Market Growth Leading,stacksats_mvrv_weight,False,sma_340d_weight,0.0017764227592755408,0.0027397260273972516,55890.009999999755,1.7764227592755408,2.7397260273972517,3178.426268443231,4901.995951328804
2021-05-11,2021,BTC Bull | High MVRV | Market Growth Leading,stacksats_mvrv_weight,False,sma_340d_weight,0.001803967916511775,0.0027397260273972516,56624.9999999999,1.803967916511775,2.7397260273972517,3185.815305098063,4838.368260304206
2021-05-12,2021,BTC Bull | Normal MVRV | Market Growth Leading,stacksats_mvrv_weight,False,sma_340d_weight,0.0019141735470468988,0.0027397260273972516,50000.00999999984,1.9141735470468988,2.7397260273972517,3828.346328424544,5479.450958904329
2021-05-13,2021,BTC Bull | Normal MVRV | Market Growth Leading,stacksats_mvrv_weight,False,sma_340d_weight,0.0018855395120837511,0.0027397260273972516,49641.85999999974,1.8855395120837513,2.7397260273972517,3798.2853827067747,5518.983429301937
2021-05-14,2021,BTC Bull | Normal MVRV | Market Growth Leading,stacksats_mvrv_weight,False,sma_340d_weight,0.0022186407086110718,0.0027397260273972516,50056.999999999476,2.2186407086110718,2.7397260273972517,4432.2286765309445,5473.21259243918
2021-05-15,2021,BTC Bull | Normal MVRV | Market Growth Leading,stacksats_mvrv_weight,False,sma_340d_weight,0.0022384476543981773,0.0027397260273972516,46837.9799999998,2.2384476543981773,2.7397260273972517,4779.129361253808,5849.368455679052
2021-05-16,2021,BTC Bull | Normal MVRV | Market Growth Leading,stacksats_mvrv_weight,False,sma_340d_weight,0.0022153783662165545,0.0027397260273972516,46450.78999999982,2.2153783662165547,2.7397260273972517,4769.301805666951,5898.12579591706
2021-05-17,2021,BTC Bull | Normal MVRV | Market Growth Leading,stacksats_mvrv_weight,False,sma_340d_weight,0.0023988810930873424,0.0027397260273972516,43796.65999999996,2.3988810930873425,2.7397260273972517,5477.315149345509,6255.559276431705
2021-05-18,2021,BTC Bull | Normal MVRV | Market Growth Leading,stacksats_mvrv_weight,False,sma_340d_weight,0.002419004795941439,0.0027397260273972516,42634.75999999951,2.4190047959414387,2.7397260273972517,5673.78541814582,6426.038348514881
2021-05-19,2021,BTC Bull | Normal MVRV | Market Growth Leading,stacksats_mvrv_weight,False,sma_340d_weight,0.002576794665955215,0.0027397260273972516,38300.249999999665,2.576794665955215,2.7397260273972517,6727.879494142303,7153.284971762
2021-05-20,2021,BTC Bull | Normal MVRV | Market Growth Leading,stacksats_mvrv_weight,False,sma_340d_weight,0.0026440326540178483,0.0027397260273972516,40496.299999999974,2.6440326540178485,2.7397260273972517,6529.072172069671,6765.373694380112
2021-05-21,2021,BTC Bull | Normal MVRV | Market Growth Leading,stacksats_mvrv_weight,False,sma_340d_weight,0.0029218165898281137,0.0027397260273972516,37004.69999999957,2.9218165898281137,2.7397260273972517,7895.798614306149,7403.724465803759
2021-05-22,2021,BTC Bull | Normal MVRV | Market Growth Leading,stacksats_mvrv_weight,False,sma_340d_weight,0.0027642324325653275,0.0027397260273972516,37455.599999999875,2.7642324325653274,2.7397260273972517,7380.0244357728525,7314.596555380933
2021-05-23,2021,BTC Bull | Normal MVRV | Market Growth Leading,stacksats_mvrv_weight,False,sma_340d_weight,0.0029908296287887255,0.0027397260273972516,34677.259999999704,2.9908296287887253,2.7397260273972517,8624.757633067753,7900.6415945125855
2021-05-24,2021,BTC Bull | Normal MVRV | Market Growth Leading,stacksats_mvrv_weight,False,sma_340d_weight,0.002947561784244126,0.0027397260273972516,38681.64999999969,2.947561784244126,2.7397260273972517,7620.051844334846,7082.753779627482
2021-05-25,2021,BTC Bull | Normal MVRV | Market Growth Leading,stacksats_mvrv_weight,False,sma_340d_weight,0.0031310244563579606,0.0027397260273972516,38202.239999999896,3.131024456357961,2.7397260273972517,8195.918502051109,7171.637127553931
2021-05-26,2021,BTC Bull | Normal MVRV | Market Growth Leading,stacksats_mvrv_weight,False,sma_340d_weight,0.0028391309696485737,0.0027397260273972516,39255.92999999972,2.839130969648574,2.7397260273972517,7232.362014219494,6979.13927245456
2021-05-27,2021,BTC Bull | Normal MVRV | Market Growth Leading,stacksats_mvrv_weight,False,sma_340d_weight,0.002861781431344276,0.0027397260273972516,38660.50999999984,2.861781431344276,2.7397260273972517,7402.337504974165,7086.626708745599
2021-05-28,2021,BTC Bull | Normal MVRV | Market Growth Leading,stacksats_mvrv_weight,False,sma_340d_weight,0.002781577536244945,0.0027397260273972516,35614.95999999973,2.781577536244945,2.7397260273972517,7810.138032571049,7692.626995502093
2021-05-29,2021,BTC Bull | Normal MVRV | Market Growth Leading,stacksats_mvrv_weight,False,sma_340d_weight,0.0028125436975786275,0.0027397260273972516,34586.419999999525,2.8125436975786275,2.7397260273972517,8131.930675619698,7921.3923482028185
2021-05-30,2021,BTC Bull | Normal MVRV | Market Growth Leading,stacksats_mvrv_weight,False,sma_340d_weight,0.003011805136852392,0.0027397260273972516,35627.72999999969,3.011805136852392,2.7397260273972517,8453.542049556394,7689.869737413177
2021-05-31,2021,BTC Bull | Normal MVRV | Market Growth Leading,stacksats_mvrv_weight,False,sma_340d_weight,0.0030723295329608174,0.0027397260273972516,37321.0999999995,3.0723295329608176,2.7397260273972517,8232.151605823137,7340.957333511844
2021-06-01,2021,BTC Bull | Normal MVRV | Market Growth Leading,stacksats_mvrv_weight,False,sma_340d_weight,0.0029859364813557125,0.0027397260273972516,36684.99999999957,2.9859364813557123,2.7397260273972517,8139.393434253093,7468.245951743993
2021-06-02,2021,BTC Bull | Normal MVRV | Market Growth Leading,stacksats_mvrv_weight,False,sma_340d_weight,0.002857885543196323,0.0027397260273972516,37675.5799999995,2.857885543196323,2.7397260273972517,7585.511737832201,7271.88812328115
2021-06-03,2021,BTC Bull | Normal MVRV | Market Growth Leading,stacksats_mvrv_weight,False,sma_340d_weight,0.0028916279760198113,0.0027397260273972516,39214.43999999992,2.8916279760198114,2.7397260273972517,7373.885680937475,6986.523401576707
2021-06-04,2021,BTC Bull | Normal MVRV | Market Growth Leading,stacksats_mvrv_weight,False,sma_340d_weight,0.002814467886639506,0.0027397260273972516,36856.51999999987,2.814467886639506,2.7397260273972517,7636.282228054943,7433.490810845032
2021-06-05,2021,BTC Bull | Normal MVRV | Market Growth Leading,stacksats_mvrv_weight,False,sma_340d_weight,0.002703720155992501,0.0027397260273972516,35525.07999999992,2.7037201559925013,2.7397260273972517,7610.736291072411,7712.089676919117
2021-06-06,2021,BTC Bull | Normal MVRV | Market Growth Leading,stacksats_mvrv_weight,False,sma_340d_weight,0.0028536517958222553,0.0027397260273972516,35804.45999999997,2.8536517958222554,2.7397260273972517,7970.101478481333,7651.912715335614
2021-06-07,2021,BTC Bull | Normal MVRV | Market Growth Leading,stacksats_mvrv_weight,False,sma_340d_weight,0.0029357553247447215,0.0027397260273972516,33535.609999999695,2.9357553247447217,2.7397260273972517,8754.14320701114,8169.602483441561
2021-06-08,2021,BTC Bull | Normal MVRV | Market Growth Leading,stacksats_mvrv_weight,False,sma_340d_weight,0.0029059380228955295,0.0027397260273972516,33461.33999999962,2.9059380228955294,2.7397260273972517,8684.463990072014,8187.735540170486
2021-06-09,2021,BTC Bull | Normal MVRV | Market Growth Leading,stacksats_mvrv_weight,False,sma_340d_weight,0.003055305486705707,0.0027397260273972516,37453.05999999961,3.055305486705707,2.7397260273972517,8157.692553574363,7315.092618326194
2021-06-10,2021,BTC Bull | Normal MVRV | Market Growth Leading,stacksats_mvrv_weight,False,sma_340d_weight,0.0030484615043462598,0.0027397260273972516,36781.04999999949,3.04846150434626,2.7397260273972517,8288.130720428866,7448.743381163098
2021-06-11,2021,BTC Bull | Normal MVRV | Market Growth Leading,stacksats_mvrv_weight,False,sma_340d_weight,0.0027606576232651805,0.0027397260273972516,37276.409999999545,2.7606576232651805,2.7397260273972517,7405.910663782307,7349.758271779083
2021-06-12,2021,BTC Bull | Normal MVRV | Market Growth Leading,stacksats_mvrv_weight,False,sma_340d_weight,0.0027979119137238806,0.0027397260273972516,35517.339999999516,2.7979119137238806,2.7397260273972517,7877.594194058223,7713.7703088049075
2021-06-13,2021,BTC Bull | Normal MVRV | Market Growth Leading,stacksats_mvrv_weight,False,sma_340d_weight,0.002756357847742183,0.0027397260273972516,39015.239999999525,2.756357847742183,2.7397260273972517,7064.823509331781,7022.194474254894
2021-06-14,2021,BTC Bull | Normal MVRV | Market Growth Leading,stacksats_mvrv_weight,False,sma_340d_weight,0.002867871644090718,0.0027397260273972516,40415.70999999971,2.867871644090718,2.7397260273972517,7095.932854057838,6778.864029352129
2021-06-15,2021,BTC Bull | Normal MVRV | Market Growth Leading,stacksats_mvrv_weight,False,sma_340d_weight,0.0026254464803291432,0.0027397260273972516,40225.00999999995,2.6254464803291433,2.7397260273972517,6526.900752365622,6811.001482404244
2021-06-16,2021,BTC Bull | Normal MVRV | Market Growth Leading,stacksats_mvrv_weight,False,sma_340d_weight,0.002530228759072101,0.0027397260273972516,38338.62999999954,2.530228759072101,2.7397260273972517,6599.684858515109,7146.123967907263
2021-06-17,2021,BTC Bull | Normal MVRV | Market Growth Leading,stacksats_mvrv_weight,False,sma_340d_weight,0.0025376215187863783,0.0027397260273972516,38095.169999999656,2.5376215187863784,2.7397260273972517,6661.268393831558,7191.793677249048
2021-06-18,2021,BTC Bull | Normal MVRV | Market Growth Leading,stacksats_mvrv_weight,False,sma_340d_weight,0.002654016651933427,0.0027397260273972516,35481.14999999958,2.6540166519334267,2.7397260273972517,7480.075059386345,7721.638186466008
2021-06-19,2021,BTC Bull | Normal MVRV | Market Growth Leading,stacksats_mvrv_weight,False,sma_340d_weight,0.0026637432958445677,0.0027397260273972516,35562.48999999987,2.6637432958445677,2.7397260273972517,7490.317173641603,7703.976935803039
2021-06-20,2021,BTC Bull | Normal MVRV | Market Growth Leading,stacksats_mvrv_weight,False,sma_340d_weight,0.0028325512112689325,0.0027397260273972516,35664.999999999556,2.8325512112689326,2.7397260273972517,7942.103494375348,7681.833807366565
2021-06-21,2021,BTC Neutral | Normal MVRV | Market Growth Leading,stacksats_mvrv_weight,False,sma_340d_weight,0.002818516386494849,0.0027397260273972516,31879.99999999984,2.818516386494849,2.7397260273972517,8841.017523509607,8593.870851308862
2021-06-22,2021,BTC Bull | Normal MVRV | Realized Growth Leading,sma_340d_weight,False,sma_340d_weight,0.0028032728347938724,0.0027397260273972516,32269.369999999642,2.8032728347938725,2.7397260273972517,8687.101219496704,8490.175133252624
2021-06-23,2021,BTC Bull | Normal MVRV | Market Growth Leading,stacksats_mvrv_weight,False,sma_340d_weight,0.0048536278922857515,0.0027397260273972516,33710.57999999987,4.853627892285751,2.7397260273972517,14397.936470644438,8127.199316645581
2021-06-24,2021,BTC Bull | Normal MVRV | Market Growth Leading,stacksats_mvrv_weight,False,sma_340d_weight,0.0030219037743354758,0.0027397260273972516,34581.569999999585,3.0219037743354757,2.7397260273972517,8738.480567352817,7922.5033085463865
2021-06-25,2021,BTC Neutral | Normal MVRV | Market Growth Leading,stacksats_mvrv_weight,False,sma_340d_weight,0.0029086866019265418,0.0027397260273972516,31555.00999999956,2.908686601926542,2.7397260273972517,9217.828173486818,8682.380475865133
2021-06-26,2021,BTC Neutral | Normal MVRV | Market Growth Leading,stacksats_mvrv_weight,False,sma_340d_weight,0.002838790311073322,0.0027397260273972516,32275.189999999515,2.838790311073322,2.7397260273972517,8795.580478607144,8488.644148639536
2021-06-27,2021,BTC Bull | Normal MVRV | Market Growth Leading,stacksats_mvrv_weight,False,sma_340d_weight,0.0030447507342459598,0.0027397260273972516,34224.89999999984,3.0447507342459597,2.7397260273972517,8896.30279196133,8005.066566731427
2021-06-28,2021,BTC Bull | Normal MVRV | Market Growth Leading,stacksats_mvrv_weight,False,sma_340d_weight,0.002981866999531042,0.0027397260273972516,34453.699999999706,2.9818669995310416,2.7397260273972517,8654.707620752102,7951.906551102711
2021-06-29,2021,BTC Bull | Normal MVRV | Market Growth Leading,stacksats_mvrv_weight,False,sma_340d_weight,0.002834499884152306,0.0027397260273972516,35866.19999999967,2.834499884152306,2.7397260273972517,7902.983544820282,7638.740729146876
2021-06-30,2021,BTC Bull | Normal MVRV | Market Growth Leading,stacksats_mvrv_weight,False,sma_340d_weight,0.0028105096490184437,0.0027397260273972516,34889.159999999974,2.8105096490184436,2.7397260273972517,8055.538307653282,7852.656892276151
2021-07-01,2021,BTC Bull | Normal MVRV | Market Growth Leading,stacksats_mvrv_weight,False,sma_340d_weight,0.0027066246282855103,0.0027397260273972516,33526.99999999994,2.7066246282855104,2.7397260273972517,8072.969929565768,8171.700502273559
2021-07-02,2021,BTC Bull | Normal MVRV | Market Growth Leading,stacksats_mvrv_weight,False,sma_340d_weight,0.002766159311313961,0.0027397260273972516,33794.079999999616,2.766159311313961,2.7397260273972517,8185.336932723105,8107.118250880872
2021-07-03,2021,BTC Bull | Normal MVRV | Market Growth Leading,stacksats_mvrv_weight,False,sma_340d_weight,0.07934214017742298,0.0027397260273972516,34682.1599999998,79.34214017742299,2.7397260273972517,228769.31591753065,7899.525368077616
2021-07-04,2021,BTC Bull | Normal MVRV | Market Growth Leading,stacksats_mvrv_weight,False,sma_340d_weight,0.07934214017742298,0.0027397260273972516,35405.439999999726,79.34214017742299,2.7397260273972517,224095.9021478722,7738.149921021382
2021-07-05,2021,BTC Bull | Normal MVRV | Market Growth Leading,stacksats_mvrv_weight,False,sma_340d_weight,0.07934214017742298,0.0027397260273972516,33689.62999999984,79.34214017742299,2.7397260273972517,235509.08744745303,8132.253240529103
2021-07-06,2021,BTC Bull | Normal MVRV | Market Growth Leading,stacksats_mvrv_weight,False,sma_340d_weight,0.056473808008794396,0.0027397260273972516,34151.47999999996,56.47380800879439,2.7397260273972517,165362.69587377898,8022.276127995785
2021-07-07,2021,BTC Bull | Normal MVRV | Market Growth Leading,stacksats_mvrv_weight,False,sma_340d_weight,0.07842680315890076,0.0027397260273972516,33829.049999999945,78.42680315890075,2.7397260273972517,231832.70933975646,8098.7377044204795
2021-07-08,2021,BTC Neutral | Normal MVRV | Market Growth Leading,stacksats_mvrv_weight,False,sma_340d_weight,0.0038568130783598106,0.0027397260273972516,32811.159999999516,3.8568130783598105,2.7397260273972517,11754.577035252236,8349.982223722942
2021-07-09,2021,BTC Bull | Normal MVRV | Market Growth Leading,stacksats_mvrv_weight,False,sma_340d_weight,7.934214017742146e-06,0.0027397260273972516,33885.319999999774,0.007934214017742146,2.7397260273972517,23.41490066418791,8085.288931600085
2021-07-10,2021,BTC Bull | Normal MVRV | Market Growth Leading,stacksats_mvrv_weight,False,sma_340d_weight,7.934214017742317e-06,0.0027397260273972516,33515.34999999995,0.007934214017742316,2.7397260273972517,23.673373596702195,8174.541001055504
2021-07-11,2021,BTC Bull | Normal MVRV | Market Growth Leading,stacksats_mvrv_weight,False,sma_340d_weight,7.934214017742146e-06,0.0027397260273972516,34279.82999999954,0.007934214017742146,2.7397260273972517,23.145429886152446,7992.239247969689
2021-07-12,2021,BTC Neutral | Normal MVRV | Market Growth Leading,stacksats_mvrv_weight,False,sma_340d_weight,7.934214017742317e-06,0.0027397260273972516,33148.64999999988,0.007934214017742316,2.7397260273972517,23.935255335412894,8264.970149304003
2021-07-13,2021,BTC Neutral | Normal MVRV | Market Growth Leading,stacksats_mvrv_weight,False,sma_340d_weight,7.934214017742317e-06,0.0027397260273972516,32689.99999999972,0.007934214017742316,2.7397260273972517,24.27107377712568,8380.930031805676
2021-07-14,2021,BTC Neutral | Normal MVRV | Market Growth Leading,stacksats_mvrv_weight,False,sma_340d_weight,7.934214017742317e-06,0.0027397260273972516,32818.38999999977,0.007934214017742316,2.7397260273972517,24.176122039327257,8348.142694986778
2021-07-15,2021,BTC Neutral | Normal MVRV | Market Growth Leading,stacksats_mvrv_weight,False,sma_340d_weight,7.934214017742317e-06,0.0027397260273972516,31822.92999999976,0.007934214017742316,2.7397260273972517,24.93238057508336,8609.282763709289
2021-07-16,2021,BTC Neutral | Normal MVRV | Market Growth Leading,stacksats_mvrv_weight,False,sma_340d_weight,7.934214017742317e-06,0.0027397260273972516,31377.18999999951,0.007934214017742316,2.7397260273972517,25.286566508162263,8731.585038039717
2021-07-17,2021,BTC Neutral | Normal MVRV | Market Growth Leading,stacksats_mvrv_weight,False,sma_340d_weight,7.934214017742317e-06,0.0027397260273972516,31561.459999999614,0.007934214017742316,2.7397260273972517,25.138932158849478,8680.606117072166
2021-07-18,2021,BTC Neutral | Normal MVRV | Market Growth Leading,stacksats_mvrv_weight,False,sma_340d_weight,7.934214017742317e-06,0.0027397260273972516,31788.249999999567,0.007934214017742316,2.7397260273972517,24.959581033062296,8618.675225585834
2021-07-19,2021,BTC Neutral | Normal MVRV | Market Growth Leading,stacksats_mvrv_weight,False,sma_340d_weight,7.934214017742146e-06,0.0027397260273972516,30842.029999999857,0.007934214017742146,2.7397260273972517,25.72533006985008,8883.092414465793
2021-07-20,2021,BTC Neutral | Normal MVRV | Realized Growth Leading,sma_340d_weight,False,sma_340d_weight,7.934214017742317e-06,0.0027397260273972516,29880.019999999764,0.007934214017742316,2.7397260273972517,26.55357666341046,9169.09033995718
2021-07-21,2021,BTC Neutral | Normal MVRV | Market Growth Leading,stacksats_mvrv_weight,False,sma_340d_weight,0.0059122260361892075,0.0027397260273972516,32115.31999999979,5.912226036189208,2.7397260273972517,18409.363618949606,8530.900602569956
2021-07-22,2021,BTC Neutral | Normal MVRV | Market Growth Leading,stacksats_mvrv_weight,False,sma_340d_weight,7.934214017742317e-06,0.0027397260273972516,32306.729999999745,0.007934214017742316,2.7397260273972517,24.55901299123241,8480.356964004939
2021-07-23,2021,BTC Neutral | Normal MVRV | Market Growth Leading,stacksats_mvrv_weight,False,sma_340d_weight,7.934214017742317e-06,0.0027397260273972516,33602.57999999989,0.007934214017742316,2.7397260273972517,23.611919137585097,8153.32045157622
2021-07-24,2021,BTC Neutral | Normal MVRV | Market Growth Leading,stacksats_mvrv_weight,False,sma_340d_weight,7.934214017742317e-06,0.0027397260273972516,34297.69999999958,0.007934214017742316,2.7397260273972517,23.133370510974242,7988.075081994668
2021-07-25,2021,BTC Bull | Normal MVRV | Market Growth Leading,stacksats_mvrv_weight,False,sma_340d_weight,7.934214017742317e-06,0.0027397260273972516,35238.15999999971,0.007934214017742316,2.7397260273972517,22.51597137234856,7774.883896881319
2021-07-26,2021,BTC Bull | Normal MVRV | Market Growth Leading,stacksats_mvrv_weight,False,sma_340d_weight,7.934214017742317e-06,0.0027397260273972516,37315.7399999996,0.007934214017742316,2.7397260273972517,21.262378872139216,7342.0117821522
2021-07-27,2021,BTC Bull | Normal MVRV | Market Growth Leading,stacksats_mvrv_weight,False,sma_340d_weight,7.934214017742317e-06,0.0027397260273972516,39205.509999999784,0.007934214017742316,2.7397260273972517,20.23749727459829,6988.114750700262
2021-07-28,2021,BTC Bull | Normal MVRV | Market Growth Leading,stacksats_mvrv_weight,False,sma_340d_weight,7.934214017742146e-06,0.0027397260273972516,39991.179999999586,0.007934214017742146,2.7397260273972517,19.839909744454225,6850.825675554659
2021-07-29,2021,BTC Bull | Normal MVRV | Market Growth Leading,stacksats_mvrv_weight,False,sma_340d_weight,7.934214017742317e-06,0.0027397260273972516,39983.31999999958,0.007934214017742316,2.7397260273972517,19.84380991308976,6852.172424394174
2021-07-30,2021,BTC Bull | Normal MVRV | Market Growth Leading,stacksats_mvrv_weight,False,sma_340d_weight,7.934214017742317e-06,0.0027397260273972516,42199.98999999999,0.007934214017742316,2.7397260273972517,18.801459473668878,6492.243309529817
2021-07-31,2021,BTC Bull | Normal MVRV | Market Growth Leading,stacksats_mvrv_weight,False,sma_340d_weight,7.934214017742317e-06,0.0027397260273972516,41741.859999999564,0.007934214017742316,2.7397260273972517,19.007811385842412,6563.497715236648
2021-08-01,2021,BTC Bull | Normal MVRV | Market Growth Leading,stacksats_mvrv_weight,False,sma_340d_weight,7.934214017742317e-06,0.0027397260273972516,39926.799999999894,0.007934214017742316,2.7397260273972517,19.87190062249501,6861.872294792617
2021-08-02,2021,BTC Bull | Normal MVRV | Market Growth Leading,stacksats_mvrv_weight,False,sma_340d_weight,7.934214017742317e-06,0.0027397260273972516,39200.10999999994,0.007934214017742316,2.7397260273972517,20.240285085277385,6989.077396459488
2021-08-03,2021,BTC Bull | Normal MVRV | Market Growth Leading,stacksats_mvrv_weight,False,sma_340d_weight,7.934214017742317e-06,0.0027397260273972516,38278.72999999961,0.007934214017742316,2.7397260273972517,20.727474547202576,7157.30649213618
2021-08-04,2021,BTC Bull | Normal MVRV | Market Growth Leading,stacksats_mvrv_weight,False,sma_340d_weight,7.934214017742317e-06,0.0027397260273972516,39750.64999999964,0.007934214017742316,2.7397260273972517,19.959960447797428,6892.279817807448
2021-08-05,2021,BTC Bull | Normal MVRV | Market Growth Leading,stacksats_mvrv_weight,False,sma_340d_weight,7.934214017742146e-06,0.0027397260273972516,40899.75999999985,0.007934214017742146,2.7397260273972517,19.399170111859277,6698.635951402311
2021-08-06,2021,BTC Bull | Normal MVRV | Market Growth Leading,stacksats_mvrv_weight,False,sma_340d_weight,7.934214017742317e-06,0.0027397260273972516,42848.37999999999,0.007934214017742316,2.7397260273972517,18.516952140879816,6394.001424084767
2021-08-07,2021,BTC Bull | Normal MVRV | Market Growth Leading,stacksats_mvrv_weight,False,sma_340d_weight,7.934214017742317e-06,0.0027397260273972516,44737.13999999998,0.007934214017742316,2.7397260273972517,17.73518382655288,6124.0526940194495
2021-08-08,2021,BTC Bull | Normal MVRV | Market Growth Leading,stacksats_mvrv_weight,False,sma_340d_weight,7.934214017742317e-06,0.0027397260273972516,43822.12999999961,0.007934214017742316,2.7397260273972517,18.105496053574726,6251.923462865168
2021-08-09,2021,BTC Bull | Normal MVRV | Market Growth Leading,stacksats_mvrv_weight,False,sma_340d_weight,7.934214017742317e-06,0.0027397260273972516,46155.39999999956,0.007934214017742316,2.7397260273972517,17.190218301092383,5935.873218295753
2021-08-10,2021,BTC Bull | Normal MVRV | Market Growth Leading,stacksats_mvrv_weight,False,sma_340d_weight,7.934214017742317e-06,0.0027397260273972516,45451.00999999956,0.007934214017742316,2.7397260273972517,17.456628615606988,6027.86610769987
2021-08-11,2021,BTC Bull | Normal MVRV | Market Growth Leading,stacksats_mvrv_weight,False,sma_340d_weight,7.934214017742317e-06,0.0027397260273972516,45684.87999999954,0.007934214017742316,2.7397260273972517,17.36726465680198,5997.008260495112
2021-08-12,2021,BTC Bull | Normal MVRV | Market Growth Leading,stacksats_mvrv_weight,False,sma_340d_weight,7.934214017742317e-06,0.0027397260273972516,44461.43999999973,0.007934214017742316,2.7397260273972517,17.84515755167256,6162.02720244164
2021-08-13,2021,BTC Bull | Normal MVRV | Market Growth Leading,stacksats_mvrv_weight,False,sma_340d_weight,7.934214017742317e-06,0.0027397260273972516,47837.48999999974,0.007934214017742316,2.7397260273972517,16.585765720029123,5727.152547922699
2021-08-14,2021,BTC Bull | Normal MVRV | Market Growth Leading,stacksats_mvrv_weight,False,sma_340d_weight,7.934214017742146e-06,0.0027397260273972516,47152.33999999991,0.007934214017742146,2.7397260273972517,16.826766217206107,5810.371293126189
2021-08-15,2021,BTC Bull | Normal MVRV | Market Growth Leading,stacksats_mvrv_weight,False,sma_340d_weight,7.934214017742317e-06,0.0027397260273972516,47091.589999999844,0.007934214017742316,2.7397260273972517,16.848473406275605,5817.866900219892
2021-08-16,2021,BTC Bull | Normal MVRV | Market Growth Leading,stacksats_mvrv_weight,False,sma_340d_weight,7.934214017742317e-06,0.0027397260273972516,45999.89999999954,0.007934214017742316,2.7397260273972517,17.248328839285293,5955.939094209507
2021-08-17,2021,BTC Bull | Normal MVRV | Market Growth Leading,stacksats_mvrv_weight,False,sma_340d_weight,7.934214017742317e-06,0.0027397260273972516,44670.94999999996,0.007934214017742316,2.7397260273972517,17.7614624666418,6133.126847307375
2021-08-18,2021,BTC Bull | Normal MVRV | Market Growth Leading,stacksats_mvrv_weight,False,sma_340d_weight,7.934214017742317e-06,0.0027397260273972516,44951.079999999514,0.007934214017742316,2.7397260273972517,17.650775059781438,6094.905900808793
2021-08-19,2021,BTC Bull | Normal MVRV | Market Growth Leading,stacksats_mvrv_weight,False,sma_340d_weight,7.934214017742317e-06,0.0027397260273972516,46609.09999999968,0.007934214017742316,2.7397260273972517,17.0228861268344,5878.092534284658
2021-08-20,2021,BTC Bull | Normal MVRV | Market Growth Leading,stacksats_mvrv_weight,False,sma_340d_weight,7.934214017742317e-06,0.0027397260273972516,49336.3799999995,0.007934214017742316,2.7397260273972517,16.081873087856053,5553.155759294215
2021-08-21,2021,BTC Bull | Normal MVRV | Market Growth Leading,stacksats_mvrv_weight,False,sma_340d_weight,7.934214017742317e-06,0.0027397260273972516,49021.59999999994,0.007934214017742316,2.7397260273972517,16.18513883215221,5588.813966490802
2021-08-22,2021,BTC Bull | Normal MVRV | Market Growth Leading,stacksats_mvrv_weight,False,sma_340d_weight,7.934214017742146e-06,0.0027397260273972516,49332.669999999955,0.007934214017742146,2.7397260273972517,16.08308250443804,5553.5733772310605
2021-08-23,2021,BTC Bull | Normal MVRV | Market Growth Leading,stacksats_mvrv_weight,False,sma_340d_weight,7.934214017742317e-06,0.0027397260273972516,49612.33999999982,0.007934214017742316,2.7397260273972517,15.9924204698717,5522.267297606324
2021-08-24,2021,BTC Bull | Normal MVRV | Market Growth Leading,stacksats_mvrv_weight,False,sma_340d_weight,7.934214017742317e-06,0.0027397260273972516,47676.22999999995,0.007934214017742316,2.7397260273972517,16.641865386047353,5746.524059048407
2021-08-25,2021,BTC Bull | Normal MVRV | Market Growth Leading,stacksats_mvrv_weight,False,sma_340d_weight,7.934214017742317e-06,0.0027397260273972516,48987.32999999987,0.007934214017742316,2.7397260273972517,16.19646144777096,5592.723725496488
2021-08-26,2021,BTC Bull | Normal MVRV | Market Growth Leading,stacksats_mvrv_weight,False,sma_340d_weight,7.934214017742317e-06,0.0027397260273972516,47315.929999999535,0.007934214017742316,2.7397260273972517,16.768589389963157,5790.282527253038
2021-08-27,2021,BTC Bull | Normal MVRV | Market Growth Leading,stacksats_mvrv_weight,False,sma_340d_weight,7.934214017742317e-06,0.0027397260273972516,49077.56999999994,0.007934214017742316,2.7397260273972517,16.16668066031453,5582.440262216029
2021-08-28,2021,BTC Bull | Normal MVRV | Market Growth Leading,stacksats_mvrv_weight,False,sma_340d_weight,7.934214017742317e-06,0.0027397260273972516,48905.1999999999,0.007934214017742316,2.7397260273972517,16.223661323831273,5602.115986433461
2021-08-29,2021,BTC Bull | Normal MVRV | Market Growth Leading,stacksats_mvrv_weight,False,sma_340d_weight,7.934214017742317e-06,0.0027397260273972516,48912.65999999949,0.007934214017742316,2.7397260273972517,16.221186943712322,5601.261569902926
2021-08-30,2021,BTC Bull | Normal MVRV | Market Growth Leading,stacksats_mvrv_weight,False,sma_340d_weight,7.934214017742317e-06,0.0027397260273972516,46976.10999999957,0.007934214017742316,2.7397260273972517,16.88989151665046,5832.168792599636
2021-08-31,2021,BTC Bull | Normal MVRV | Market Growth Leading,stacksats_mvrv_weight,False,sma_340d_weight,7.934214017742146e-06,0.0027397260273972516,47109.33999999972,0.007934214017742146,2.7397260273972517,16.84212518736665,5815.674826684619
2021-09-01,2021,BTC Bull | Normal MVRV | Market Growth Leading,stacksats_mvrv_weight,False,sma_340d_weight,7.934214017742317e-06,0.0027397260273972516,48796.909999999836,0.007934214017742316,2.7397260273972517,16.25966483890546,5614.548190443331
2021-09-02,2021,BTC Bull | Normal MVRV | Market Growth Leading,stacksats_mvrv_weight,False,sma_340d_weight,7.934214017742317e-06,0.0027397260273972516,49378.99999999983,0.007934214017742316,2.7397260273972517,16.06799250236405,5548.362719774116
2021-09-03,2021,BTC Bull | Normal MVRV | Market Growth Leading,stacksats_mvrv_weight,False,sma_340d_weight,7.934214017742317e-06,0.0027397260273972516,50031.779999999715,0.007934214017742316,2.7397260273972517,15.858348469197702,5475.971527291787
2021-09-04,2021,BTC Bull | Normal MVRV | Market Growth Leading,stacksats_mvrv_weight,False,sma_340d_weight,7.934214017742317e-06,0.0027397260273972516,49937.84999999997,0.007934214017742316,2.7397260273972517,15.888177039544797,5486.271490256896
2021-09-05,2021,BTC Bull | Normal MVRV | Market Growth Leading,stacksats_mvrv_weight,False,sma_340d_weight,7.934214017742317e-06,0.0027397260273972516,51809.04999999997,0.007934214017742316,2.7397260273972517,15.31433990343834,5288.122494809794
2021-09-06,2021,BTC Bull | High MVRV | Market Growth Leading,stacksats_mvrv_weight,False,sma_340d_weight,7.934214017742317e-06,0.0027397260273972516,52674.47999999986,0.007934214017742316,2.7397260273972517,15.06272870229063,5201.239817454789
2021-09-07,2021,BTC Bull | Normal MVRV | Market Growth Leading,stacksats_mvrv_weight,False,sma_340d_weight,7.934214017742317e-06,0.0027397260273972516,46773.75999999967,0.007934214017742316,2.7397260273972517,16.962959611847268,5857.399591987625
2021-09-08,2021,BTC Bull | Normal MVRV | Market Growth Leading,stacksats_mvrv_weight,False,sma_340d_weight,7.934214017742146e-06,0.0027397260273972516,46295.5399999996,0.007934214017742146,2.7397260273972517,17.138182247668382,5917.904894072464
2021-09-09,2021,BTC Bull | Normal MVRV | Market Growth Leading,stacksats_mvrv_weight,False,sma_340d_weight,7.934214017742317e-06,0.0027397260273972516,46367.359999999964,0.007934214017742316,2.7397260273972517,17.111636327240376,5908.738447470923
2021-09-10,2021,BTC Bull | Normal MVRV | Market Growth Leading,stacksats_mvrv_weight,False,sma_340d_weight,7.934214017742317e-06,0.0027397260273972516,44390.1299999997,0.007934214017742316,2.7397260273972517,17.87382469423354,6171.926118254824
2021-09-11,2021,BTC Bull | Normal MVRV | Market Growth Leading,stacksats_mvrv_weight,False,sma_340d_weight,7.934214017742317e-06,0.0027397260273972516,45093.35999999953,0.007934214017742316,2.7397260273972517,17.595082774365004,6075.675060357624
2021-09-12,2021,BTC Bull | Normal MVRV | Market Growth Leading,stacksats_mvrv_weight,False,sma_340d_weight,7.934214017742317e-06,0.0027397260273972516,46144.98999999961,0.007934214017742316,2.7397260273972517,17.19409629895333,5937.212311449791
2021-09-13,2021,BTC Bull | Normal MVRV | Market Growth Leading,stacksats_mvrv_weight,False,sma_340d_weight,7.934214017742317e-06,0.0027397260273972516,44947.71999999999,0.007934214017742316,2.7397260273972517,17.652094517235398,6095.361516440105
2021-09-14,2021,BTC Bull | Normal MVRV | Market Growth Leading,stacksats_mvrv_weight,False,sma_340d_weight,7.934214017742317e-06,0.0027397260273972516,47079.22999999998,0.007934214017742316,2.7397260273972517,16.852896739692472,5819.394300623126
2021-09-15,2021,BTC Bull | Normal MVRV | Market Growth Leading,stacksats_mvrv_weight,False,sma_340d_weight,7.934214017742317e-06,0.0027397260273972516,48124.589999999516,0.007934214017742316,2.7397260273972517,16.486818937558525,5692.985701067332
2021-09-16,2021,BTC Bull | Normal MVRV | Market Growth Leading,stacksats_mvrv_weight,False,sma_340d_weight,7.934214017742317e-06,0.0027397260273972516,47774.02999999973,0.007934214017742316,2.7397260273972517,16.607797202250598,5734.7601351555795
2021-09-17,2021,BTC Bull | Normal MVRV | Market Growth Leading,stacksats_mvrv_weight,False,sma_340d_weight,7.934214017742146e-06,0.0027397260273972516,47252.629999999735,0.007934214017742146,2.7397260273972517,16.79105272604338,5798.0392359055295
2021-09-18,2021,BTC Bull | Normal MVRV | Market Growth Leading,stacksats_mvrv_weight,False,sma_340d_weight,7.934214017742317e-06,0.0027397260273972516,48154.63999999969,0.007934214017742316,2.7397260273972517,16.476530647394245,5689.4331001068
2021-09-19,2021,BTC Bull | Normal MVRV | Market Growth Leading,stacksats_mvrv_weight,False,sma_340d_weight,7.934214017742317e-06,0.0027397260273972516,47190.19999999999,0.007934214017742316,2.7397260273972517,16.813266351366,5805.709718113618
2021-09-20,2021,BTC Bull | Normal MVRV | Market Growth Leading,stacksats_mvrv_weight,False,sma_340d_weight,7.934214017742317e-06,0.0027397260273972516,42899.00999999954,0.007934214017742316,2.7397260273972517,18.49509817998691,6386.455135904725
2021-09-21,2021,BTC Bull | Normal MVRV | Market Growth Leading,stacksats_mvrv_weight,False,sma_340d_weight,7.934214017742317e-06,0.0027397260273972516,40719.5999999999,0.007934214017742316,2.7397260273972517,19.484999896222796,6728.273429496504
2021-09-22,2021,BTC Bull | Normal MVRV | Market Growth Leading,stacksats_mvrv_weight,False,sma_340d_weight,7.934214017742317e-06,0.0027397260273972516,43554.89999999957,0.007934214017742316,2.7397260273972517,18.216581871941834,6290.281982962373
2021-09-23,2021,BTC Bull | Normal MVRV | Market Growth Leading,stacksats_mvrv_weight,False,sma_340d_weight,7.934214017742317e-06,0.0027397260273972516,44658.39999999973,0.007934214017742316,2.7397260273972517,17.76645383117703,6134.850391857452
2021-09-24,2021,BTC Bull | Normal MVRV | Market Growth Leading,stacksats_mvrv_weight,False,sma_340d_weight,7.934214017742317e-06,0.0027397260273972516,42848.91999999968,0.007934214017742316,2.7397260273972517,18.51671878250928,6393.920844206277
2021-09-25,2021,BTC Bull | Normal MVRV | Market Growth Leading,stacksats_mvrv_weight,False,sma_340d_weight,7.934214017742146e-06,0.0027397260273972516,42751.55999999996,0.007934214017742146,2.7397260273972517,18.558887717178397,6408.4820001825765
2021-09-26,2021,BTC Bull | Normal MVRV | Market Growth Leading,stacksats_mvrv_weight,False,sma_340d_weight,7.934214017742404e-06,0.0027397260273972516,43230.469999999725,0.007934214017742403,2.7397260273972517,18.353291134106232,6337.488413605655
2021-09-27,2021,BTC Bull | Normal MVRV | Market Growth Leading,stacksats_mvrv_weight,False,sma_340d_weight,7.934214017742231e-06,0.0027397260273972516,42308.8799999996,0.007934214017742231,2.7397260273972517,18.753070319380488,6475.534278849446
2021-09-28,2021,BTC Neutral | Normal MVRV | Market Growth Leading,stacksats_mvrv_weight,False,sma_340d_weight,7.934214017742317e-06,0.0027397260273972516,40996.55999999959,0.007934214017742316,2.7397260273972517,19.353365301240874,6682.819308247518
2021-09-29,2021,BTC Bull | Normal MVRV | Market Growth Leading,stacksats_mvrv_weight,False,sma_340d_weight,7.934214017742317e-06,0.0027397260273972516,41547.589999999844,0.007934214017742316,2.7397260273972517,19.096688924056355,6594.1875988409
2021-09-30,2021,BTC Bull | Normal MVRV | Market Growth Leading,stacksats_mvrv_weight,False,sma_340d_weight,7.934214017742317e-06,0.0027397260273972516,43741.20999999964,0.007934214017742316,2.7397260273972517,18.138990708630104,6263.489344252878
2021-10-01,2021,BTC Bull | Normal MVRV | Market Growth Leading,stacksats_mvrv_weight,False,sma_340d_weight,7.934214017742317e-06,0.0027397260273972516,48105.58999999977,0.007934214017742316,2.7397260273972517,16.49333064565335,5695.234228282544
2021-10-02,2021,BTC Bull | Normal MVRV | Market Growth Leading,stacksats_mvrv_weight,False,sma_340d_weight,7.934214017742231e-06,0.0027397260273972516,48006.66999999981,0.007934214017742231,2.7397260273972517,16.527315928687123,5706.969526103899
2021-10-03,2021,BTC Bull | Normal MVRV | Market Growth Leading,stacksats_mvrv_weight,False,sma_340d_weight,7.934214017742317e-06,0.0027397260273972516,48241.1899999996,0.007934214017742316,2.7397260273972517,16.446969939469533,5679.225631451617
2021-10-04,2021,BTC Bull | Normal MVRV | Market Growth Leading,stacksats_mvrv_weight,False,sma_340d_weight,7.934214017742317e-06,0.0027397260273972516,49366.899999999594,0.007934214017742316,2.7397260273972517,16.071930823572842,5549.722642898935
2021-10-05,2021,BTC Bull | Normal MVRV | Market Growth Leading,stacksats_mvrv_weight,False,sma_340d_weight,7.934214017742317e-06,0.0027397260273972516,51616.88999999947,0.007934214017742316,2.7397260273972517,15.371352318480247,5307.809182996651
2021-10-06,2021,BTC Bull | High MVRV | Market Growth Leading,stacksats_mvrv_weight,False,sma_340d_weight,7.934214017742231e-06,0.0027397260273972516,55500.48999999986,0.007934214017742231,2.7397260273972517,14.295754898276128,4936.399709979602
2021-10-07,2021,BTC Bull | Normal MVRV | Market Growth Leading,stacksats_mvrv_weight,False,sma_340d_weight,7.934214017742317e-06,0.0027397260273972516,53761.17999999954,0.007934214017742316,2.7397260273972517,14.758258687295154,5096.104712354296
2021-10-08,2021,BTC Bull | Normal MVRV | Market Growth Leading,stacksats_mvrv_weight,False,sma_340d_weight,7.934214017742297e-06,0.0027397260273972516,53887.20999999957,0.007934214017742297,2.7397260273972517,14.723742457147736,5084.186075688969
2021-10-09,2021,BTC Bull | High MVRV | Market Growth Leading,stacksats_mvrv_weight,False,sma_340d_weight,7.934214017742317e-06,0.0027397260273972516,54965.41999999967,0.007934214017742316,2.7397260273972517,14.434919296063532,4984.453911927295
2021-10-10,2021,BTC Bull | High MVRV | Market Growth Leading,stacksats_mvrv_weight,False,sma_340d_weight,7.934214017742231e-06,0.0027397260273972516,54556.29999999998,0.007934214017742231,2.7397260273972517,14.543167366082805,5021.832542524425
2021-10-11,2021,BTC Bull | High MVRV | Market Growth Leading,stacksats_mvrv_weight,False,sma_340d_weight,7.934214017742297e-06,0.0027397260273972516,57412.17999999956,0.007934214017742297,2.7397260273972517,13.819740023358037,4772.029258246722
2021-10-12,2021,BTC Bull | High MVRV | Market Growth Leading,stacksats_mvrv_weight,False,sma_340d_weight,7.934214017742297e-06,0.0027397260273972516,56040.839999999946,0.007934214017742297,2.7397260273972517,14.15791415286121,4888.802572190663
2021-10-13,2021,BTC Bull | High MVRV | Market Growth Leading,stacksats_mvrv_weight,False,sma_340d_weight,7.934214017742297e-06,0.0027397260273972516,57378.99999999974,0.007934214017742297,2.7397260273972517,13.827731430910843,4774.788733504007
2021-10-14,2021,BTC Bull | High MVRV | Market Growth Leading,stacksats_mvrv_weight,False,sma_340d_weight,7.934214017742297e-06,0.0027397260273972516,57332.239999999634,0.007934214017742297,2.7397260273972517,13.839009286471883,4778.683036625237
2021-10-15,2021,BTC Bull | High MVRV | Market Growth Leading,stacksats_mvrv_weight,False,sma_340d_weight,7.934214017742231e-06,0.0027397260273972516,61479.93999999969,0.007934214017742231,2.7397260273972517,12.905370463507724,4456.2926173923815
2021-10-16,2021,BTC Bull | High MVRV | Market Growth Leading,stacksats_mvrv_weight,False,sma_340d_weight,7.934214017742297e-06,0.0027397260273972516,60949.47999999967,0.007934214017742297,2.7397260273972517,13.017689433515002,4495.07695126729
2021-10-17,2021,BTC Bull | High MVRV | Market Growth Leading,stacksats_mvrv_weight,False,sma_340d_weight,7.934214017742297e-06,0.0027397260273972516,61568.37999999975,0.007934214017742297,2.7397260273972517,12.886832523029401,4449.89136858443
2021-10-18,2021,BTC Bull | High MVRV | Market Growth Leading,stacksats_mvrv_weight,False,sma_340d_weight,7.934214017742297e-06,0.0027397260273972516,62022.139999999905,0.007934214017742297,2.7397260273972517,12.792551204686438,4417.335531146226
2021-10-19,2021,BTC Bull | High MVRV | Market Growth Leading,stacksats_mvrv_weight,False,sma_340d_weight,7.934214017742231e-06,0.0027397260273972516,64215.28999999954,0.007934214017742231,2.7397260273972517,12.355646167357165,4266.469913002451
2021-10-20,2021,BTC Bull | High MVRV | Market Growth Leading,stacksats_mvrv_weight,False,sma_340d_weight,7.934214017742297e-06,0.0027397260273972516,66026.53999999978,0.007934214017742297,2.7397260273972517,12.016704218852485,4149.431467099837
2021-10-21,2021,BTC Bull | High MVRV | Market Growth Leading,stacksats_mvrv_weight,False,sma_340d_weight,7.934214017742297e-06,0.0027397260273972516,62204.02,0.007934214017742297,2.7397260273972517,12.75514672161429,4404.419565483471
2021-10-22,2021,BTC Bull | High MVRV | Market Growth Leading,stacksats_mvrv_weight,False,sma_340d_weight,7.934214017742297e-06,0.0027397260273972516,60689.359999999724,0.007934214017742297,2.7397260273972517,13.073484409363246,4514.343251267214
2021-10-23,2021,BTC Bull | High MVRV | Market Growth Leading,stacksats_mvrv_weight,False,sma_340d_weight,7.934214017742231e-06,0.0027397260273972516,61289.08999999982,0.007934214017742231,2.7397260273972517,12.945556897226334,4470.169205314127
2021-10-24,2021,BTC Bull | High MVRV | Market Growth Leading,stacksats_mvrv_weight,False,sma_340d_weight,7.934214017742297e-06,0.0027397260273972516,60895.20999999979,0.007934214017742297,2.7397260273972517,13.029290838708537,4499.082977786366
2021-10-25,2021,BTC Bull | High MVRV | Market Growth Leading,stacksats_mvrv_weight,False,sma_340d_weight,7.934214017742297e-06,0.0027397260273972516,63085.56999999983,0.007934214017742297,2.7397260273972517,12.576907869331004,4342.872747915662
2021-10-26,2021,BTC Bull | High MVRV | Market Growth Leading,stacksats_mvrv_weight,False,sma_340d_weight,7.934214017742297e-06,0.0027397260273972516,60337.61999999994,0.007934214017742297,2.7397260273972517,13.149696686316606,4540.659753230662
2021-10-27,2021,BTC Bull | High MVRV | Market Growth Leading,stacksats_mvrv_weight,False,sma_340d_weight,7.934214017742231e-06,0.0027397260273972516,58605.50999999986,0.007934214017742231,2.7397260273972517,13.538341391009567,4674.86082349127
2021-10-28,2021,BTC Bull | High MVRV | Market Growth Leading,stacksats_mvrv_weight,False,sma_340d_weight,7.934214017742297e-06,0.0027397260273972516,60591.64999999951,0.007934214017742297,2.7397260273972517,13.09456668986958,4521.623074131954
2021-10-29,2021,BTC Bull | High MVRV | Market Growth Leading,stacksats_mvrv_weight,False,sma_340d_weight,7.934214017742297e-06,0.0027397260273972516,62097.50999999982,0.007934214017742297,2.7397260273972517,12.777024421337218,4411.974050806964
2021-10-30,2021,BTC Bull | High MVRV | Market Growth Leading,stacksats_mvrv_weight,False,sma_340d_weight,7.934214017742297e-06,0.0027397260273972516,61782.04999999992,0.007934214017742297,2.7397260273972517,12.842264084377756,4434.501651203311
2021-10-31,2021,BTC Bull | High MVRV | Market Growth Leading,stacksats_mvrv_weight,False,sma_340d_weight,7.934214017742297e-06,0.0027397260273972516,61437.07999999948,0.007934214017742297,2.7397260273972517,12.914373563558629,4459.401435415347
2021-11-01,2021,BTC Bull | High MVRV | Market Growth Leading,stacksats_mvrv_weight,False,sma_340d_weight,7.934214017742231e-06,0.0027397260273972516,61016.39999999995,0.007934214017742231,2.7397260273972517,13.00341222645426,4490.146956223661
2021-11-02,2021,BTC Bull | High MVRV | Market Growth Leading,stacksats_mvrv_weight,False,sma_340d_weight,7.934214017742297e-06,0.0027397260273972516,63225.37999999947,0.007934214017742297,2.7397260273972517,12.549096609213523,4333.26937283299
2021-11-03,2021,BTC Bull | High MVRV | Market Growth Leading,stacksats_mvrv_weight,False,sma_340d_weight,7.934214017742297e-06,0.0027397260273972516,62917.72999999991,0.007934214017742297,2.7397260273972517,12.610458161383617,4354.457841052524
2021-11-04,2021,BTC Bull | High MVRV | Market Growth Leading,stacksats_mvrv_weight,False,sma_340d_weight,7.934214017742297e-06,0.0027397260273972516,61451.3899999996,0.007934214017742297,2.7397260273972517,12.911366232305484,4458.362988041881
2021-11-05,2021,BTC Bull | High MVRV | Market Growth Leading,stacksats_mvrv_weight,False,sma_340d_weight,7.934214017742231e-06,0.0027397260273972516,61046.18999999982,0.007934214017742231,2.7397260273972517,12.997066676466222,4487.9558042807585
2021-11-06,2021,BTC Bull | High MVRV | Market Growth Leading,stacksats_mvrv_weight,False,sma_340d_weight,7.934214017742297e-06,0.0027397260273972516,61509.55999999969,0.007934214017742297,2.7397260273972517,12.899155867384415,4454.146684510937
2021-11-07,2021,BTC Bull | High MVRV | Market Growth Leading,stacksats_mvrv_weight,False,sma_340d_weight,7.934214017742297e-06,0.0027397260273972516,63327.959999999934,0.007934214017742297,2.7397260273972517,12.528769310968338,4326.250249332608
2021-11-08,2021,BTC Bull | High MVRV | Market Growth Leading,stacksats_mvrv_weight,False,sma_340d_weight,7.934214017742297e-06,0.0027397260273972516,67466.95999999996,0.007934214017742297,2.7397260273972517,11.76014751182253,4060.8410804299665
2021-11-09,2021,BTC Bull | High MVRV | Market Growth Leading,stacksats_mvrv_weight,False,sma_340d_weight,7.934214017742231e-06,0.0027397260273972516,67140.76999999979,0.007934214017742231,2.7397260273972517,11.817281835972773,4080.569864476175
2021-11-10,2021,BTC Bull | High MVRV | Market Growth Leading,stacksats_mvrv_weight,False,sma_340d_weight,7.934214017742297e-06,0.0027397260273972516,64878.369999999886,0.007934214017742297,2.7397260273972517,12.229367072172609,4222.8650741337315
2021-11-11,2021,BTC Bull | High MVRV | Market Growth Leading,stacksats_mvrv_weight,False,sma_340d_weight,7.934214017742297e-06,0.0027397260273972516,64808.08999999986,0.007934214017742297,2.7397260273972517,12.24262899545769,4227.444486324559
2021-11-12,2021,BTC Bull | High MVRV | Market Growth Leading,stacksats_mvrv_weight,False,sma_340d_weight,7.934214017742297e-06,0.0027397260273972516,64039.139999999934,0.007934214017742297,2.7397260273972517,12.389632368177189,4278.205527740151
2021-11-13,2021,BTC Bull | High MVRV | Market Growth Leading,stacksats_mvrv_weight,False,sma_340d_weight,7.934214017742231e-06,0.0027397260273972516,64497.259999999784,0.007934214017742231,2.7397260273972517,12.301629585105255,4247.817701708973
2021-11-14,2021,BTC Bull | High MVRV | Market Growth Leading,stacksats_mvrv_weight,False,sma_340d_weight,7.934214017742297e-06,0.0027397260273972516,65451.81999999957,0.007934214017742297,2.7397260273972517,12.122220616237026,4185.866836701057
2021-11-15,2021,BTC Bull | High MVRV | Market Growth Leading,stacksats_mvrv_weight,False,sma_340d_weight,7.934214017742297e-06,0.0027397260273972516,63846.95999999952,0.007934214017742297,2.7397260273972517,12.426925287816925,4291.082969960155
2021-11-16,2021,BTC Bull | Normal MVRV | Market Growth Leading,stacksats_mvrv_weight,False,sma_340d_weight,7.934214017742297e-06,0.0027397260273972516,60482.01999999952,0.007934214017742297,2.7397260273972517,13.118301964356286,4529.818989837432
2021-11-17,2021,BTC Bull | Normal MVRV | Realized Growth Leading,sma_340d_weight,False,sma_340d_weight,7.934214017742275e-06,0.0027397260273972516,59982.449999999866,0.007934214017742275,2.7397260273972517,13.227559090604489,4567.546052882564
2021-11-18,2021,BTC Bull | Normal MVRV | Realized Growth Leading,sma_340d_weight,False,sma_340d_weight,0.0027800967770757715,0.0027397260273972516,56911.32999999948,2.7800967770757716,2.7397260273972517,4884.961882064252,4814.0256560464795
2021-11-19,2021,BTC Bull | Normal MVRV | Realized Growth Leading,sma_340d_weight,False,sma_340d_weight,0.0033379912373025667,0.0027397260273972516,58126.85999999957,3.3379912373025666,2.7397260273972517,5742.596860216759,4713.356316507156
2021-11-20,2021,BTC Bull | Normal MVRV | Realized Growth Leading,sma_340d_weight,False,sma_340d_weight,0.0031523619136885842,0.0027397260273972516,59729.40999999972,3.1523619136885843,2.7397260273972517,5277.738242665714,4586.8961829645805
2021-11-21,2021,BTC Bull | Normal MVRV | Realized Growth Leading,sma_340d_weight,False,sma_340d_weight,0.002901823984420655,0.0027397260273972516,58739.859999999484,2.9018239844206546,2.7397260273972517,4940.127512085797,4664.168466518776
2021-11-22,2021,BTC Bull | Normal MVRV | Realized Growth Leading,sma_340d_weight,False,sma_340d_weight,0.003096742634442887,0.0027397260273972516,56437.13999999992,3.096742634442887,2.7397260273972517,5487.065139096155,4854.473538873968
2021-11-23,2021,BTC Bull | Normal MVRV | Realized Growth Leading,sma_340d_weight,False,sma_340d_weight,0.0035139291534502354,0.0027397260273972516,57642.31999999976,3.5139291534502353,2.7397260273972517,6096.092512324712,4752.976679976211
2021-11-24,2021,BTC Bull | Normal MVRV | Realized Growth Leading,sma_340d_weight,False,sma_340d_weight,0.0033287392919512794,0.0027397260273972516,57182.66999999994,3.3287392919512793,2.7397260273972517,5821.237958897832,4791.182411379627
2021-11-25,2021,BTC Bull | Normal MVRV | Realized Growth Leading,sma_340d_weight,False,sma_340d_weight,0.003428222095813379,0.0027397260273972516,58938.52999999973,3.428222095813379,2.7397260273972517,5816.606039908689,4648.446487208392
2021-11-26,2021,BTC Bull | Normal MVRV | Realized Growth Leading,sma_340d_weight,False,sma_340d_weight,0.0031506018624054668,0.0027397260273972516,53757.66999999967,3.1506018624054666,2.7397260273972517,5860.748545101538,5096.437452362181
2021-11-27,2021,BTC Bull | Normal MVRV | Realized Growth Leading,sma_340d_weight,False,sma_340d_weight,0.004052427613623054,0.0027397260273972516,54796.99999999989,4.052427613623054,2.7397260273972517,7395.345755466655,4999.773760237344
2021-11-28,2021,BTC Bull | Normal MVRV | Realized Growth Leading,sma_340d_weight,False,sma_340d_weight,0.0038936704996164412,0.0027397260273972516,57216.20999999975,3.8936704996164413,2.7397260273972517,6805.187724975944,4788.373832166205
2021-11-29,2021,BTC Bull | Normal MVRV | Realized Growth Leading,sma_340d_weight,False,sma_340d_weight,0.003503207514079134,0.0027397260273972516,57869.58999999996,3.5032075140791337,2.7397260273972517,6053.624216240578,4734.3104165715595
2021-11-30,2021,BTC Bull | Normal MVRV | Realized Growth Leading,sma_340d_weight,False,sma_340d_weight,0.0034134233344565593,0.0027397260273972516,57288.83999999993,3.413423334456559,2.7397260273972517,5958.269244859144,4782.303197965354
2021-12-01,2021,BTC Bull | Normal MVRV | Realized Growth Leading,sma_340d_weight,False,sma_340d_weight,0.0035315102725407724,0.0027397260273972516,57263.65999999993,3.5315102725407725,2.7397260273972517,6167.105407759086,4784.4060742838565
2021-12-02,2021,BTC Bull | Normal MVRV | Realized Growth Leading,sma_340d_weight,False,sma_340d_weight,0.0035543975832217425,0.0027397260273972516,56495.969999999674,3.5543975832217427,2.7397260273972517,6291.41792453827,4849.418511439431
2021-12-03,2021,BTC Bull | Normal MVRV | Realized Growth Leading,sma_340d_weight,False,sma_340d_weight,0.0037017784811046862,0.0027397260273972516,53637.68999999994,3.7017784811046863,2.7397260273972517,6901.450232298764,5107.837469132722
2021-12-04,2021,BTC Neutral | Normal MVRV | Realized Growth Leading,sma_340d_weight,False,sma_340d_weight,0.00419758166737342,0.0027397260273972516,49241.11999999958,4.19758166737342,2.7397260273972517,8524.54547616597,5563.8986834525185
2021-12-05,2021,BTC Neutral | Normal MVRV | Realized Growth Leading,sma_340d_weight,False,sma_340d_weight,0.004947278139373215,0.0027397260273972516,49363.91999999994,4.947278139373215,2.7397260273972517,10022.052825977396,5550.057668429199
2021-12-06,2021,BTC Bull | Normal MVRV | Realized Growth Leading,sma_340d_weight,False,sma_340d_weight,0.004937262552238012,0.0027397260273972516,50529.55999999972,4.937262552238012,2.7397260273972517,9771.038085900687,5422.0262899523905
2021-12-07,2021,BTC Bull | Normal MVRV | Realized Growth Leading,sma_340d_weight,False,sma_340d_weight,0.0047532970301635,0.0027397260273972516,50675.08999999972,4.7532970301635,2.7397260273972517,9379.947880040325,5406.455178268587
2021-12-08,2021,BTC Bull | Normal MVRV | Realized Growth Leading,sma_340d_weight,False,sma_340d_weight,0.004740134738715134,0.0027397260273972516,50501.6799999995,4.740134738715134,2.7397260273972517,9386.09317297005,5425.0195783531935
2021-12-09,2021,BTC Neutral | Normal MVRV | Realized Growth Leading,sma_340d_weight,False,sma_340d_weight,0.0047786580023891105,0.0027397260273972516,47877.539999999644,4.77865800238911,2.7397260273972517,9981.001535143923,5722.361732447556
2021-12-10,2021,BTC Neutral | Normal MVRV | Realized Growth Leading,sma_340d_weight,False,sma_340d_weight,0.005223728467636703,0.0027397260273972516,46979.80999999986,5.223728467636703,2.7397260273972517,11119.092366777812,5831.709467103549
2021-12-11,2021,BTC Neutral | Normal MVRV | Realized Growth Leading,sma_340d_weight,False,sma_340d_weight,0.005380644598713686,0.0027397260273972516,49343.17999999999,5.380644598713686,2.7397260273972517,10904.535538069673,5552.39047705732
2021-12-12,2021,BTC Neutral | Normal MVRV | Realized Growth Leading,sma_340d_weight,False,sma_340d_weight,0.004994705563131258,0.0027397260273972516,50021.61999999974,4.994705563131258,2.7397260273972517,9985.093571802121,5477.083763775076
2021-12-13,2021,BTC Neutral | Normal MVRV | Realized Growth Leading,sma_340d_weight,False,sma_340d_weight,0.004888784270680082,0.0027397260273972516,46742.529999999846,4.888784270680082,2.7397260273972517,10458.963754593726,5861.313085528876
2021-12-14,2021,BTC Neutral | Normal MVRV | Realized Growth Leading,sma_340d_weight,False,sma_340d_weight,0.0054375064599553,0.0027397260273972516,48230.66999999993,5.4375064599553005,2.7397260273972517,11273.960034051586,5680.46437546328
2021-12-15,2021,BTC Neutral | Normal MVRV | Realized Growth Leading,sma_340d_weight,False,sma_340d_weight,0.005193893771775216,0.0027397260273972516,48765.51999999981,5.193893771775216,2.7397260273972517,10650.750308363853,5618.162233063982
2021-12-16,2021,BTC Neutral | Normal MVRV | Realized Growth Leading,sma_340d_weight,False,sma_340d_weight,0.0051091983812413325,0.0027397260273972516,47607.279999999555,5.109198381241333,2.7397260273972517,10731.968684708265,5754.84679527433
2021-12-17,2021,BTC Neutral | Normal MVRV | Realized Growth Leading,sma_340d_weight,False,sma_340d_weight,0.005305977410643543,0.0027397260273972516,46358.20999999999,5.305977410643544,2.7397260273972517,11445.604587932849,5909.904690878384
2021-12-18,2021,BTC Neutral | Normal MVRV | Realized Growth Leading,sma_340d_weight,False,sma_340d_weight,0.0055183972689903625,0.0027397260273972516,46846.689999999726,5.518397268990363,2.7397260273972517,11779.695148131907,5848.2809082077465
2021-12-19,2021,BTC Neutral | Normal MVRV | Realized Growth Leading,sma_340d_weight,False,sma_340d_weight,0.005443631520853881,0.0027397260273972516,46698.81999999968,5.443631520853881,2.7397260273972517,11656.893088206336,5866.799262587942
2021-12-20,2021,BTC Neutral | Normal MVRV | Realized Growth Leading,sma_340d_weight,False,sma_340d_weight,0.005472594580732317,0.0027397260273972516,46928.11999999954,5.472594580732317,2.7397260273972517,11661.653142577139,5838.132930527109
2021-12-21,2021,BTC Neutral | Normal MVRV | Realized Growth Leading,sma_340d_weight,False,sma_340d_weight,0.005438273328271744,0.0027397260273972516,48974.63999999978,5.438273328271745,2.7397260273972517,11104.264019647248,5594.172876813926
2021-12-22,2021,BTC Neutral | Normal MVRV | Realized Growth Leading,sma_340d_weight,False,sma_340d_weight,0.005105657276407801,0.0027397260273972516,48625.98999999982,5.1056572764078005,2.7397260273972517,10499.85260229729,5634.2832863603635
2021-12-23,2021,BTC Bull | Normal MVRV | Realized Growth Leading,sma_340d_weight,False,sma_340d_weight,0.005169387276238759,0.0027397260273972516,50706.239999999845,5.169387276238759,2.7397260273972517,10194.775389062126,5403.133869514403
2021-12-24,2021,BTC Bull | Normal MVRV | Realized Growth Leading,sma_340d_weight,False,sma_340d_weight,0.004833209312935072,0.0027397260273972516,50676.52999999977,4.833209312935072,2.7397260273972517,9537.372256812163,5406.301551028186
2021-12-25,2021,BTC Bull | Normal MVRV | Realized Growth Leading,sma_340d_weight,False,sma_340d_weight,0.004845256445310513,0.0027397260273972516,50634.20999999971,4.845256445310513,2.7397260273972517,9569.136055071345,5410.820130100316
2021-12-26,2021,BTC Bull | Normal MVRV | Realized Growth Leading,sma_340d_weight,False,sma_340d_weight,0.004859566916933011,0.0027397260273972516,50797.489999999634,4.859566916933011,2.7397260273972517,9566.54928606324,5393.427957557099
2021-12-27,2021,BTC Bull | Normal MVRV | Realized Growth Leading,sma_340d_weight,False,sma_340d_weight,0.004840426199938871,0.0027397260273972516,50725.72999999954,4.840426199938871,2.7397260273972517,9542.349020780804,5401.057860374364
2021-12-28,2021,BTC Neutral | Normal MVRV | Realized Growth Leading,sma_340d_weight,False,sma_340d_weight,0.004862259278925151,0.0027397260273972516,47560.749999999585,4.862259278925151,2.7397260273972517,10223.260312180093,5760.4769214053085
2021-12-29,2021,BTC Neutral | Normal MVRV | Realized Growth Leading,sma_340d_weight,False,sma_340d_weight,0.005389887169923767,0.0027397260273972516,46404.709999999934,5.389887169923767,2.7397260273972517,11614.957123800095,5903.98265046211
2021-12-30,2021,BTC Neutral | Normal MVRV | Realized Growth Leading,sma_340d_weight,False,sma_340d_weight,0.0055865382435256175,0.0027397260273972516,47152.70999999978,5.5865382435256175,2.7397260273972517,11847.756456682222,5810.325700044101
2021-12-31,2021,BTC Neutral | Normal MVRV | Realized Growth Leading,sma_340d_weight,False,sma_340d_weight,0.005470727614614266,0.00273972602740076,46211.23999999997,5.470727614614265,2.73972602740076,11838.521568809383,5928.700522645057
2022-01-01,2022,BTC Neutral | Normal MVRV | Realized Growth Leading,sma_340d_weight,False,sma_340d_weight,0.002740234828311843,0.0027397260273972516,47545.17999999962,2.740234828311843,2.7397260273972517,5763.433492757552,5762.36335081132
2022-01-02,2022,BTC Neutral | Normal MVRV | Realized Growth Leading,sma_340d_weight,False,sma_340d_weight,0.0018894962992321187,0.0027397260273972516,47333.96999999966,1.8894962992321187,2.7397260273972517,3991.8398968692727,5788.075725313704
2022-01-03,2022,BTC Neutral | Normal MVRV | Realized Growth Leading,sma_340d_weight,False,sma_340d_weight,0.0019043250714382313,0.0027397260273972516,46443.059999999576,1.9043250714382314,2.7397260273972517,4100.343671235808,5899.1074821453985
2022-01-04,2022,BTC Neutral | Normal MVRV | Realized Growth Leading,sma_340d_weight,False,sma_340d_weight,0.001957224648414977,0.0027397260273972516,45810.39999999985,1.9572246484149771,2.7397260273972517,4272.446100481514,5980.5765227923375
2022-01-05,2022,BTC Neutral | Normal MVRV | Realized Growth Leading,sma_340d_weight,False,sma_340d_weight,0.00199509604624743,0.0027397260273972516,43514.11999999986,1.9950960462474299,2.7397260273972517,4584.9394317233955,6296.177028048047
2022-01-06,2022,BTC Neutral | Normal MVRV | Realized Growth Leading,sma_340d_weight,False,sma_340d_weight,0.0021272428025524053,0.0027397260273972516,43117.4999999999,2.1272428025524053,2.7397260273972517,4933.594949967903,6354.09294926018
2022-01-07,2022,BTC Neutral | Normal MVRV | Realized Growth Leading,sma_340d_weight,False,sma_340d_weight,0.0021512940361268617,0.0027397260273972516,41474.45999999998,2.1512940361268615,2.7397260273972517,5187.0332636684425,6605.81482530997
2022-01-08,2022,BTC Neutral | Normal MVRV | Realized Growth Leading,sma_340d_weight,False,sma_340d_weight,0.0022458773762184608,0.0027397260273972516,41881.14999999995,2.245877376218461,2.7397260273972517,5362.501689228839,6541.668572609049
2022-01-09,2022,BTC Neutral | Normal MVRV | Realized Growth Leading,sma_340d_weight,False,sma_340d_weight,0.0022236647632269944,0.0027397260273972516,41873.10999999967,2.2236647632269944,2.7397260273972517,5310.483895815266,6542.924629666325
2022-01-10,2022,BTC Neutral | Normal MVRV | Realized Growth Leading,sma_340d_weight,False,sma_340d_weight,0.0022247262841215616,0.0027397260273972516,41861.129999999524,2.2247262841215614,2.7397260273972517,5314.539488354917,6544.797112254932
2022-01-11,2022,BTC Neutral | Normal MVRV | Realized Growth Leading,sma_340d_weight,False,sma_340d_weight,0.0022261093139525905,0.0027397260273972516,42758.239999999874,2.2261093139525903,2.7397260273972517,5206.269748129475,6407.480821000256
2022-01-12,2022,BTC Neutral | Normal MVRV | Realized Growth Leading,sma_340d_weight,False,sma_340d_weight,0.002175857961115052,0.0027397260273972516,43956.37999999977,2.175857961115052,2.7397260273972517,4950.039018488473,6232.829062350598
2022-01-13,2022,BTC Neutral | Normal MVRV | Realized Growth Leading,sma_340d_weight,False,sma_340d_weight,0.002108513032311893,0.0027397260273972516,42522.019999999895,2.108513032311893,2.7397260273972517,4958.63797701026,6443.0759107804815
2022-01-14,2022,BTC Bear | Normal MVRV | Realized Growth Leading,sma_340d_weight,False,sma_340d_weight,0.0021904657415310435,0.0027397260273972516,43085.009999999726,2.1904657415310433,2.7397260273972517,5084.055316526693,6358.884510871111
2022-01-15,2022,BTC Bear | Normal MVRV | Realized Growth Leading,sma_340d_weight,False,sma_340d_weight,0.0021580279758828254,0.0027397260273972516,43136.849999999664,2.1580279758828254,2.7397260273972517,5002.7481744328625,6351.242678585184
2022-01-16,2022,BTC Bear | Normal MVRV | Realized Growth Leading,sma_340d_weight,False,sma_340d_weight,0.0021545848541866196,0.0027397260273972516,43104.33999999979,2.1545848541866195,2.7397260273972517,4998.533452052926,6356.032889953227
2022-01-17,2022,BTC Bear | Normal MVRV | Realized Growth Leading,sma_340d_weight,False,sma_340d_weight,0.0021561390331086344,0.0027397260273972516,42245.099999999824,2.1561390331086345,2.7397260273972517,5103.879581557728,6485.310787280094
2022-01-18,2022,BTC Bear | Normal MVRV | Realized Growth Leading,sma_340d_weight,False,sma_340d_weight,0.0022041250626556046,0.0027397260273972516,42380.10999999956,2.2041250626556046,2.7397260273972517,5200.847904018247,6464.650581127044
2022-01-19,2022,BTC Bear | Normal MVRV | Realized Growth Leading,sma_340d_weight,False,sma_340d_weight,0.0021956925575758375,0.0027397260273972516,41719.459999999664,2.1956925575758373,2.7397260273972517,5262.993714625872,6567.021786469129
2022-01-20,2022,BTC Bear | Normal MVRV | Realized Growth Leading,sma_340d_weight,False,sma_340d_weight,0.002232459011459495,0.0027397260273972516,40585.02999999997,2.2324590114594947,2.7397260273972517,5500.695728103432,6750.5827330847205
2022-01-21,2022,BTC Bear | Normal MVRV | Realized Growth Leading,sma_340d_weight,False,sma_340d_weight,0.0022957515398795746,0.0027397260273972516,36465.059999999634,2.2957515398795745,2.7397260273972517,6295.756924243639,7513.290880084331
2022-01-22,2022,BTC Bear | Normal MVRV | Realized Growth Leading,sma_340d_weight,False,sma_340d_weight,0.002528626620680076,0.0027397260273972516,35018.829999999536,2.528626620680076,2.7397260273972517,7220.762717315539,7823.5795639011585
2022-01-23,2022,BTC Bear | Normal MVRV | Realized Growth Leading,sma_340d_weight,False,sma_340d_weight,0.0026092351506440997,0.0027397260273972516,36490.029999999984,2.6092351506441,2.7397260273972517,7150.542629436317,7508.149561393216
2022-01-24,2022,BTC Bear | Normal MVRV | Realized Growth Leading,sma_340d_weight,False,sma_340d_weight,0.0025234474884944405,0.0027397260273972516,36677.899999999514,2.5234474884944404,2.7397260273972517,6880.021725601722,7469.691632828727
2022-01-25,2022,BTC Bear | Normal MVRV | Realized Growth Leading,sma_340d_weight,False,sma_340d_weight,0.002510831132644565,0.0027397260273972516,36982.2399999995,2.5108311326445647,2.7397260273972517,6789.288946923168,7408.22088493636
2022-01-26,2022,BTC Bear | Normal MVRV | Realized Growth Leading,sma_340d_weight,False,sma_340d_weight,0.002491033875074266,0.0027397260273972516,36820.67999999998,2.4910338750742658,2.7397260273972517,6765.311979774049,7440.726318463574
2022-01-27,2022,BTC Bear | Normal MVRV | Realized Growth Leading,sma_340d_weight,False,sma_340d_weight,0.002497802572411003,0.0027397260273972516,37160.57999999957,2.497802572411003,2.7397260273972517,6721.645820412469,7372.6675616938255
2022-01-28,2022,BTC Bear | Normal MVRV | Realized Growth Leading,sma_340d_weight,False,sma_340d_weight,0.0024757260223435104,0.0027397260273972516,37770.09999999955,2.4757260223435105,2.7397260273972517,6554.724563460356,7253.690160728419
2022-01-29,2022,BTC Bear | Normal MVRV | Realized Growth Leading,sma_340d_weight,False,sma_340d_weight,0.0024387370503691323,0.0027397260273972516,38161.05999999987,2.438737050369132,2.7397260273972517,6390.642844745771,7179.376116379528
2022-01-30,2022,BTC Bear | Normal MVRV | Realized Growth Leading,sma_340d_weight,False,sma_340d_weight,0.00241489376741445,0.0027397260273972516,37927.279999999504,2.41489376741445,2.7397260273972517,6367.168347992478,7223.629080169439
2022-01-31,2022,BTC Bear | Normal MVRV | Realized Growth Leading,sma_340d_weight,False,sma_340d_weight,0.0024267339865741825,0.0027397260273972516,38534.689999999864,2.4267339865741824,2.7397260273972517,6297.53083928842,7109.765324172223
2022-02-01,2022,BTC Bear | Normal MVRV | Realized Growth Leading,sma_340d_weight,False,sma_340d_weight,0.0023907176478779567,0.0027397260273972516,38762.19999999997,2.3907176478779566,2.7397260273972517,6167.652114374207,7068.035424710811
2022-02-02,2022,BTC Bear | Normal MVRV | Realized Growth Leading,sma_340d_weight,False,sma_340d_weight,0.0023766015066954975,0.0027397260273972516,36962.9099999996,2.3766015066954975,2.7397260273972517,6429.6926478340665,7412.095063395391
2022-02-03,2022,BTC Bear | Normal MVRV | Realized Growth Leading,sma_340d_weight,False,sma_340d_weight,0.0024787811938417536,0.0027397260273972516,37017.90999999986,2.4787811938417534,2.7397260273972517,6696.167325064443,7401.0824149641685
2022-02-04,2022,BTC Bear | Normal MVRV | Realized Growth Leading,sma_340d_weight,False,sma_340d_weight,0.0024745623727237117,0.0027397260273972516,41709.89999999952,2.4745623727237116,2.7397260273972517,5932.793827661395,6568.526962177524
2022-02-05,2022,BTC Bear | Normal MVRV | Realized Growth Leading,sma_340d_weight,False,sma_340d_weight,0.002203497855294007,0.0027397260273972516,41433.18999999964,2.203497855294007,2.7397260273972517,5318.195039517899,6612.394622275707
2022-02-06,2022,BTC Bear | Normal MVRV | Realized Growth Leading,sma_340d_weight,False,sma_340d_weight,0.0022183884600744624,0.0027397260273972516,42429.32999999957,2.2183884600744626,2.7397260273972517,5228.431512056601,6457.15128520125
2022-02-07,2022,BTC Bear | Normal MVRV | Realized Growth Leading,sma_340d_weight,False,sma_340d_weight,0.0021598323819892176,0.0027397260273972516,43824.27999999991,2.159832381989218,2.7397260273972517,4928.392165231744,6251.616746235779
2022-02-08,2022,BTC Bear | Normal MVRV | Realized Growth Leading,sma_340d_weight,False,sma_340d_weight,0.0020787534489513427,0.0027397260273972516,44136.61999999951,2.0787534489513426,2.7397260273972517,4709.815679024279,6207.376159291949
2022-02-09,2022,BTC Bear | Normal MVRV | Realized Growth Leading,sma_340d_weight,False,sma_340d_weight,0.0020600153802032423,0.0027397260273972516,44304.59999999993,2.060015380203242,2.7397260273972517,4649.66477567396,6183.8410174050905
2022-02-10,2022,BTC Bear | Normal MVRV | Realized Growth Leading,sma_340d_weight,False,sma_340d_weight,0.0020496098036493667,0.0027397260273972516,43553.31999999973,2.049609803649367,2.7397260273972517,4705.978335634068,6290.5101778630615
2022-02-11,2022,BTC Bear | Normal MVRV | Realized Growth Leading,sma_340d_weight,False,sma_340d_weight,0.002091752576191468,0.0027397260273972516,42392.96999999976,2.091752576191468,2.7397260273972517,4934.1968165747285,6462.689515259882
2022-02-12,2022,BTC Bear | Normal MVRV | Realized Growth Leading,sma_340d_weight,False,sma_340d_weight,0.0021571980179277855,0.0027397260273972516,42145.44999999994,2.1571980179277856,2.7397260273972517,5118.4600423718075,6500.644855843882
2022-02-13,2022,BTC Bear | Normal MVRV | Realized Growth Leading,sma_340d_weight,False,sma_340d_weight,0.0021696078715057097,0.0027397260273972516,42240.909999999545,2.1696078715057094,2.7397260273972517,5136.271617978242,6485.954084316084
2022-02-14,2022,BTC Bear | Normal MVRV | Realized Growth Leading,sma_340d_weight,False,sma_340d_weight,0.0021619839717423785,0.0027397260273972516,42652.15999999991,2.1619839717423783,2.7397260273972517,5068.873350710452,6423.416838437392
2022-02-15,2022,BTC Bear | Normal MVRV | Realized Growth Leading,sma_340d_weight,False,sma_340d_weight,0.0021358802709111496,0.0027397260273972516,44367.54999999961,2.1358802709111497,2.7397260273972517,4814.059534301913,6175.067199782895
2022-02-16,2022,BTC Bear | Normal MVRV | Realized Growth Leading,sma_340d_weight,False,sma_340d_weight,0.002034558354334701,0.0027397260273972516,44172.14999999948,2.0345583543347012,2.7397260273972517,4605.97538117281,6202.383237848473
2022-02-17,2022,BTC Bear | Normal MVRV | Realized Growth Leading,sma_340d_weight,False,sma_340d_weight,0.0020431740694019083,0.0027397260273972516,40565.7899999997,2.0431740694019083,2.7397260273972517,5036.69241841937,6753.784475532885
2022-02-18,2022,BTC Bear | Normal MVRV | Realized Growth Leading,sma_340d_weight,False,sma_340d_weight,0.0022494863559108236,0.0027397260273972516,40003.21999999988,2.2494863559108236,2.7397260273972517,5623.263217088101,6848.763743011838
2022-02-19,2022,BTC Bear | Normal MVRV | Realized Growth Leading,sma_340d_weight,False,sma_340d_weight,0.002279865728672513,0.0027397260273972516,40085.1899999995,2.2798657286725126,2.7397260273972517,5687.551259386674,6834.758741064433
2022-02-20,2022,BTC Bear | Normal MVRV | Realized Growth Leading,sma_340d_weight,False,sma_340d_weight,0.0022727491699186084,0.0027397260273972516,38709.77999999982,2.272749169918608,2.7397260273972517,5871.253130135638,7077.606815118207
2022-02-21,2022,BTC Bear | Normal MVRV | Realized Growth Leading,sma_340d_weight,False,sma_340d_weight,0.0023499462796355178,0.0027397260273972516,37191.199999999924,2.349946279635518,2.7397260273972517,6318.554603334989,7366.597548337395
2022-02-22,2022,BTC Bear | Normal MVRV | Realized Growth Leading,sma_340d_weight,False,sma_340d_weight,0.0024355818528592954,0.0027397260273972516,38347.12999999953,2.435581852859295,2.7397260273972517,6351.405836262909,7144.539962696778
2022-02-23,2022,BTC Bear | Normal MVRV | Realized Growth Leading,sma_340d_weight,False,sma_340d_weight,0.0023654490160719714,0.0027397260273972516,37325.13999999972,2.3654490160719712,2.7397260273972517,6337.414986446103,7340.162762677573
2022-02-24,2022,BTC Bear | Normal MVRV | Realized Growth Leading,sma_340d_weight,False,sma_340d_weight,0.0024222965210134975,0.0027397260273972516,38332.22999999964,2.4222965210134975,2.7397260273972517,6319.216286173594,7147.317094250132
2022-02-25,2022,BTC Bear | Normal MVRV | Realized Growth Leading,sma_340d_weight,False,sma_340d_weight,0.002360747296149088,0.0027397260273972516,39239.13999999961,2.3607472961490883,2.7397260273972517,6016.307432194263,6982.125570023399
2022-02-26,2022,BTC Bear | Normal MVRV | Realized Growth Leading,sma_340d_weight,False,sma_340d_weight,0.0023054726330567345,0.0027397260273972516,39045.39999999957,2.3054726330567346,2.7397260273972517,5904.594736016944,7016.770291499849
2022-02-27,2022,BTC Bear | Normal MVRV | Realized Growth Leading,sma_340d_weight,False,sma_340d_weight,0.002314602925813604,0.0027397260273972516,37707.67999999958,2.314602925813604,2.7397260273972517,6138.2798565534395,7265.697670599948
2022-02-28,2022,BTC Bear | Normal MVRV | Realized Growth Leading,sma_340d_weight,False,sma_340d_weight,0.002391026656103059,0.0027397260273972516,43194.179999999746,2.391026656103059,2.7397260273972517,5535.529685024865,6342.81291460393
2022-03-01,2022,BTC Bear | Normal MVRV | Realized Growth Leading,sma_340d_weight,False,sma_340d_weight,0.0020677349483490567,0.0027397260273972516,44404.159999999974,2.067734948349057,2.7397260273972517,4656.624398139854,6169.976027915523
2022-03-02,2022,BTC Bear | Normal MVRV | Realized Growth Leading,sma_340d_weight,False,sma_340d_weight,0.0019949510860618955,0.0027397260273972516,43941.629999999524,1.9949510860618955,2.7397260273972517,4540.002467049851,6234.921252118506
2022-03-03,2022,BTC Bear | Normal MVRV | Realized Growth Leading,sma_340d_weight,False,sma_340d_weight,0.002020199447471223,0.0027397260273972516,42502.40999999991,2.020199447471223,2.7397260273972517,4753.140933587595,6446.048653234622
2022-03-04,2022,BTC Bear | Normal MVRV | Realized Growth Leading,sma_340d_weight,False,sma_340d_weight,0.0021027544620522893,0.0027397260273972516,39162.33999999981,2.1027544620522893,2.7397260273972517,5369.327936104686,6995.817990950656
2022-03-05,2022,BTC Bear | Normal MVRV | Realized Growth Leading,sma_340d_weight,False,sma_340d_weight,0.002296632441721153,0.0027397260273972516,39403.419999999736,2.2966324417211528,2.7397260273972517,5828.510423006856,6953.015822985086
2022-03-06,2022,BTC Bear | Normal MVRV | Realized Growth Leading,sma_340d_weight,False,sma_340d_weight,0.0022796021502853978,0.0027397260273972516,38367.44999999989,2.2796021502853976,2.7397260273972517,5941.500282884071,7140.756102887368
2022-03-07,2022,BTC Bear | Normal MVRV | Realized Growth Leading,sma_340d_weight,False,sma_340d_weight,0.0023378194252578633,0.0027397260273972516,37953.07999999993,2.3378194252578632,2.7397260273972517,6159.762067420794,7218.718553006125
2022-03-08,2022,BTC Bear | Normal MVRV | Realized Growth Leading,sma_340d_weight,False,sma_340d_weight,0.0023593583953271965,0.0027397260273972516,38739.85999999949,2.3593583953271966,2.7397260273972517,6090.260510304444,7072.111327705592
2022-03-09,2022,BTC Bear | Normal MVRV | Realized Growth Leading,sma_340d_weight,False,sma_340d_weight,0.0023098948121406345,0.0027397260273972516,41980.399999999674,2.3098948121406346,2.7397260273972517,5502.317300789541,6526.202769381123
2022-03-10,2022,BTC Bear | Normal MVRV | Realized Growth Leading,sma_340d_weight,False,sma_340d_weight,0.0021156023410887717,0.0027397260273972516,39472.89999999994,2.115602341088772,2.7397260273972517,5359.632408788751,6940.777159512617
2022-03-11,2022,BTC Bear | Normal MVRV | Realized Growth Leading,sma_340d_weight,False,sma_340d_weight,0.002261462790372597,0.0027397260273972516,38746.39999999996,2.261462790372597,2.7397260273972517,5836.575244080997,7070.917626920836
2022-03-12,2022,BTC Bear | Normal MVRV | Realized Growth Leading,sma_340d_weight,False,sma_340d_weight,0.002301613008980894,0.0027397260273972516,38880.989999999976,2.301613008980894,2.7397260273972517,5919.6358142652625,7046.441017569907
2022-03-13,2022,BTC Bear | Normal MVRV | Realized Growth Leading,sma_340d_weight,False,sma_340d_weight,0.0022908058502614514,0.0027397260273972516,37824.749999999905,2.2908058502614512,2.7397260273972517,6056.367458506552,7243.209875537204
2022-03-14,2022,BTC Bear | Normal MVRV | Realized Growth Leading,sma_340d_weight,False,sma_340d_weight,0.0023510507146294324,0.0027397260273972516,39695.08999999953,2.3510507146294324,2.7397260273972517,5922.774616783739,6901.926730477961
2022-03-15,2022,BTC Bear | Normal MVRV | Realized Growth Leading,sma_340d_weight,False,sma_340d_weight,0.002236908431732382,0.0027397260273972516,39394.5399999997,2.236908431732382,2.7397260273972517,5678.219448005736,6954.58311582588
2022-03-16,2022,BTC Bear | Normal MVRV | Realized Growth Leading,sma_340d_weight,False,sma_340d_weight,0.0022520344010766007,0.0027397260273972516,41126.729999999705,2.252034401076601,2.7397260273972517,5475.841140486047,6661.667551486032
2022-03-17,2022,BTC Bear | Normal MVRV | Realized Growth Leading,sma_340d_weight,False,sma_340d_weight,0.00214570496198708,0.0027397260273972516,40981.32999999996,2.14570496198708,2.7397260273972517,5235.810946074914,6685.302862052683
2022-03-18,2022,BTC Bear | Normal MVRV | Realized Growth Leading,sma_340d_weight,False,sma_340d_weight,0.002151429308685846,0.0027397260273972516,41795.529999999904,2.151429308685846,2.7397260273972517,5147.510532073288,6555.069471298146
2022-03-19,2022,BTC Bear | Normal MVRV | Realized Growth Leading,sma_340d_weight,False,sma_340d_weight,0.0020998117026692696,0.0027397260273972516,42231.09999999975,2.0998117026692698,2.7397260273972517,4972.192774209722,6487.460727751036
2022-03-20,2022,BTC Bear | Normal MVRV | Realized Growth Leading,sma_340d_weight,False,sma_340d_weight,0.0020702914943701656,0.0027397260273972516,41296.10999999975,2.070291494370166,2.7397260273972517,5013.284530601498,6634.344075985046
2022-03-21,2022,BTC Bear | Normal MVRV | Realized Growth Leading,sma_340d_weight,False,sma_340d_weight,0.0021229897481528743,0.0027397260273972516,41082.51999999972,2.1229897481528743,2.7397260273972517,5167.62298941956,6668.836350343821
2022-03-22,2022,BTC Bear | Normal MVRV | Realized Growth Leading,sma_340d_weight,False,sma_340d_weight,0.0021323221359459844,0.0027397260273972516,42368.53999999987,2.1323221359459845,2.7397260273972517,5032.795880967319,6466.4159477698795
2022-03-23,2022,BTC Bear | Normal MVRV | Realized Growth Leading,sma_340d_weight,False,sma_340d_weight,0.002051811842161652,0.0027397260273972516,42940.559999999656,2.051811842161652,2.7397260273972517,4778.260558692454,6380.275495702137
2022-03-24,2022,BTC Recovery | Normal MVRV | Realized Growth Leading,sma_340d_weight,False,sma_340d_weight,0.002014493425202254,0.0027397260273972516,43967.93999999972,2.014493425202254,2.7397260273972517,4581.73256514239,6231.19033413271
2022-03-25,2022,BTC Recovery | Normal MVRV | Realized Growth Leading,sma_340d_weight,False,sma_340d_weight,0.0019504051656115402,0.0027397260273972516,44399.3799999996,1.9504051656115402,2.7397260273972517,4392.865768872353,6170.640282358169
2022-03-26,2022,BTC Recovery | Normal MVRV | Realized Growth Leading,sma_340d_weight,False,sma_340d_weight,0.0019224090173403422,0.0027397260273972516,44549.6699999996,1.922409017340342,2.7397260273972517,4315.203720567088,6149.823393522952
2022-03-27,2022,BTC Neutral | Normal MVRV | Realized Growth Leading,sma_340d_weight,False,sma_340d_weight,0.0019112648860512987,0.0027397260273972516,46879.059999999576,1.9112648860512986,2.7397260273972517,4077.011966646336,5844.242669109143
2022-03-28,2022,BTC Neutral | Normal MVRV | Realized Growth Leading,sma_340d_weight,False,sma_340d_weight,0.0017691676757269213,0.0027397260273972516,47014.41999999969,1.7691676757269212,2.7397260273972517,3763.0320138522025,5827.416412660774
2022-03-29,2022,BTC Neutral | Normal MVRV | Realized Growth Leading,sma_340d_weight,False,sma_340d_weight,0.0017600715181622694,0.0027397260273972516,47509.25999999972,1.7600715181622695,2.7397260273972517,3704.691502587664,5766.720061304402
2022-03-30,2022,BTC Neutral | Normal MVRV | Realized Growth Leading,sma_340d_weight,False,sma_340d_weight,0.001729457362371459,0.0027397260273972516,47132.279999999555,1.729457362371459,2.7397260273972517,3669.369193197264,5812.844248988756
2022-03-31,2022,BTC Recovery | Normal MVRV | Realized Growth Leading,sma_340d_weight,False,sma_340d_weight,0.0017517241743278955,0.0027397260273972516,45431.219999999536,1.7517241743278955,2.7397260273972517,3855.7718113841393,6030.491867480732
2022-04-01,2022,BTC Neutral | Normal MVRV | Realized Growth Leading,sma_340d_weight,False,sma_340d_weight,0.0018540382796214437,0.0027397260273972516,46291.73999999994,1.8540382796214439,2.7397260273972517,4005.116851562387,5918.39068351558
2022-04-02,2022,BTC Neutral | Normal MVRV | Realized Growth Leading,sma_340d_weight,False,sma_340d_weight,0.0018005610250519132,0.0027397260273972516,45883.65999999976,1.8005610250519133,2.7397260273972517,3924.187880940454,5971.027654283172
2022-04-03,2022,BTC Neutral | Normal MVRV | Realized Growth Leading,sma_340d_weight,False,sma_340d_weight,0.0018236357509124935,0.0027397260273972516,46447.889999999905,1.8236357509124936,2.7397260273972517,3926.1971876709517,5898.494048701152
2022-04-04,2022,BTC Neutral | Normal MVRV | Realized Growth Leading,sma_340d_weight,False,sma_340d_weight,0.0017879312939177337,0.0027397260273972516,46641.94999999959,1.7879312939177336,2.7397260273972517,3833.311630233619,5873.952584309352
2022-04-05,2022,BTC Neutral | Normal MVRV | Realized Growth Leading,sma_340d_weight,False,sma_340d_weight,0.0017748986202209616,0.0027397260273972516,45553.39999999967,1.7748986202209616,2.7397260273972517,3896.303284103875,6014.317322960024
2022-04-06,2022,BTC Recovery | Normal MVRV | Realized Growth Leading,sma_340d_weight,False,sma_340d_weight,0.0018387233776785469,0.0027397260273972516,43310.18999999984,1.8387233776785468,2.7397260273972517,4245.475204977289,6325.823154775497
2022-04-07,2022,BTC Recovery | Normal MVRV | Realized Growth Leading,sma_340d_weight,False,sma_340d_weight,0.001972421171230708,0.0027397260273972516,43428.639999999956,1.9724211712307078,2.7397260273972517,4541.752104672653,6308.569707449403
2022-04-08,2022,BTC Bear | Normal MVRV | Realized Growth Leading,sma_340d_weight,False,sma_340d_weight,0.00196296924768811,0.0027397260273972516,42293.3399999995,1.9629692476881102,2.7397260273972517,4641.31999905454,6477.913608613752
2022-04-09,2022,BTC Bear | Normal MVRV | Realized Growth Leading,sma_340d_weight,False,sma_340d_weight,0.002029513202558985,0.0027397260273972516,42673.32999999988,2.029513202558985,2.7397260273972517,4755.928826175485,6420.230217321357
2022-04-10,2022,BTC Bear | Normal MVRV | Realized Growth Leading,sma_340d_weight,False,sma_340d_weight,0.0020046018174333497,0.0027397260273972516,42331.17999999992,2.0046018174333495,2.7397260273972517,4735.520761371059,6472.12297743001
2022-04-11,2022,BTC Bear | Normal MVRV | Realized Growth Leading,sma_340d_weight,False,sma_340d_weight,0.0020229250692073825,0.0027397260273972516,39556.85999999953,2.0229250692073824,2.7397260273972517,5113.967764901983,6926.045260916272
2022-04-12,2022,BTC Bear | Normal MVRV | Realized Growth Leading,sma_340d_weight,False,sma_340d_weight,0.002189439613669082,0.0027397260273972516,40086.229999999596,2.1894396136690824,2.7397260273972517,5461.824705563742,6834.5814195979
2022-04-13,2022,BTC Bear | Normal MVRV | Realized Growth Leading,sma_340d_weight,False,sma_340d_weight,0.002154375966168186,0.0027397260273972516,41145.07999999961,2.154375966168186,2.7397260273972517,5236.047581310344,6658.696562012464
2022-04-14,2022,BTC Bear | Normal MVRV | Realized Growth Leading,sma_340d_weight,False,sma_340d_weight,0.0020867847762080427,0.0027397260273972516,39898.53999999962,2.0867847762080425,2.7397260273972517,5230.2284148945355,6866.732535569666
2022-04-15,2022,BTC Bear | Normal MVRV | Realized Growth Leading,sma_340d_weight,False,sma_340d_weight,0.0021601238568238618,0.0027397260273972516,40569.879999999626,2.1601238568238617,2.7397260273972517,5324.452171965709,6753.103601482865
2022-04-16,2022,BTC Bear | Normal MVRV | Realized Growth Leading,sma_340d_weight,False,sma_340d_weight,0.002116517327077953,0.0027397260273972516,40404.449999999975,2.1165173270779527,2.7397260273972517,5238.327280975125,6780.753177922861
2022-04-17,2022,BTC Bear | Normal MVRV | Realized Growth Leading,sma_340d_weight,False,sma_340d_weight,0.002124034398056962,0.0027397260273972516,39717.75999999966,2.124034398056962,2.7397260273972517,5347.820214576503,6897.987266646646
2022-04-18,2022,BTC Bear | Normal MVRV | Realized Growth Leading,sma_340d_weight,False,sma_340d_weight,0.0021645433297412774,0.0027397260273972516,40785.829999999594,2.1645433297412775,2.7397260273972517,5307.096434573721,6717.347734243189
2022-04-19,2022,BTC Bear | Normal MVRV | Realized Growth Leading,sma_340d_weight,False,sma_340d_weight,0.002097490880257536,0.0027397260273972516,41503.84999999986,2.0974908802575363,2.7397260273972517,5053.726052541013,6601.137068964111
2022-04-20,2022,BTC Bear | Normal MVRV | Realized Growth Leading,sma_340d_weight,False,sma_340d_weight,0.00205193627531106,0.0027397260273972516,41428.10999999951,2.0519362753110597,2.7397260273972517,4953.004796287071,6613.205447695499
2022-04-21,2022,BTC Bear | Normal MVRV | Realized Growth Leading,sma_340d_weight,False,sma_340d_weight,0.0020556909614968303,0.0027397260273972516,40490.25999999989,2.0556909614968304,2.7397260273972517,5077.001139278523,6766.382896521927
2022-04-22,2022,BTC Bear | Normal MVRV | Realized Growth Leading,sma_340d_weight,False,sma_340d_weight,0.0021124071210143103,0.0027397260273972516,39724.11999999954,2.1124071210143103,2.7397260273972517,5317.693937623628,6896.882869645152
2022-04-23,2022,BTC Bear | Normal MVRV | Realized Growth Leading,sma_340d_weight,False,sma_340d_weight,0.0021588997303213626,0.0027397260273972516,39792.49999999986,2.1588997303213624,2.7397260273972517,5425.393554869309,6885.03116767547
2022-04-24,2022,BTC Neutral | Normal MVRV | Realized Growth Leading,sma_340d_weight,False,sma_340d_weight,0.0021542344729153203,0.0027397260273972516,39455.30999999978,2.1542344729153204,2.7397260273972517,5459.935488823513,6943.871502713492
2022-04-25,2022,BTC Bear | Normal MVRV | Realized Growth Leading,sma_340d_weight,False,sma_340d_weight,0.002175177019418918,0.0027397260273972516,40460.06999999989,2.1751770194189177,2.7397260273972517,5376.107899514073,6771.431753324349
2022-04-26,2022,BTC Neutral | Normal MVRV | Realized Growth Leading,sma_340d_weight,False,sma_340d_weight,0.0021133190694960324,0.0027397260273972516,38124.66999999952,2.113319069496032,2.7397260273972517,5543.179965875269,7186.228831350635
2022-04-27,2022,BTC Neutral | Normal MVRV | Realized Growth Leading,sma_340d_weight,False,sma_340d_weight,0.0022572565996406054,0.0027397260273972516,39245.029999999766,2.2572565996406055,2.7397260273972517,5751.70053288434,6981.077673777464
2022-04-28,2022,BTC Neutral | Normal MVRV | Realized Growth Leading,sma_340d_weight,False,sma_340d_weight,0.002188576512815165,0.0027397260273972516,39759.25999999968,2.1885765128151653,2.7397260273972517,5504.570539831936,6890.787271687837
2022-04-29,2022,BTC Bear | Normal MVRV | Realized Growth Leading,sma_340d_weight,False,sma_340d_weight,0.0021577416513097795,0.0027397260273972516,38645.16999999956,2.1577416513097796,2.7397260273972517,5583.47046037009,7089.43970849988
2022-04-30,2022,BTC Bear | Normal MVRV | Realized Growth Leading,sma_340d_weight,False,sma_340d_weight,0.0022262825111840343,0.0027397260273972516,37661.77999999989,2.2262825111840345,2.7397260273972517,5911.25143629441,7274.5526828452075
2022-05-01,2022,BTC Bear | Normal MVRV | Realized Growth Leading,sma_340d_weight,False,sma_340d_weight,0.0022867055836524575,0.0027397260273972516,38400.37999999957,2.2867055836524575,2.7397260273972517,5954.903528695506,7134.6325932120535
2022-05-02,2022,BTC Bear | Normal MVRV | Realized Growth Leading,sma_340d_weight,False,sma_340d_weight,0.0022411276375845727,0.0027397260273972516,38511.82999999962,2.241127637584573,2.7397260273972517,5819.322627838237,7113.985565986551
2022-05-03,2022,BTC Neutral | Normal MVRV | Realized Growth Leading,sma_340d_weight,False,sma_340d_weight,0.002234246733987521,0.0027397260273972516,37723.35999999971,2.234246733987521,2.7397260273972517,5922.714026501188,7262.677628390666
2022-05-04,2022,BTC Neutral | Normal MVRV | Realized Growth Leading,sma_340d_weight,False,sma_340d_weight,0.0022830844969365357,0.0027397260273972516,39661.24999999972,2.2830844969365356,2.7397260273972517,5756.461273753478,6907.815632127758
2022-05-05,2022,BTC Neutral | Normal MVRV | Realized Growth Leading,sma_340d_weight,False,sma_340d_weight,0.0021646671043430788,0.0027397260273972516,36562.6199999998,2.1646671043430787,2.7397260273972517,5920.437606339728,7493.243174032022
2022-05-06,2022,BTC Bear | Normal MVRV | Realized Growth Leading,sma_340d_weight,False,sma_340d_weight,0.002355384031697994,0.0027397260273972516,35999.100000000006,2.355384031697994,2.7397260273972517,6542.896993808161,7610.5403396119655
2022-05-07,2022,BTC Bear | Normal MVRV | Realized Growth Leading,sma_340d_weight,False,sma_340d_weight,0.0023898491790383964,0.0027397260273972516,35481.63999999977,2.3898491790383964,2.7397260273972517,6735.452980861121,7721.531550957818
2022-05-08,2022,BTC Bear | Normal MVRV | Realized Growth Leading,sma_340d_weight,False,sma_340d_weight,0.002421504044328961,0.0027397260273972516,34091.90999999975,2.421504044328961,2.7397260273972517,7102.869989768772,8036.293734781278
2022-05-09,2022,BTC Bear | Normal MVRV | Realized Growth Leading,sma_340d_weight,False,sma_340d_weight,0.0025064951200195365,0.0027397260273972516,30245.539999999855,2.5064951200195367,2.7397260273972517,8287.156122917788,9058.281080110539
2022-05-10,2022,BTC Bear | Normal MVRV | Realized Growth Leading,sma_340d_weight,False,sma_340d_weight,0.0027420498940263533,0.0027397260273972516,31006.559999999594,2.742049894026353,2.7397260273972517,8843.450850485797,8835.956092508448
2022-05-11,2022,BTC Bear | Normal MVRV | Realized Growth Leading,sma_340d_weight,False,sma_340d_weight,0.002694468264321339,0.0027397260273972516,28972.33999999996,2.6944682643213387,2.7397260273972517,9300.140286636642,9456.350530876192
2022-05-12,2022,BTC Bear | Normal MVRV | Realized Growth Leading,sma_340d_weight,False,sma_340d_weight,0.002818978720147324,0.0027397260273972516,29008.65999999986,2.818978720147324,2.7397260273972517,9717.71436580434,9444.51080262675
2022-05-13,2022,BTC Bear | Normal MVRV | Realized Growth Leading,sma_340d_weight,False,sma_340d_weight,0.0028159438807015334,0.0027397260273972516,29212.369999999948,2.8159438807015333,2.7397260273972517,9639.559819013448,9378.650302585023
2022-05-14,2022,BTC Bear | Normal MVRV | Realized Growth Leading,sma_340d_weight,False,sma_340d_weight,0.0028028763849016593,0.0027397260273972516,30039.219999999903,2.8028763849016594,2.7397260273972517,9330.722917910878,9120.49656215195
2022-05-15,2022,BTC Bear | Normal MVRV | Realized Growth Leading,sma_340d_weight,False,sma_340d_weight,0.0027514795889907405,0.0027397260273972516,31322.46999999983,2.7514795889907404,2.7397260273972517,8784.36339468361,8746.839018114684
2022-05-16,2022,BTC Bear | Normal MVRV | Realized Growth Leading,sma_340d_weight,False,sma_340d_weight,0.002671563296854287,0.0027397260273972516,29846.519999999517,2.671563296854287,2.7397260273972517,8951.004327654715,9179.381808657412
2022-05-17,2022,BTC Bear | Normal MVRV | Realized Growth Leading,sma_340d_weight,False,sma_340d_weight,0.0027617830589077,0.0027397260273972516,30412.119999999697,2.7617830589077004,2.7397260273972517,9081.192165846143,9008.66505655403
2022-05-18,2022,BTC Bear | Normal MVRV | Realized Growth Leading,sma_340d_weight,False,sma_340d_weight,0.0027260252253960677,0.0027397260273972516,28772.29999999959,2.7260252253960675,2.7397260273972517,9474.477971507687,9522.09599996278
2022-05-19,2022,BTC Bear | Normal MVRV | Realized Growth Leading,sma_340d_weight,False,sma_340d_weight,0.00282649764070443,0.0027397260273972516,30363.679999999917,2.8264976407044298,2.7397260273972517,9308.81118726201,9023.036823590748
2022-05-20,2022,BTC Bear | Normal MVRV | Realized Growth Leading,sma_340d_weight,False,sma_340d_weight,0.002727116497984014,0.0027397260273972516,29183.9999999996,2.727116497984014,2.7397260273972517,9344.560368640528,9387.767363614616
2022-05-21,2022,BTC Bear | Normal MVRV | Realized Growth Leading,sma_340d_weight,False,sma_340d_weight,0.0027987023610362744,0.0027397260273972516,29402.36999999979,2.7987023610362742,2.7397260273972517,9518.628467828594,9318.044863040874
2022-05-22,2022,BTC Bear | Normal MVRV | Realized Growth Leading,sma_340d_weight,False,sma_340d_weight,0.0027838967346244655,0.0027397260273972516,30256.709999999683,2.7838967346244656,2.7397260273972517,9200.92347986445,9054.936995454167
2022-05-23,2022,BTC Bear | Normal MVRV | Realized Growth Leading,sma_340d_weight,False,sma_340d_weight,0.002730011845038655,0.0027397260273972516,29064.92999999966,2.730011845038655,2.7397260273972517,9392.803784625274,9426.226133685112
2022-05-24,2022,BTC Bear | Normal MVRV | Realized Growth Leading,sma_340d_weight,False,sma_340d_weight,0.0028027539034285614,0.0027397260273972516,29646.0099999996,2.8027539034285613,2.7397260273972517,9454.067860830512,9241.466313332852
2022-05-25,2022,BTC Bear | Normal MVRV | Realized Growth Leading,sma_340d_weight,False,sma_340d_weight,0.0027660347204196928,0.0027397260273972516,29501.509999999656,2.7660347204196927,2.7397260273972517,9375.908963370774,9286.731517801238
2022-05-26,2022,BTC Bear | Normal MVRV | Realized Growth Leading,sma_340d_weight,False,sma_340d_weight,0.002774261279918523,0.0027397260273972516,29224.629999999903,2.774261279918523,2.7397260273972517,9492.887608563504,9374.715872869087
2022-05-27,2022,BTC Bear | Normal MVRV | Realized Growth Leading,sma_340d_weight,False,sma_340d_weight,0.0027906627524336854,0.0027397260273972516,28576.949999999953,2.7906627524336853,2.7397260273972517,9765.432463694306,9587.188371737559
2022-05-28,2022,BTC Bear | Normal MVRV | Realized Growth Leading,sma_340d_weight,False,sma_340d_weight,0.002830463310874442,0.0027397260273972516,29073.809999999517,2.830463310874442,2.7397260273972517,9735.4399401884,9423.347085907548
2022-05-29,2022,BTC Bear | Normal MVRV | Realized Growth Leading,sma_340d_weight,False,sma_340d_weight,0.002799246078342549,0.0027397260273972516,29425.259999999857,2.799246078342549,2.7397260273972517,9513.071688551137,9310.796327363854
2022-05-30,2022,BTC Bear | Normal MVRV | Realized Growth Leading,sma_340d_weight,False,sma_340d_weight,0.0027769122861610413,0.0027397260273972516,31725.289999999477,2.7769122861610414,2.7397260273972517,8752.992600417796,8635.779302245297
2022-05-31,2022,BTC Recovery | Normal MVRV | Realized Growth Leading,sma_340d_weight,False,sma_340d_weight,0.002633725091301713,0.0027397260273972516,31778.38999999996,2.633725091301713,2.7397260273972517,8287.786421218056,8621.349374204468
2022-06-01,2022,BTC Bear | Normal MVRV | Realized Growth Leading,sma_340d_weight,False,sma_340d_weight,0.0026304564953083458,0.0027397260273972516,29778.549999999777,2.6304564953083456,2.7397260273972517,8833.393483928416,9200.333889317217
2022-06-02,2022,BTC Bear | Normal MVRV | Realized Growth Leading,sma_340d_weight,False,sma_340d_weight,0.0027543482896948,0.0027397260273972516,30433.749999999894,2.7543482896948,2.7397260273972517,9050.308587324302,9002.262381064646
2022-06-03,2022,BTC Bear | Normal MVRV | Realized Growth Leading,sma_340d_weight,False,sma_340d_weight,0.0027131772584805926,0.0027397260273972516,29670.849999999755,2.7131772584805924,2.7397260273972517,9144.251878461908,9233.729493416178
2022-06-04,2022,BTC Bear | Normal MVRV | Realized Growth Leading,sma_340d_weight,False,sma_340d_weight,0.0027599923352529363,0.0027397260273972516,29770.409999999567,2.759992335252936,2.7397260273972517,9270.924838633315,9202.849498536605
2022-06-05,2022,BTC Bear | Normal MVRV | Realized Growth Leading,sma_340d_weight,False,sma_340d_weight,0.002753058169320033,0.0027397260273972516,29882.539999999884,2.753058169320033,2.7397260273972517,9212.932265195808,9168.317108911298
2022-06-06,2022,BTC Bear | Normal MVRV | Realized Growth Leading,sma_340d_weight,False,sma_340d_weight,0.0027454706165288387,0.0027397260273972516,31331.899999999514,2.7454706165288387,2.7397260273972517,8762.541105164006,8744.206471351225
2022-06-07,2022,BTC Bear | Normal MVRV | Realized Growth Leading,sma_340d_weight,False,sma_340d_weight,0.0026550447684596766,0.0027397260273972516,31106.89999999979,2.6550447684596765,2.7397260273972517,8535.227774094154,8807.454382780894
2022-06-08,2022,BTC Bear | Normal MVRV | Realized Growth Leading,sma_340d_weight,False,sma_340d_weight,0.002668696188700457,0.0027397260273972516,30214.66999999989,2.668696188700457,2.7397260273972517,8832.451880826324,9067.535827454882
2022-06-09,2022,BTC Bear | Normal MVRV | Realized Growth Leading,sma_340d_weight,False,sma_340d_weight,0.0027236496789113758,0.0027397260273972516,30080.849999999595,2.7236496789113755,2.7397260273972517,9054.430572644764,9107.874369897421
2022-06-10,2022,BTC Bear | Normal MVRV | Realized Growth Leading,sma_340d_weight,False,sma_340d_weight,0.0027313170271472623,0.0027397260273972516,29063.8199999999,2.7313170271472624,2.7397260273972517,9397.653258061988,9426.586138357798
2022-06-11,2022,BTC Bear | Normal MVRV | Realized Growth Leading,sma_340d_weight,False,sma_340d_weight,0.0027940774989185864,0.0027397260273972516,28334.85999999975,2.7940774989185866,2.7397260273972517,9860.918666683412,9669.100279292985
2022-06-12,2022,BTC Bear | Normal MVRV | Realized Growth Leading,sma_340d_weight,False,sma_340d_weight,0.0028387921979092542,0.0027397260273972516,26945.999999999494,2.838792197909254,2.7397260273972517,10535.115408258396,10167.468371547922
2022-06-13,2022,BTC Bear | Low MVRV | Realized Growth Leading,sma_340d_weight,False,sma_340d_weight,0.0029245491127885786,0.0027397260273972516,22437.659999999483,2.9245491127885788,2.7397260273972517,13034.10922880838,12210.391045221804
2022-06-14,2022,BTC Bear | Low MVRV | Realized Growth Leading,sma_340d_weight,False,sma_340d_weight,0.0032045761582142913,0.0027397260273972516,22231.64999999983,3.2045761582142913,2.7397260273972517,14414.477369940223,12323.538861925555
2022-06-15,2022,BTC Bear | Low MVRV | Realized Growth Leading,sma_340d_weight,False,sma_340d_weight,0.0032163510755679847,0.0027397260273972516,22491.469999999787,3.2163510755679847,2.7397260273972517,14300.31507752946,12181.178141745639
2022-06-16,2022,BTC Bear | Low MVRV | Realized Growth Leading,sma_340d_weight,False,sma_340d_weight,0.003199104362254542,0.0027397260273972516,20355.15999999971,3.1991043622545416,2.7397260273972517,15716.429456975959,13459.614306138054
2022-06-17,2022,BTC Bear | Low MVRV | Realized Growth Leading,sma_340d_weight,False,sma_340d_weight,0.0033313678385924602,0.0027397260273972516,20488.63999999963,3.33136783859246,2.7397260273972517,16259.585011950625,13371.927211358594
2022-06-18,2022,BTC Bear | Low MVRV | Realized Growth Leading,sma_340d_weight,False,sma_340d_weight,0.0033219419821275465,0.0027397260273972516,18948.889999999872,3.3219419821275467,2.7397260273972517,17531.06373052759,14458.504046396754
2022-06-19,2022,BTC Bear | Low MVRV | Realized Growth Leading,sma_340d_weight,False,sma_340d_weight,0.0034172044627259735,0.0027397260273972516,20525.779999999537,3.4172044627259734,2.7397260273972517,16648.35374210408,13347.731620417413
2022-06-20,2022,BTC Bear | Low MVRV | Realized Growth Leading,sma_340d_weight,False,sma_340d_weight,0.0033173863616062305,0.0027397260273972516,20641.969999999623,3.3173863616062307,2.7397260273972517,16071.074425581915,13272.599598765531
2022-06-21,2022,BTC Bear | Low MVRV | Realized Growth Leading,sma_340d_weight,False,sma_340d_weight,0.0033091369546778718,0.0027397260273972516,20616.619999999715,3.309136954677872,2.7397260273972517,16050.821883887456,13288.919461081834
2022-06-22,2022,BTC Bear | Low MVRV | Realized Growth Leading,sma_340d_weight,False,sma_340d_weight,0.0033097970179928925,0.0027397260273972516,19968.459999999533,3.3097970179928926,2.7397260273972517,16575.12406060843,13720.26699804249
2022-06-23,2022,BTC Bear | Low MVRV | Realized Growth Leading,sma_340d_weight,False,sma_340d_weight,0.003349513271943969,0.0027397260273972516,21070.079999999896,3.3495132719439686,2.7397260273972517,15897.012597692961,13002.92180854209
2022-06-24,2022,BTC Bear | Low MVRV | Realized Growth Leading,sma_340d_weight,False,sma_340d_weight,0.0032793556748211762,0.0027397260273972516,21214.48999999971,3.279355674821176,2.7397260273972517,15458.093382500454,12914.40910150227
2022-06-25,2022,BTC Bear | Low MVRV | Realized Growth Leading,sma_340d_weight,False,sma_340d_weight,0.003269416719065045,0.0027397260273972516,21500.719999999725,3.2694167190650454,2.7397260273972517,15206.080164129795,12742.485030256135
2022-06-26,2022,BTC Bear | Low MVRV | Realized Growth Leading,sma_340d_weight,False,sma_340d_weight,0.003250650596336889,0.0027397260273972516,21011.829999999558,3.250650596336889,2.7397260273972517,15470.573464267307,13038.9691302343
2022-06-27,2022,BTC Bear | Low MVRV | Realized Growth Leading,sma_340d_weight,False,sma_340d_weight,0.0032804387166528444,0.0027397260273972516,20725.169999999853,3.2804387166528444,2.7397260273972517,15828.28375667301,13219.317512943302
2022-06-28,2022,BTC Bear | Low MVRV | Realized Growth Leading,sma_340d_weight,False,sma_340d_weight,0.003297481033048704,0.0027397260273972516,20325.129999999564,3.297481033048704,2.7397260273972517,16223.665152689182,13479.500634915055
2022-06-29,2022,BTC Bear | Low MVRV | Realized Growth Leading,sma_340d_weight,False,sma_340d_weight,0.0033215568702901145,0.0027397260273972516,20049.33999999954,3.3215568702901144,2.7397260273972517,16566.913775167613,13664.918782350513
2022-06-30,2022,BTC Bear | Low MVRV | Realized Growth Leading,sma_340d_weight,False,sma_340d_weight,0.0033377462560887044,0.0027397260273972516,19369.739999999834,3.3377462560887046,2.7397260273972517,17231.755594492923,14144.361397712488
2022-07-01,2022,BTC Bear | Low MVRV | Realized Growth Leading,sma_340d_weight,False,sma_340d_weight,0.003379361133253425,0.0027397260273972516,19392.55999999955,3.3793611332534246,2.7397260273972517,17426.070272586512,14127.7171626506
2022-07-02,2022,BTC Bear | Low MVRV | Realized Growth Leading,sma_340d_weight,False,sma_340d_weight,0.003376437254385341,0.0027397260273972516,19214.229999999545,3.376437254385341,2.7397260273972517,17572.586850399006,14258.838513941577
2022-07-03,2022,BTC Bear | Low MVRV | Realized Growth Leading,sma_340d_weight,False,sma_340d_weight,0.0033860847471880863,0.0027397260273972516,19285.5699999999,3.3860847471880864,2.7397260273972517,17557.60782381907,14206.09309134895
2022-07-04,2022,BTC Bear | Low MVRV | Realized Growth Leading,sma_340d_weight,False,sma_340d_weight,0.0033798521310641903,0.0027397260273972516,20250.32999999973,3.3798521310641902,2.7397260273972517,16690.35581674094,13529.290769075313
2022-07-05,2022,BTC Bear | Low MVRV | Realized Growth Leading,sma_340d_weight,False,sma_340d_weight,0.0033168973136772605,0.0027397260273972516,20165.839999999756,3.3168973136772606,2.7397260273972517,16448.09893204201,13585.975230376145
2022-07-06,2022,BTC Bear | Low MVRV | Realized Growth Leading,sma_340d_weight,False,sma_340d_weight,0.0033203534067083674,0.0027397260273972516,20549.09999999984,3.3203534067083673,2.7397260273972517,16158.145158222957,13332.58404211023
2022-07-07,2022,BTC Bear | Low MVRV | Realized Growth Leading,sma_340d_weight,False,sma_340d_weight,0.0032940755589543156,0.0027397260273972516,21661.459999999934,3.2940755589543156,2.7397260273972517,15207.080035022227,12647.928751788939
2022-07-08,2022,BTC Bear | Low MVRV | Realized Growth Leading,sma_340d_weight,False,sma_340d_weight,0.0032214526405996246,0.0027397260273972516,21863.709999999533,3.2214526405996247,2.7397260273972517,14734.245197176935,12530.929231120017
2022-07-09,2022,BTC Bear | Low MVRV | Realized Growth Leading,sma_340d_weight,False,sma_340d_weight,0.003206897971565439,0.0027397260273972516,21581.809999999856,3.206897971565439,2.7397260273972517,14859.26329425317,12694.607298448416
2022-07-10,2022,BTC Bear | Low MVRV | Realized Growth Leading,sma_340d_weight,False,sma_340d_weight,0.003223343185303665,0.0027397260273972516,20839.24999999972,3.2233431853036647,2.7397260273972517,15467.65447558673,13146.951197366932
2022-07-11,2022,BTC Bear | Low MVRV | Realized Growth Leading,sma_340d_weight,False,sma_340d_weight,0.003269127854869142,0.0027397260273972516,19975.569999999905,3.2691278548691423,2.7397260273972517,16365.629891257962,13715.383477904585
2022-07-12,2022,BTC Bear | Low MVRV | Realized Growth Leading,sma_340d_weight,False,sma_340d_weight,0.0033226231356862377,0.0027397260273972516,19372.26999999997,3.3226231356862375,2.7397260273972517,17151.43932892863,14142.51415759359
2022-07-13,2022,BTC Bear | Low MVRV | Realized Growth Leading,sma_340d_weight,False,sma_340d_weight,0.0033593276423615134,0.0027397260273972516,20149.039999999528,3.3593276423615133,2.7397260273972517,16672.39552039001,13597.303034771463
2022-07-14,2022,BTC Bear | Low MVRV | Realized Growth Leading,sma_340d_weight,False,sma_340d_weight,0.0033072385135343926,0.0027397260273972516,20575.07999999976,3.3072385135343927,2.7397260273972517,16074.000750103674,13315.749087718168
2022-07-15,2022,BTC Bear | Low MVRV | Realized Growth Leading,sma_340d_weight,False,sma_340d_weight,0.003277706312395231,0.0027397260273972516,20821.939999999715,3.277706312395231,2.7397260273972517,15741.599065194096,13157.880713311482
2022-07-16,2022,BTC Bear | Low MVRV | Realized Growth Leading,sma_340d_weight,False,sma_340d_weight,0.0032594555500661602,0.0027397260273972516,21196.609999999993,3.25945555006616,2.7397260273972517,15377.249239695222,12925.302807369917
2022-07-17,2022,BTC Bear | Low MVRV | Realized Growth Leading,sma_340d_weight,False,sma_340d_weight,0.003232975417048795,0.0027397260273972516,20764.509999999722,3.232975417048795,2.7397260273972517,15569.716872918449,13194.272474511983
2022-07-18,2022,BTC Bear | Normal MVRV | Realized Growth Leading,sma_340d_weight,False,sma_340d_weight,0.003258615386802153,0.0027397260273972516,22186.109999999553,3.2586153868021532,2.7397260273972517,14687.637385743687,12348.834596949653
2022-07-19,2022,BTC Bear | Normal MVRV | Realized Growth Leading,sma_340d_weight,False,sma_340d_weight,0.0031642934940777426,0.0027397260273972516,23377.40999999979,3.1642934940777425,2.7397260273972517,13535.688915400684,11719.54475451847
2022-07-20,2022,BTC Bear | Normal MVRV | Realized Growth Leading,sma_340d_weight,False,sma_340d_weight,0.003084418880771735,0.0027397260273972516,23219.33999999951,3.084418880771735,2.7397260273972517,13283.83528890916,11799.327747460995
2022-07-21,2022,BTC Bear | Normal MVRV | Realized Growth Leading,sma_340d_weight,False,sma_340d_weight,0.0030921896657184725,0.0027397260273972516,23148.809999999587,3.0921896657184726,2.7397260273972517,13357.877427472635,11835.278044086503
2022-07-22,2022,BTC Bear | Normal MVRV | Realized Growth Leading,sma_340d_weight,False,sma_340d_weight,0.0030942760288664778,0.0027397260273972516,22704.049999999697,3.094276028866478,2.7397260273972517,13628.740373926763,12067.12470857529
2022-07-23,2022,BTC Bear | Normal MVRV | Realized Growth Leading,sma_340d_weight,False,sma_340d_weight,0.003120883447275308,0.0027397260273972516,22450.689999999933,3.120883447275308,2.7397260273972517,13901.058039977022,12203.304341190671
2022-07-24,2022,BTC Bear | Normal MVRV | Realized Growth Leading,sma_340d_weight,False,sma_340d_weight,0.0031351639487607044,0.0027397260273972516,22621.749999999756,3.1351639487607046,2.7397260273972517,13859.069032063118,12111.026014332583
2022-07-25,2022,BTC Bear | Low MVRV | Realized Growth Leading,sma_340d_weight,False,sma_340d_weight,0.0031216665951921355,0.0027397260273972516,21615.909999999545,3.1216665951921354,2.7397260273972517,14441.522911560054,12674.581025722762
2022-07-26,2022,BTC Bear | Low MVRV | Realized Growth Leading,sma_340d_weight,False,sma_340d_weight,0.003185102320227434,0.0027397260273972516,21266.949999999724,3.185102320227434,2.7397260273972517,14976.77062403154,12882.552634003874
2022-07-27,2022,BTC Bear | Normal MVRV | Realized Growth Leading,sma_340d_weight,False,sma_340d_weight,0.0032052646368377173,0.0027397260273972516,22943.019999999753,3.2052646368377173,2.7397260273972517,13970.543707139479,11941.435902497931
2022-07-28,2022,BTC Bear | Normal MVRV | Realized Growth Leading,sma_340d_weight,False,sma_340d_weight,0.0030922675729191398,0.0027397260273972516,23841.529999999973,3.09226757291914,2.7397260273972517,12970.088634912036,11491.401883172995
2022-07-29,2022,BTC Bear | Normal MVRV | Realized Growth Leading,sma_340d_weight,False,sma_340d_weight,0.0030302494047932827,0.0027397260273972516,23755.049999999566,3.030249404793283,2.7397260273972517,12756.232484433154,11533.236206184798
2022-07-30,2022,BTC Bear | Normal MVRV | Realized Growth Leading,sma_340d_weight,False,sma_340d_weight,0.003033103106630868,0.0027397260273972516,23645.789999999655,3.033103106630868,2.7397260273972517,12827.243693828425,11586.527781043862
2022-07-31,2022,BTC Bear | Normal MVRV | Realized Growth Leading,sma_340d_weight,False,sma_340d_weight,0.0030376782292160015,0.0027397260273972516,23388.229999999505,3.0376782292160014,2.7397260273972517,12988.063779157575,11714.122990056578
2022-08-01,2022,BTC Bear | Normal MVRV | Realized Growth Leading,sma_340d_weight,False,sma_340d_weight,0.003051937149833909,0.0027397260273972516,23380.73999999966,3.051937149833909,2.7397260273972517,13053.21024840939,11717.875599306488
2022-08-02,2022,BTC Bear | Normal MVRV | Realized Growth Leading,sma_340d_weight,False,sma_340d_weight,0.0030498057922108816,0.0027397260273972516,23059.16999999963,3.0498057922108814,2.7397260273972517,13225.999861273975,11881.286392343243
2022-08-03,2022,BTC Bear | Normal MVRV | Realized Growth Leading,sma_340d_weight,False,sma_340d_weight,0.003068353846382123,0.0027397260273972516,22824.99999999981,3.068353846382123,2.7397260273972517,13442.952229494625,12003.180842923437
2022-08-04,2022,BTC Bear | Normal MVRV | Realized Growth Leading,sma_340d_weight,False,sma_340d_weight,0.003081132512624691,0.0027397260273972516,22653.999999999818,3.081132512624691,2.7397260273972517,13600.83213836283,12093.78488301083
2022-08-05,2022,BTC Bear | Normal MVRV | Realized Growth Leading,sma_340d_weight,False,sma_340d_weight,0.0030897168842250124,0.0027397260273972516,23202.679999999866,3.0897168842250124,2.7397260273972517,13316.206939133885,11807.799906723136
2022-08-06,2022,BTC Bear | Normal MVRV | Realized Growth Leading,sma_340d_weight,False,sma_340d_weight,0.0030504121498285746,0.0027397260273972516,22960.929999999935,3.0504121498285746,2.7397260273972517,13285.229081873353,11932.12133566567
2022-08-07,2022,BTC Bear | Normal MVRV | Realized Growth Leading,sma_340d_weight,False,sma_340d_weight,0.003063947836874987,0.0027397260273972516,23107.88999999988,3.063947836874987,2.7397260273972517,13259.314618837994,11856.236235317314
2022-08-08,2022,BTC Bear | Normal MVRV | Realized Growth Leading,sma_340d_weight,False,sma_340d_weight,0.003051242160824426,0.0027397260273972516,23809.9999999996,3.051242160824426,2.7397260273972517,12814.960776247279,11506.619182684995
2022-08-09,2022,BTC Bear | Normal MVRV | Realized Growth Leading,sma_340d_weight,False,sma_340d_weight,0.003001130765969882,0.0027397260273972516,23150.92999999968,3.001130765969882,2.7397260273972517,12963.327028201127,11834.194252227835
2022-08-10,2022,BTC Bear | Normal MVRV | Realized Growth Leading,sma_340d_weight,False,sma_340d_weight,0.003042490402783913,0.0027397260273972516,23906.50999999967,3.0424904027839133,2.7397260273972517,12726.618828026154,11460.1672406273
2022-08-11,2022,BTC Bear | Normal MVRV | Realized Growth Leading,sma_340d_weight,False,sma_340d_weight,0.002988506916137556,0.0027397260273972516,23917.749999999738,2.988506916137556,2.7397260273972517,12494.933328333931,11454.781605281776
2022-08-12,2022,BTC Bear | Normal MVRV | Realized Growth Leading,sma_340d_weight,False,sma_340d_weight,0.0029844974127751374,0.0027397260273972516,24427.219999999543,2.9844974127751374,2.7397260273972517,12217.91678617212,11215.873224203586
2022-08-13,2022,BTC Bear | Normal MVRV | Realized Growth Leading,sma_340d_weight,False,sma_340d_weight,0.0029466252011004323,0.0027397260273972516,24437.139999999818,2.9466252011004324,2.7397260273972517,12057.978966034709,11211.320258415151
2022-08-14,2022,BTC Bear | Normal MVRV | Realized Growth Leading,sma_340d_weight,False,sma_340d_weight,0.0029432723452847446,0.0027397260273972516,24338.769999999775,2.9432723452847447,2.7397260273972517,12092.937914630738,11256.633048413198
2022-08-15,2022,BTC Bear | Normal MVRV | Realized Growth Leading,sma_340d_weight,False,sma_340d_weight,0.002947325484399084,0.0027397260273972516,24173.629999999568,2.947325484399084,2.7397260273972517,12192.31652176002,11333.5317343622
2022-08-16,2022,BTC Bear | Normal MVRV | Realized Growth Leading,sma_340d_weight,False,sma_340d_weight,0.0029559153122671235,0.0027397260273972516,23879.889999999486,2.9559153122671233,2.7397260273972517,12378.261844033566,11472.942410527481
2022-08-17,2022,BTC Bear | Normal MVRV | Realized Growth Leading,sma_340d_weight,False,sma_340d_weight,0.0029735141778128903,0.0027397260273972516,23300.559999999798,2.9735141778128904,2.7397260273972517,12761.556708563727,11758.1982038083
2022-08-18,2022,BTC Bear | Normal MVRV | Realized Growth Leading,sma_340d_weight,False,sma_340d_weight,0.0030105457006166796,0.0027397260273972516,23224.99999999948,3.0105457006166794,2.7397260273972517,12962.521854108705,11796.452216995966
2022-08-19,2022,BTC Bear | Low MVRV | Realized Growth Leading,sma_340d_weight,False,sma_340d_weight,0.003013057948631767,0.0027397260273972516,20834.9399999999,3.013057948631767,2.7397260273972517,14461.562877703422,13149.670828892547
2022-08-20,2022,BTC Bear | Low MVRV | Realized Growth Leading,sma_340d_weight,False,sma_340d_weight,0.003174266395913406,0.0027397260273972516,21147.289999999757,3.174266395913406,2.7397260273972517,15010.275056110935,12955.44737598663
2022-08-21,2022,BTC Bear | Low MVRV | Realized Growth Leading,sma_340d_weight,False,sma_340d_weight,0.0031500775151916335,0.0027397260273972516,21556.419999999853,3.1500775151916334,2.7397260273972517,14613.175634876547,12709.559506621557
2022-08-22,2022,BTC Bear | Low MVRV | Realized Growth Leading,sma_340d_weight,False,sma_340d_weight,0.003119060811680869,0.0027397260273972516,21410.409999999512,3.119060811680869,2.7397260273972517,14567.963956229421,12796.233362169683
2022-08-23,2022,BTC Bear | Low MVRV | Realized Growth Leading,sma_340d_weight,False,sma_340d_weight,0.0031262615183003796,0.0027397260273972516,21535.229999999814,3.1262615183003795,2.7397260273972517,14516.963683696002,12722.065319930529
2022-08-24,2022,BTC Bear | Low MVRV | Realized Growth Leading,sma_340d_weight,False,sma_340d_weight,0.003114832077004733,0.0027397260273972516,21369.6899999995,3.114832077004733,2.7397260273972517,14575.93477960984,12820.616618197624
2022-08-25,2022,BTC Bear | Low MVRV | Realized Growth Leading,sma_340d_weight,False,sma_340d_weight,0.0031233593427275235,0.0027397260273972516,21604.30999999977,3.1233593427275235,2.7397260273972517,14457.11222773399,12681.3863872407
2022-08-26,2022,BTC Bear | Low MVRV | Realized Growth Leading,sma_340d_weight,False,sma_340d_weight,0.00310427240608886,0.0027397260273972516,20155.449999999484,3.10427240608886,2.7397260273972517,15401.652684950915,13592.97870996342
2022-08-27,2022,BTC Bear | Low MVRV | Realized Growth Leading,sma_340d_weight,False,sma_340d_weight,0.003202493877869716,0.0027397260273972516,20043.73999999969,3.202493877869716,2.7397260273972517,15977.526538808455,13668.736610020356
2022-08-28,2022,BTC Bear | Low MVRV | Realized Growth Leading,sma_340d_weight,False,sma_340d_weight,0.0032081249185619757,0.0027397260273972516,19541.74999999972,3.2081249185619756,2.7397260273972517,16416.77392537527,14019.860183439514
2022-08-29,2022,BTC Bear | Low MVRV | Realized Growth Leading,sma_340d_weight,False,sma_340d_weight,0.003240656898721126,0.0027397260273972516,20272.09999999973,3.240656898721126,2.7397260273972517,15985.797715683966,13514.761802661234
2022-08-30,2022,BTC Bear | Low MVRV | Realized Growth Leading,sma_340d_weight,False,sma_340d_weight,0.003187136711750758,0.0027397260273972516,19813.169999999627,3.187136711750758,2.7397260273972517,16085.950465023105,13827.802554549844
2022-08-31,2022,BTC Bear | Low MVRV | Realized Growth Leading,sma_340d_weight,False,sma_340d_weight,0.0032168346105275456,0.0027397260273972516,20027.189999999722,3.216834610527546,2.7397260273972517,16062.336306429363,13680.032133301225
2022-09-01,2022,BTC Bear | Low MVRV | Realized Growth Leading,sma_340d_weight,False,sma_340d_weight,0.003199471282448743,0.0027397260273972516,20110.699999999673,3.199471282448743,2.7397260273972517,15909.298445348968,13623.22558338246
2022-09-02,2022,BTC Bear | Low MVRV | Realized Growth Leading,sma_340d_weight,False,sma_340d_weight,0.003191175556757245,0.0027397260273972516,19961.50999999975,3.191175556757245,2.7397260273972517,15986.644080318998,13725.043984133894
2022-09-03,2022,BTC Bear | Low MVRV | Realized Growth Leading,sma_340d_weight,False,sma_340d_weight,0.003199308514904214,0.0027397260273972516,19835.469999999816,3.199308514904214,2.7397260273972517,16129.229682504341,13812.25666645296
2022-09-04,2022,BTC Bear | Low MVRV | Realized Growth Leading,sma_340d_weight,False,sma_340d_weight,0.0032059614165186635,0.0027397260273972516,20000.569999999712,3.2059614165186634,2.7397260273972517,16029.350246111533,13698.239737153946
2022-09-05,2022,BTC Bear | Low MVRV | Realized Growth Leading,sma_340d_weight,False,sma_340d_weight,0.0031920417268361404,0.0027397260273972516,19828.629999999936,3.1920417268361403,2.7397260273972517,16098.145594709018,13817.021283857031
2022-09-06,2022,BTC Bear | Low MVRV | Realized Growth Leading,sma_340d_weight,False,sma_340d_weight,0.003201659483307649,0.0027397260273972516,18842.17999999978,3.201659483307649,2.7397260273972517,16991.98013875086,14540.387722637633
2022-09-07,2022,BTC Bear | Low MVRV | Realized Growth Leading,sma_340d_weight,False,sma_340d_weight,0.0032684816628711557,0.0027397260273972516,19275.859999999655,3.2684816628711557,2.7397260273972517,16956.34676155157,14213.249252678224
2022-09-08,2022,BTC Bear | Low MVRV | Realized Growth Leading,sma_340d_weight,False,sma_340d_weight,0.0032347738223460006,0.0027397260273972516,19309.939999999555,3.2347738223460007,2.7397260273972517,16751.858485039702,14188.1643723249
2022-09-09,2022,BTC Bear | Low MVRV | Realized Growth Leading,sma_340d_weight,False,sma_340d_weight,0.0032293451174800997,0.0027397260273972516,21344.40999999994,3.2293451174801,2.7397260273972517,15129.69961446631,12835.801164788623
2022-09-10,2022,BTC Bear | Normal MVRV | Realized Growth Leading,sma_340d_weight,False,sma_340d_weight,0.00308127825503118,0.0027397260273972516,21683.6099999996,3.08127825503118,2.7397260273972517,14210.171899564864,12635.008780352084
2022-09-11,2022,BTC Bear | Normal MVRV | Realized Growth Leading,sma_340d_weight,False,sma_340d_weight,0.003053554221144932,0.0027397260273972516,21790.499999999516,3.053554221144932,2.7397260273972517,14013.236140267545,12573.029656948269
2022-09-12,2022,BTC Bear | Normal MVRV | Realized Growth Leading,sma_340d_weight,False,sma_340d_weight,0.003041902277634382,0.0027397260273972516,22354.639999999785,3.041902277634382,2.7397260273972517,13607.476021239489,12255.737633875018
2022-09-13,2022,BTC Bear | Low MVRV | Realized Growth Leading,sma_340d_weight,False,sma_340d_weight,0.0029976097457465613,0.0027397260273972516,20171.179999999906,2.997609745746561,2.7397260273972517,14860.85467358169,13582.378558900691
2022-09-14,2022,BTC Bear | Low MVRV | Realized Growth Leading,sma_340d_weight,False,sma_340d_weight,0.003150763668510942,0.0027397260273972516,20263.329999999754,3.150763668510942,2.7397260273972517,15549.091232837744,13520.611012095667
2022-09-15,2022,BTC Bear | Low MVRV | Realized Growth Leading,sma_340d_weight,False,sma_340d_weight,0.003140228197073375,0.0027397260273972516,19720.52999999999,3.140228197073375,2.7397260273972517,15923.650110181503,13892.76062761626
2022-09-16,2022,BTC Bear | Low MVRV | Realized Growth Leading,sma_340d_weight,False,sma_340d_weight,0.003175611764807257,0.0027397260273972516,19779.249999999927,3.175611764807257,2.7397260273972517,16055.268854012507,13851.51624756885
2022-09-17,2022,BTC Bear | Low MVRV | Realized Growth Leading,sma_340d_weight,False,sma_340d_weight,0.003167188587836679,0.0027397260273972516,20119.119999999646,3.1671885878366792,2.7397260273972517,15742.182500212411,13617.524163071248
2022-09-18,2022,BTC Bear | Low MVRV | Realized Growth Leading,sma_340d_weight,False,sma_340d_weight,0.003138427652203407,0.0027397260273972516,19404.54999999966,3.138427652203407,2.7397260273972517,16173.668815836809,14118.987698232113
2022-09-19,2022,BTC Bear | Low MVRV | Realized Growth Leading,sma_340d_weight,False,sma_340d_weight,0.0031863050567258176,0.0027397260273972516,19540.37999999959,3.1863050567258178,2.7397260273972517,16306.259431627659,14020.84313302663
2022-09-20,2022,BTC Bear | Low MVRV | Realized Growth Leading,sma_340d_weight,False,sma_340d_weight,0.003172172011207184,0.0027397260273972516,18908.1299999998,3.1721720112071843,2.7397260273972517,16776.762224541602,14489.672047935363
2022-09-21,2022,BTC Bear | Low MVRV | Realized Growth Leading,sma_340d_weight,False,sma_340d_weight,0.003213883471503045,0.0027397260273972516,18502.969999999605,3.2138834715030447,2.7397260273972517,17369.554571526158,14806.95276162319
2022-09-22,2022,BTC Bear | Low MVRV | Realized Growth Leading,sma_340d_weight,False,sma_340d_weight,0.0032391358401048565,0.0027397260273972516,19410.34999999994,3.2391358401048564,2.7397260273972517,16687.673535535767,14114.768808379344
2022-09-23,2022,BTC Bear | Low MVRV | Realized Growth Leading,sma_340d_weight,False,sma_340d_weight,0.0031674464649931356,0.0027397260273972516,19286.009999999555,3.1674464649931355,2.7397260273972517,16423.544657465223,14205.768986935685
2022-09-24,2022,BTC Bear | Low MVRV | Realized Growth Leading,sma_340d_weight,False,sma_340d_weight,0.003171825868485278,0.0027397260273972516,18934.659999999934,3.171825868485278,2.7397260273972517,16751.42763844341,14469.370072645937
2022-09-25,2022,BTC Bear | Low MVRV | Realized Growth Leading,sma_340d_weight,False,sma_340d_weight,0.00319286504925174,0.0027397260273972516,18808.60999999966,3.19286504925174,2.7397260273972517,16975.550289212217,14566.339710362974
2022-09-26,2022,BTC Bear | Low MVRV | Realized Growth Leading,sma_340d_weight,False,sma_340d_weight,0.0031969874261094993,0.0027397260273972516,19188.249999999825,3.1969874261094993,2.7397260273972517,16661.17246809651,14278.144319556377
2022-09-27,2022,BTC Bear | Low MVRV | Realized Growth Leading,sma_340d_weight,False,sma_340d_weight,0.0031636527635749696,0.0027397260273972516,19111.67999999978,3.16365276357497,2.7397260273972517,16553.504263230687,14335.348998085377
2022-09-28,2022,BTC Bear | Low MVRV | Realized Growth Leading,sma_340d_weight,False,sma_340d_weight,0.0031646173771542906,0.0027397260273972516,19453.449999999844,3.1646173771542907,2.7397260273972517,16267.640840849905,14083.496898479569
2022-09-29,2022,BTC Bear | Low MVRV | Realized Growth Leading,sma_340d_weight,False,sma_340d_weight,0.003133945401530911,0.0027397260273972516,19599.4899999997,3.133945401530911,2.7397260273972517,15989.933419343864,13978.557745111193
2022-09-30,2022,BTC Bear | Low MVRV | Realized Growth Leading,sma_340d_weight,False,sma_340d_weight,0.0031179719286594893,0.0027397260273972516,19456.649999999572,3.117971928659489,2.7397260273972517,16025.224941907049,14081.180611242491
2022-10-01,2022,BTC Bear | Low MVRV | Realized Growth Leading,sma_340d_weight,False,sma_340d_weight,0.003123587995335984,0.0027397260273972516,19315.149999999776,3.123587995335984,2.7397260273972517,16171.699393150042,14184.337307229214
2022-10-02,2022,BTC Bear | Low MVRV | Realized Growth Leading,sma_340d_weight,False,sma_340d_weight,0.003129454045388205,0.0027397260273972516,19077.219999999495,3.129454045388205,2.7397260273972517,16404.140883149055,14361.243553291959
2022-10-03,2022,BTC Bear | Low MVRV | Realized Growth Leading,sma_340d_weight,False,sma_340d_weight,0.003142923655585925,0.0027397260273972516,19623.469999999637,3.1429236555859252,2.7397260273972517,16016.146255407344,13961.475862308258
2022-10-04,2022,BTC Bear | Low MVRV | Realized Growth Leading,sma_340d_weight,False,sma_340d_weight,0.0030960498727954848,0.0027397260273972516,20338.789999999757,3.0960498727954846,2.7397260273972517,15222.389693760158,13470.447491700757
2022-10-05,2022,BTC Bear | Low MVRV | Realized Growth Leading,sma_340d_weight,False,sma_340d_weight,0.0030357232140726335,0.0027397260273972516,20157.02999999959,3.0357232140726333,2.7397260273972517,15060.369578616965,13591.913230259157
2022-10-06,2022,BTC Bear | Low MVRV | Realized Growth Leading,sma_340d_weight,False,sma_340d_weight,0.003044408693968627,0.0027397260273972516,19945.059999999958,3.0444086939686272,2.7397260273972517,15263.973605337029,13736.363928698422
2022-10-07,2022,BTC Bear | Low MVRV | Realized Growth Leading,sma_340d_weight,False,sma_340d_weight,0.0030555164329600084,0.0027397260273972516,19550.90999999952,3.0555164329600086,2.7397260273972517,15628.512600999564,14013.291593063028
2022-10-08,2022,BTC Bear | Low MVRV | Realized Growth Leading,sma_340d_weight,False,sma_340d_weight,0.0030808967141141433,0.0027397260273972516,19419.39999999953,3.0808967141141435,2.7397260273972517,15865.045851644327,14108.190919376078
2022-10-09,2022,BTC Bear | Low MVRV | Realized Growth Leading,sma_340d_weight,False,sma_340d_weight,0.0030856248544035227,0.0027397260273972516,19394.17999999953,3.0856248544035227,2.7397260273972517,15910.055771389136,14126.537071416878
2022-10-10,2022,BTC Bear | Low MVRV | Realized Growth Leading,sma_340d_weight,False,sma_340d_weight,0.003082082400478911,0.0027397260273972516,19132.829999999743,3.082082400478911,2.7397260273972517,16108.868371688624,14319.502276439442
2022-10-11,2022,BTC Bear | Low MVRV | Realized Growth Leading,sma_340d_weight,False,sma_340d_weight,0.0030972638608935217,0.0027397260273972516,19050.099999999853,3.0972638608935217,2.7397260273972517,16258.517597774004,14381.688428917816
2022-10-12,2022,BTC Bear | Low MVRV | Realized Growth Leading,sma_340d_weight,False,sma_340d_weight,0.003098477572995125,0.0027397260273972516,19155.57999999989,3.098477572995125,2.7397260273972517,16175.32631742366,14302.495812694096
2022-10-13,2022,BTC Bear | Low MVRV | Realized Growth Leading,sma_340d_weight,False,sma_340d_weight,0.0030847269939598882,0.0027397260273972516,19380.879999999877,3.084726993959888,2.7397260273972517,15916.34122888077,14136.231313527915
2022-10-14,2022,BTC Bear | Low MVRV | Realized Growth Leading,sma_340d_weight,False,sma_340d_weight,0.0030611320386327158,0.0027397260273972516,19186.149999999707,3.061132038632716,2.7397260273972517,15954.905171870138,14279.707118923252
2022-10-15,2022,BTC Bear | Low MVRV | Realized Growth Leading,sma_340d_weight,False,sma_340d_weight,0.003070357997791694,0.0027397260273972516,19067.919999999696,3.070357997791694,2.7397260273972517,16102.217744734311,14368.247965154538
2022-10-16,2022,BTC Bear | Low MVRV | Realized Growth Leading,sma_340d_weight,False,sma_340d_weight,0.003073547015168736,0.0027397260273972516,19273.209999999737,3.073547015168736,2.7397260273972517,15947.25017352469,14215.203525501403
2022-10-17,2022,BTC Bear | Low MVRV | Realized Growth Leading,sma_340d_weight,False,sma_340d_weight,0.003051017195196622,0.0027397260273972516,19552.839999999804,3.051017195196622,2.7397260273972517,15603.959297967214,14011.908384650409
2022-10-18,2022,BTC Bear | Low MVRV | Realized Growth Leading,sma_340d_weight,False,sma_340d_weight,0.0030223443801153343,0.0027397260273972516,19351.40999999956,3.0223443801153342,2.7397260273972517,15618.212730314759,14157.759188593047
2022-10-19,2022,BTC Bear | Low MVRV | Realized Growth Leading,sma_340d_weight,False,sma_340d_weight,0.0030325903170672864,0.0027397260273972516,19125.30999999978,3.0325903170672865,2.7397260273972517,15856.424377264062,14325.132650907532
2022-10-20,2022,BTC Bear | Low MVRV | Realized Growth Leading,sma_340d_weight,False,sma_340d_weight,0.003044834219864197,0.0027397260273972516,19013.129999999823,3.044834219864197,2.7397260273972517,16014.376485429937,14409.652841995385
2022-10-21,2022,BTC Bear | Low MVRV | Realized Growth Leading,sma_340d_weight,False,sma_340d_weight,0.0030477063310372548,0.0027397260273972516,19172.69999999956,3.0477063310372547,2.7397260273972517,15896.072702526637,14289.724594852652
2022-10-22,2022,BTC Bear | Low MVRV | Realized Growth Leading,sma_340d_weight,False,sma_340d_weight,0.003028510822245712,0.0027397260273972516,19209.499999999676,3.0285108222457118,2.7397260273972517,15765.693132282271,14262.34950101407
2022-10-23,2022,BTC Bear | Low MVRV | Realized Growth Leading,sma_340d_weight,False,sma_340d_weight,0.0030197661085755224,0.0027397260273972516,19559.83999999974,3.0197661085755225,2.7397260273972517,15438.603324851138,14006.893856991102
2022-10-24,2022,BTC Bear | Low MVRV | Realized Growth Leading,sma_340d_weight,False,sma_340d_weight,0.0029851267937617137,0.0027397260273972516,19340.659999999833,2.985126793761714,2.7397260273972517,15434.461873388704,14165.628408737215
2022-10-25,2022,BTC Bear | Low MVRV | Realized Growth Leading,sma_340d_weight,False,sma_340d_weight,0.0029979500147170697,0.0027397260273972516,20093.219999999892,2.9979500147170697,2.7397260273972517,14920.206988810583,13635.077042889425
2022-10-26,2022,BTC Bear | Low MVRV | Realized Growth Leading,sma_340d_weight,False,sma_340d_weight,0.0029298272907887935,0.0027397260273972516,20791.389999999927,2.9298272907887934,2.7397260273972517,14091.541213881343,13177.214353620711
2022-10-27,2022,BTC Bear | Low MVRV | Realized Growth Leading,sma_340d_weight,False,sma_340d_weight,0.0028656505193978697,0.0027397260273972516,20296.479999999803,2.8656505193978696,2.7397260273972517,14118.953234245037,13498.527958529156
2022-10-28,2022,BTC Bear | Low MVRV | Realized Growth Leading,sma_340d_weight,False,sma_340d_weight,0.002901202257720162,0.0027397260273972516,20597.749999999673,2.9012022577201617,2.7397260273972517,14085.044520494752,13301.093699055942
2022-10-29,2022,BTC Bear | Low MVRV | Realized Growth Leading,sma_340d_weight,False,sma_340d_weight,0.002870376715494698,0.0027397260273972516,20823.5299999996,2.8703767154946984,2.7397260273972517,13784.294572028632,13156.876031092252
2022-10-30,2022,BTC Bear | Low MVRV | Realized Growth Leading,sma_340d_weight,False,sma_340d_weight,0.002845571865971385,0.0027397260273972516,20639.589999999593,2.8455718659713853,2.7397260273972517,13786.959266009844,13274.130093656442
2022-10-31,2022,BTC Bear | Low MVRV | Realized Growth Leading,sma_340d_weight,False,sma_340d_weight,0.0028553593018136514,0.0027397260273972516,20495.89999999953,2.8553593018136514,2.7397260273972517,13931.368233713654,13367.190644945158
2022-11-01,2022,BTC Bear | Low MVRV | Realized Growth Leading,sma_340d_weight,False,sma_340d_weight,0.0028614905303515786,0.0027397260273972516,20479.629999999815,2.8614905303515785,2.7397260273972517,13972.374160820309,13377.81018210425
2022-11-02,2022,BTC Bear | Low MVRV | Realized Growth Leading,sma_340d_weight,False,sma_340d_weight,0.002857613067888034,0.0027397260273972516,20160.5999999999,2.857613067888034,2.7397260273972517,14174.246142912652,13589.506400589591
2022-11-03,2022,BTC Bear | Low MVRV | Realized Growth Leading,sma_340d_weight,False,sma_340d_weight,0.0028793947682422116,0.0027397260273972516,20210.239999999543,2.8793947682422116,2.7397260273972517,14247.207199134085,13556.128118207966
2022-11-04,2022,BTC Bear | Normal MVRV | Realized Growth Leading,sma_340d_weight,False,sma_340d_weight,0.00286930156338778,0.0027397260273972516,21159.379999999597,2.86930156338778,2.7397260273972517,13560.423620105292,12948.044920963204
2022-11-05,2022,BTC Bear | Normal MVRV | Realized Growth Leading,sma_340d_weight,False,sma_340d_weight,0.0027817205085328865,0.0027397260273972516,21300.679999999647,2.7817205085328864,2.7397260273972517,13059.303780597298,12862.15288618625
2022-11-06,2022,BTC Bear | Low MVRV | Realized Growth Leading,sma_340d_weight,False,sma_340d_weight,0.002763477828307343,0.0027397260273972516,20940.839999999527,2.763477828307343,2.7397260273972517,13196.594923161658,13083.171579541762
2022-11-07,2022,BTC Bear | Low MVRV | Realized Growth Leading,sma_340d_weight,False,sma_340d_weight,0.0027885037455726174,0.0027397260273972516,20592.209999999497,2.7885037455726174,2.7397260273972517,13541.546757597585,13304.672142510777
2022-11-08,2022,BTC Bear | Low MVRV | Realized Growth Leading,sma_340d_weight,False,sma_340d_weight,0.002812792425709349,0.0027397260273972516,18538.869999999562,2.812792425709349,2.7397260273972517,15172.404929261684,14778.279514324855
2022-11-09,2022,BTC Bear | Low MVRV | Realized Growth Leading,sma_340d_weight,False,sma_340d_weight,0.0029861432073465476,0.0027397260273972516,15876.23999999996,2.9861432073465477,2.7397260273972517,18808.881746223007,17256.768777728597
2022-11-10,2022,BTC Bear | Low MVRV | Realized Growth Leading,sma_340d_weight,False,sma_340d_weight,0.0032141989633736145,0.0027397260273972516,17500.19999999964,3.2141989633736143,2.7397260273972517,18366.641314806002,15655.398380574554
2022-11-11,2022,BTC Bear | Low MVRV | Realized Growth Leading,sma_340d_weight,False,sma_340d_weight,0.0030674739953679975,0.0027397260273972516,17071.799999999712,3.0674739953679975,2.7397260273972517,17968.075981255926,16048.255177528428
2022-11-12,2022,BTC Bear | Low MVRV | Realized Growth Leading,sma_340d_weight,False,sma_340d_weight,0.0031003849664187955,0.0027397260273972516,16765.4699999997,3.1003849664187957,2.7397260273972517,18492.681484138837,16341.480599096243
2022-11-13,2022,BTC Bear | Low MVRV | Realized Growth Leading,sma_340d_weight,False,sma_340d_weight,0.003122654817702052,0.0027397260273972516,16301.389999999741,3.1226548177020517,2.7397260273972517,19155.75799181604,16806.701927855815
2022-11-14,2022,BTC Bear | Low MVRV | Realized Growth Leading,sma_340d_weight,False,sma_340d_weight,0.0031590105441898267,0.0027397260273972516,16640.98999999977,3.159010544189827,2.7397260273972517,18983.308950908995,16463.720171680226
2022-11-15,2022,BTC Bear | Low MVRV | Realized Growth Leading,sma_340d_weight,False,sma_340d_weight,0.003124545972894802,0.0027397260273972516,16855.189999999653,3.124545972894802,2.7397260273972517,18537.589744730652,16254.495068861923
2022-11-16,2022,BTC Bear | Low MVRV | Realized Growth Leading,sma_340d_weight,False,sma_340d_weight,0.0031012173329864868,0.0027397260273972516,16661.839999999807,3.101217332986487,2.7397260273972517,18612.694234169354,16443.118091382963
2022-11-17,2022,BTC Bear | Low MVRV | Realized Growth Leading,sma_340d_weight,False,sma_340d_weight,0.0031138330797780027,0.0027397260273972516,16687.129999999674,3.1138330797780025,2.7397260273972517,18660.087623084757,16418.197901000985
2022-11-18,2022,BTC Bear | Low MVRV | Realized Growth Leading,sma_340d_weight,False,sma_340d_weight,0.003106818779033338,0.0027397260273972516,16690.089999999913,3.1068187790333384,2.7397260273972517,18614.751502438598,16415.286121268764
2022-11-19,2022,BTC Bear | Low MVRV | Realized Growth Leading,sma_340d_weight,False,sma_340d_weight,0.003102241883351878,0.0027397260273972516,16694.019999999928,3.102241883351878,2.7397260273972517,18582.952957717145,16411.421739025493
2022-11-20,2022,BTC Bear | Low MVRV | Realized Growth Leading,sma_340d_weight,False,sma_340d_weight,0.0030973361709619287,0.0027397260273972516,16249.339999999895,3.0973361709619285,2.7397260273972517,19061.30446505488,16860.537273497073
2022-11-21,2022,BTC Bear | Low MVRV | Realized Growth Leading,sma_340d_weight,False,sma_340d_weight,0.0031328728199736273,0.0027397260273972516,15763.679999999658,3.132872819973627,2.7397260273972517,19873.994016458688,17379.99012538513
2022-11-22,2022,BTC Bear | Low MVRV | Realized Growth Leading,sma_340d_weight,False,sma_340d_weight,0.003172447833275622,0.0027397260273972516,16170.429999999831,3.172447833275622,2.7397260273972517,19618.82172134974,16942.814924509
2022-11-23,2022,BTC Bear | Low MVRV | Realized Growth Leading,sma_340d_weight,False,sma_340d_weight,0.003131210411428364,0.0027397260273972516,16602.799999999886,3.131210411428364,2.7397260273972517,18859.532195945176,16501.59025825325
2022-11-24,2022,BTC Bear | Low MVRV | Realized Growth Leading,sma_340d_weight,False,sma_340d_weight,0.003087382254090781,0.0027397260273972516,16597.419999999714,3.087382254090781,2.7397260273972517,18601.579366496928,16506.939195352643
2022-11-25,2022,BTC Bear | Low MVRV | Realized Growth Leading,sma_340d_weight,False,sma_340d_weight,0.003083421981430835,0.0027397260273972516,16498.48999999986,3.083421981430835,2.7397260273972517,18689.116285374366,16605.919859316065
2022-11-26,2022,BTC Bear | Low MVRV | Realized Growth Leading,sma_340d_weight,False,sma_340d_weight,0.0030879855948692746,0.0027397260273972516,16448.159999999505,3.0879855948692745,2.7397260273972517,18774.048859382252,16656.732591349635
2022-11-27,2022,BTC Bear | Low MVRV | Realized Growth Leading,sma_340d_weight,False,sma_340d_weight,0.0030877853712991885,0.0027397260273972516,16432.009999999624,3.0877853712991885,2.7397260273972517,18791.282206493663,16673.103457199177
2022-11-28,2022,BTC Bear | Low MVRV | Realized Growth Leading,sma_340d_weight,False,sma_340d_weight,0.003084472746597113,0.0027397260273972516,16209.549999999976,3.084472746597113,2.7397260273972517,19028.737667591744,16901.925268728966
2022-11-29,2022,BTC Bear | Low MVRV | Realized Growth Leading,sma_340d_weight,False,sma_340d_weight,0.0030999359493402907,0.0027397260273972516,16426.36,3.0999359493402907,2.7397260273972517,18871.715640837596,16678.83832691632
2022-11-30,2022,BTC Bear | Low MVRV | Realized Growth Leading,sma_340d_weight,False,sma_340d_weight,0.003074643391098702,0.0027397260273972516,17168.72999999993,3.0746433910987023,2.7397260273972517,17908.391541475197,15957.651074932524
2022-12-01,2022,BTC Bear | Low MVRV | Realized Growth Leading,sma_340d_weight,False,sma_340d_weight,0.003000205119407588,0.0027397260273972516,16957.819999999512,3.000205119407588,2.7397260273972517,17692.16278629962,16156.121644157862
2022-12-02,2022,BTC Bear | Low MVRV | Realized Growth Leading,sma_340d_weight,False,sma_340d_weight,0.0030145575178843133,0.0027397260273972516,17063.399999999794,3.014557517884313,2.7397260273972517,17666.80449315113,16056.155440283208
2022-12-03,2022,BTC Bear | Low MVRV | Realized Growth Leading,sma_340d_weight,False,sma_340d_weight,0.0029992706831631177,0.0027397260273972516,16890.17999999986,2.9992706831631177,2.7397260273972517,17757.48205858755,16220.821965173105
2022-12-04,2022,BTC Bear | Low MVRV | Realized Growth Leading,sma_340d_weight,False,sma_340d_weight,0.0030106679462141316,0.0027397260273972516,17132.709999999992,3.0106679462141317,2.7397260273972517,17572.631219545146,15991.200617983104
2022-12-05,2022,BTC Bear | Low MVRV | Realized Growth Leading,sma_340d_weight,False,sma_340d_weight,0.002983022987915365,0.0027397260273972516,16961.379999999903,2.983022987915365,2.7397260273972517,17587.147908456638,16152.730658692084
2022-12-06,2022,BTC Bear | Low MVRV | Realized Growth Leading,sma_340d_weight,False,sma_340d_weight,0.002994337507523165,0.0027397260273972516,17091.169999999864,2.994337507523165,2.7397260273972517,17519.792428038505,16030.067148107904
2022-12-07,2022,BTC Bear | Low MVRV | Realized Growth Leading,sma_340d_weight,False,sma_340d_weight,0.002977233552833345,0.0027397260273972516,16837.36999999968,2.9772335528333453,2.7397260273972517,17682.29570790095,16271.698177312157
2022-12-08,2022,BTC Bear | Low MVRV | Realized Growth Leading,sma_340d_weight,False,sma_340d_weight,0.002996387877746333,0.0027397260273972516,17244.05999999965,2.9963878777463333,2.7397260273972517,17376.348016339507,15887.940701884054
2022-12-09,2022,BTC Bear | Low MVRV | Realized Growth Leading,sma_340d_weight,False,sma_340d_weight,0.0029525056705325724,0.0027397260273972516,17151.54999999977,2.9525056705325725,2.7397260273972517,17214.220700360096,15973.635195637062
2022-12-10,2022,BTC Bear | Low MVRV | Realized Growth Leading,sma_340d_weight,False,sma_340d_weight,0.0029564445152918126,0.0027397260273972516,17116.52999999953,2.9564445152918126,2.7397260273972517,17272.452508142094,16006.316860936926
2022-12-11,2022,BTC Bear | Low MVRV | Realized Growth Leading,sma_340d_weight,False,sma_340d_weight,0.0029549690980368243,0.0027397260273972516,17090.70999999956,2.954969098036824,2.7397260273972517,17289.914216769816,16030.498600686118
2022-12-12,2022,BTC Bear | Low MVRV | Realized Growth Leading,sma_340d_weight,False,sma_340d_weight,0.00295298166132692,0.0027397260273972516,17201.379999999703,2.9529816613269197,2.7397260273972517,17167.120668963602,15927.36180118862
2022-12-13,2022,BTC Bear | Low MVRV | Realized Growth Leading,sma_340d_weight,False,sma_340d_weight,0.0029378491969881825,0.0027397260273972516,17762.20999999964,2.9378491969881826,2.7397260273972517,16539.88550404619,15424.465916106767
2022-12-14,2022,BTC Bear | Low MVRV | Realized Growth Leading,sma_340d_weight,False,sma_340d_weight,0.002879308484032417,0.0027397260273972516,17801.43999999954,2.8793084840324172,2.7397260273972517,16174.581854234779,15390.4741829724
2022-12-15,2022,BTC Bear | Low MVRV | Realized Growth Leading,sma_340d_weight,False,sma_340d_weight,0.0028711855260889836,0.0027397260273972516,17352.239999999998,2.8711855260889836,2.7397260273972517,16546.4834862184,15788.889661491843
2022-12-16,2022,BTC Bear | Low MVRV | Realized Growth Leading,sma_340d_weight,False,sma_340d_weight,0.002910607835050781,0.0027397260273972516,16641.0,2.910607835050781,2.7397260273972517,17490.58250736603,16463.71027821196
2022-12-17,2022,BTC Bear | Low MVRV | Realized Growth Leading,sma_340d_weight,False,sma_340d_weight,0.002975750650443238,0.0027397260273972516,16794.059999999503,2.975750650443238,2.7397260273972517,17719.066446370478,16313.661064670085
2022-12-18,2022,BTC Bear | Low MVRV | Realized Growth Leading,sma_340d_weight,False,sma_340d_weight,0.002956317489924998,0.0027397260273972516,16739.989999999594,2.956317489924998,2.7397260273972517,17660.210608997197,16366.354026479814
2022-12-19,2022,BTC Bear | Low MVRV | Realized Growth Leading,sma_340d_weight,False,sma_340d_weight,0.0029569396858381775,0.0027397260273972516,16430.269999999844,2.9569396858381776,2.7397260273972517,17996.902581869963,16674.869173770596
2022-12-20,2022,BTC Bear | Low MVRV | Realized Growth Leading,sma_340d_weight,False,sma_340d_weight,0.002982982595015614,0.0027397260273972516,16897.649999999965,2.982982595015614,2.7397260273972517,17653.23932627093,16213.651172779988
2022-12-21,2022,BTC Bear | Low MVRV | Realized Growth Leading,sma_340d_weight,False,sma_340d_weight,0.0029322717559924203,0.0027397260273972516,16805.82999999987,2.9322717559924203,2.7397260273972517,17447.94369568443,16302.235756265969
2022-12-22,2022,BTC Bear | Low MVRV | Realized Growth Leading,sma_340d_weight,False,sma_340d_weight,0.002936731440495445,0.0027397260273972516,16817.679999999906,2.936731440495445,2.7397260273972517,17462.167436266245,16290.748946330688
2022-12-23,2022,BTC Bear | Low MVRV | Realized Growth Leading,sma_340d_weight,False,sma_340d_weight,0.0029309102672481933,0.0027397260273972516,16778.36999999962,2.9309102672481933,2.7397260273972517,17468.384993585547,16328.916500216132
2022-12-24,2022,BTC Bear | Low MVRV | Realized Growth Leading,sma_340d_weight,False,sma_340d_weight,0.0029303061850866146,0.0027397260273972516,16836.409999999814,2.930306185086615,2.7397260273972517,17404.57844093038,16272.625977849684
2022-12-25,2022,BTC Bear | Low MVRV | Realized Growth Leading,sma_340d_weight,False,sma_340d_weight,0.0029199476827633302,0.0027397260273972516,16829.019999999662,2.9199476827633304,2.7397260273972517,17350.669752388367,16279.771652759973
2022-12-26,2022,BTC Bear | Low MVRV | Realized Growth Leading,sma_340d_weight,False,sma_340d_weight,0.0029162128888458572,0.0027397260273972516,16917.019999999946,2.916212888845857,2.7397260273972517,17238.33682791571,16195.086530590259
2022-12-27,2022,BTC Bear | Low MVRV | Realized Growth Leading,sma_340d_weight,False,sma_340d_weight,0.002903088581852738,0.0027397260273972516,16704.049999999686,2.9030885818527383,2.7397260273972517,17379.549162345615,16401.56744859662
2022-12-28,2022,BTC Bear | Low MVRV | Realized Growth Leading,sma_340d_weight,False,sma_340d_weight,0.002920941168045921,0.0027397260273972516,16542.6099999999,2.920941168045921,2.7397260273972517,17657.075685432585,16561.63100863327
2022-12-29,2022,BTC Bear | Low MVRV | Realized Growth Leading,sma_340d_weight,False,sma_340d_weight,0.0029338972013216104,0.0027397260273972516,16629.1699999996,2.9338972013216105,2.7397260273972517,17643.07660166852,16475.422570082075
2022-12-30,2022,BTC Bear | Low MVRV | Realized Growth Leading,sma_340d_weight,False,sma_340d_weight,0.0029215664675791065,0.0027397260273972516,16600.93999999987,2.9215664675791064,2.7397260273972517,17598.80143882894,16503.43912692458
2022-12-31,2022,BTC Bear | Low MVRV | Realized Growth Leading,sma_340d_weight,False,sma_340d_weight,0.0029207822616901568,0.00273972602740076,16513.42999999982,2.9207822616901566,2.73972602740076,17687.314275048786,16590.89618208204
2023-01-01,2023,BTC Bear | Low MVRV | Realized Growth Leading,sma_340d_weight,False,sma_340d_weight,0.0026873122455966995,0.0027397260273972516,16607.85999999965,2.6873122455966993,2.7397260273972517,16180.9663954101,16496.562635988677
2023-01-02,2023,BTC Bear | Low MVRV | Realized Growth Leading,sma_340d_weight,False,sma_340d_weight,0.005929793007126808,0.0027397260273972516,16668.7299999997,5.929793007126808,2.7397260273972517,35574.35393774399,16436.321347800946
2023-01-03,2023,BTC Bear | Low MVRV | Realized Growth Leading,sma_340d_weight,False,sma_340d_weight,0.0059094763486018395,0.0027397260273972516,16667.849999999744,5.90947634860184,2.7397260273972517,35454.34083341241,16437.189123955963
2023-01-04,2023,BTC Bear | Low MVRV | Realized Growth Leading,sma_340d_weight,False,sma_340d_weight,0.005901698272457947,0.0027397260273972516,16853.319999999912,5.901698272457947,2.7397260273972517,35018.01587140087,16256.29862482446
2023-01-05,2023,BTC Bear | Low MVRV | Realized Growth Leading,sma_340d_weight,False,sma_340d_weight,0.005854904162639572,0.0027397260273972516,16825.98999999953,5.854904162639572,2.7397260273972517,34796.788555322666,16282.703290548305
2023-01-06,2023,BTC Bear | Low MVRV | Realized Growth Leading,sma_340d_weight,False,sma_340d_weight,0.005852498754322465,0.0027397260273972516,16953.44999999993,5.852498754322465,2.7397260273972517,34520.98985352532,16160.286121097846
2023-01-07,2023,BTC Bear | Low MVRV | Realized Growth Leading,sma_340d_weight,False,sma_340d_weight,0.005817431735005993,0.0027397260273972516,16945.9099999999,5.817431735005993,2.7397260273972517,34329.41479688035,16167.476561584877
2023-01-08,2023,BTC Bear | Low MVRV | Realized Growth Leading,sma_340d_weight,False,sma_340d_weight,0.00581048774895886,0.0027397260273972516,17052.009999999915,5.8104877489588596,2.7397260273972517,34075.08996862474,16066.880252810464
2023-01-09,2023,BTC Bear | Low MVRV | Realized Growth Leading,sma_340d_weight,False,sma_340d_weight,0.005780315881389892,0.0027397260273972516,17188.52999999999,5.780315881389892,2.7397260273972517,33628.913475380934,15939.268962484013
2023-01-10,2023,BTC Bear | Low MVRV | Realized Growth Leading,sma_340d_weight,False,sma_340d_weight,0.0057436204106080645,0.0027397260273972516,17432.629999999954,5.743620410608065,2.7397260273972517,32947.526624543054,15716.079716011061
2023-01-11,2023,BTC Bear | Low MVRV | Realized Growth Leading,sma_340d_weight,False,sma_340d_weight,0.005682180289464645,0.0027397260273972516,17893.879999999932,5.682180289464645,2.7397260273972517,31754.88093954283,15310.966807630666
2023-01-12,2023,BTC Bear | Low MVRV | Realized Growth Leading,sma_340d_weight,False,sma_340d_weight,0.005574619254666282,0.0027397260273972516,18857.499999999716,5.574619254666282,2.7397260273972517,29561.81495249299,14528.574982883694
2023-01-13,2023,BTC Bear | Normal MVRV | Realized Growth Leading,sma_340d_weight,False,sma_340d_weight,0.005359556240698185,0.0027397260273972516,19851.5199999999,5.359556240698185,2.7397260273972517,26998.215958768964,13801.08942487661
2023-01-14,2023,BTC Bear | Normal MVRV | Realized Growth Leading,sma_340d_weight,False,sma_340d_weight,0.005136684794379764,0.0027397260273972516,20978.939999999842,5.136684794379764,2.7397260273972517,24484.958698484304,13059.411139920663
2023-01-15,2023,BTC Bear | Normal MVRV | Realized Growth Leading,sma_340d_weight,False,sma_340d_weight,0.004884481838434497,0.0027397260273972516,20884.13999999972,4.884481838434497,2.7397260273972517,23388.474883019186,13118.69211467309
2023-01-16,2023,BTC Bear | Normal MVRV | Realized Growth Leading,sma_340d_weight,False,sma_340d_weight,0.004893024358781294,0.0027397260273972516,21165.759999999984,4.893024358781294,2.7397260273972517,23117.64074987762,12944.141988746227
2023-01-17,2023,BTC Bear | Normal MVRV | Realized Growth Leading,sma_340d_weight,False,sma_340d_weight,0.004821176847269386,0.0027397260273972516,21187.859999999502,4.821176847269386,2.7397260273972517,22754.43035431374,12930.640599840266
2023-01-18,2023,BTC Bear | Normal MVRV | Realized Growth Leading,sma_340d_weight,False,sma_340d_weight,0.0048055299966846595,0.0027397260273972516,20669.289999999884,4.805529996684659,2.7397260273972517,23249.613299173245,13255.056305258995
2023-01-19,2023,BTC Bear | Normal MVRV | Realized Growth Leading,sma_340d_weight,False,sma_340d_weight,0.0049065074841032315,0.0027397260273972516,21084.219999999626,4.906507484103232,2.7397260273972517,23270.993587162906,12994.201480525722
2023-01-20,2023,BTC Bear | Normal MVRV | Realized Growth Leading,sma_340d_weight,False,sma_340d_weight,0.004805919834083792,0.0027397260273972516,22691.63999999979,4.8059198340837925,2.7397260273972517,21179.252949913876,12073.724188279371
2023-01-21,2023,BTC Bear | Normal MVRV | Realized Growth Leading,sma_340d_weight,False,sma_340d_weight,0.0044465806184109365,0.0027397260273972516,22800.8699999998,4.446580618410937,2.7397260273972517,19501.80242425388,12015.883724600315
2023-01-22,2023,BTC Bear | Normal MVRV | Realized Growth Leading,sma_340d_weight,False,sma_340d_weight,0.004410713706588637,0.0027397260273972516,22692.539999999954,4.410713706588637,2.7397260273972517,19436.844472186218,12073.245337001752
2023-01-23,2023,BTC Bear | Normal MVRV | Realized Growth Leading,sma_340d_weight,False,sma_340d_weight,0.004422186522640574,0.0027397260273972516,22923.519999999484,4.422186522640573,2.7397260273972517,19291.044842330815,11951.593941058412
2023-01-24,2023,BTC Bear | Normal MVRV | Realized Growth Leading,sma_340d_weight,False,sma_340d_weight,0.004361703835877829,0.0027397260273972516,22626.619999999508,4.3617038358778295,2.7397260273972517,19276.868731953444,12108.41931935619
2023-01-25,2023,BTC Bear | Normal MVRV | Realized Growth Leading,sma_340d_weight,False,sma_340d_weight,0.004416764355159466,0.0027397260273972516,23084.8799999997,4.416764355159466,2.7397260273972517,19132.71524547463,11868.054013697656
2023-01-26,2023,BTC Bear | Normal MVRV | Realized Growth Leading,sma_340d_weight,False,sma_340d_weight,0.004306513894750657,0.0027397260273972516,23013.559999999565,4.3065138947506565,2.7397260273972517,18712.94095633504,11904.833617212214
2023-01-27,2023,BTC Bear | Normal MVRV | Realized Growth Leading,sma_340d_weight,False,sma_340d_weight,0.0043130505685541306,0.0027397260273972516,23075.6199999996,4.3130505685541305,2.7397260273972517,18690.94121221534,11872.816537095425
2023-01-28,2023,BTC Bear | Normal MVRV | Realized Growth Leading,sma_340d_weight,False,sma_340d_weight,0.00429115617649447,0.0027397260273972516,23004.879999999903,4.29115617649447,2.7397260273972517,18653.243035801483,11909.325444850238
2023-01-29,2023,BTC Bear | Normal MVRV | Realized Growth Leading,sma_340d_weight,False,sma_340d_weight,0.004297766849512735,0.0027397260273972516,23776.389999999712,4.297766849512735,2.7397260273972517,18075.775378485912,11522.884792002844
2023-01-30,2023,BTC Bear | Normal MVRV | Realized Growth Leading,sma_340d_weight,False,sma_340d_weight,0.004119340683840437,0.0027397260273972516,22801.529999999526,4.119340683840437,2.7397260273972517,18066.071372581235,12015.535919726915
2023-01-31,2023,BTC Bear | Normal MVRV | Realized Growth Leading,sma_340d_weight,False,sma_340d_weight,0.004325695190082403,0.0027397260273972516,23128.979999999785,4.325695190082403,2.7397260273972517,18702.490079901676,11845.425208536119
2023-02-01,2023,BTC Bear | Normal MVRV | Realized Growth Leading,sma_340d_weight,False,sma_340d_weight,0.004243642003880883,0.0027397260273972516,23714.709999999635,4.2436420038808835,2.7397260273972517,17894.55575834977,11552.854862645563
2023-02-02,2023,BTC Bear | Normal MVRV | Realized Growth Leading,sma_340d_weight,False,sma_340d_weight,0.0041043703728828535,0.0027397260273972516,23465.5299999999,4.104370372882854,2.7397260273972517,17491.06188048116,11675.534400447224
2023-02-03,2023,BTC Bear | Normal MVRV | Realized Growth Leading,sma_340d_weight,False,sma_340d_weight,0.004151090187887936,0.0027397260273972516,23452.299999999734,4.151090187887935,2.7397260273972517,17700.141085897685,11682.120846984231
2023-02-04,2023,BTC Bear | Normal MVRV | Realized Growth Leading,sma_340d_weight,False,sma_340d_weight,0.004142015012327859,0.0027397260273972516,23314.28999999986,4.142015012327859,2.7397260273972517,17765.992497853826,11751.273692646306
2023-02-05,2023,BTC Bear | Normal MVRV | Realized Growth Leading,sma_340d_weight,False,sma_340d_weight,0.0041599733869268525,0.0027397260273972516,22936.42999999984,4.159973386926852,2.7397260273972517,18136.96982018074,11944.866866366172
2023-02-06,2023,BTC Bear | Normal MVRV | Realized Growth Leading,sma_340d_weight,False,sma_340d_weight,0.004231835973421054,0.0027397260273972516,22707.339999999993,4.231835973421053,2.7397260273972517,18636.42317163109,12065.376338211576
2023-02-07,2023,BTC Bear | Normal MVRV | Realized Growth Leading,sma_340d_weight,False,sma_340d_weight,0.004271348859962096,0.0027397260273972516,23266.1099999997,4.271348859962096,2.7397260273972517,18358.672162910567,11775.608502655954
2023-02-08,2023,BTC Bear | Normal MVRV | Realized Growth Leading,sma_340d_weight,False,sma_340d_weight,0.004136023713907407,0.0027397260273972516,22925.659999999512,4.136023713907407,2.7397260273972517,18041.023525200562,11950.478317297342
2023-02-09,2023,BTC Bear | Normal MVRV | Realized Growth Leading,sma_340d_weight,False,sma_340d_weight,0.004202628577245928,0.0027397260273972516,21801.889999999734,4.202628577245928,2.7397260273972517,19276.441525234644,12566.461106799847
2023-02-10,2023,BTC Bear | Normal MVRV | Realized Growth Leading,sma_340d_weight,False,sma_340d_weight,0.004446452169852931,0.0027397260273972516,21643.829999999532,4.446452169852932,2.7397260273972517,20543.740039785138,12658.231132832363
2023-02-11,2023,BTC Bear | Normal MVRV | Realized Growth Leading,sma_340d_weight,False,sma_340d_weight,0.004472724755232457,0.0027397260273972516,21830.869999999704,4.472724755232457,2.7397260273972517,20488.07379290206,12549.77940593888
2023-02-12,2023,BTC Bear | Normal MVRV | Realized Growth Leading,sma_340d_weight,False,sma_340d_weight,0.004420460175746597,0.0027397260273972516,21763.66999999963,4.420460175746597,2.7397260273972517,20311.1891319188,12588.529542109847
2023-02-13,2023,BTC Bear | Normal MVRV | Realized Growth Leading,sma_340d_weight,False,sma_340d_weight,0.004423833949584354,0.0027397260273972516,21797.839999999494,4.423833949584354,2.7397260273972517,20294.827146104646,12568.79593297921
2023-02-14,2023,BTC Bear | Normal MVRV | Realized Growth Leading,sma_340d_weight,False,sma_340d_weight,0.004405620800347003,0.0027397260273972516,22239.66999999983,4.405620800347003,2.7397260273972517,19809.739984213058,12319.094786016485
2023-02-15,2023,BTC Recovery | Normal MVRV | Realized Growth Leading,sma_340d_weight,False,sma_340d_weight,0.004294940735291403,0.0027397260273972516,24331.999999999767,4.294940735291403,2.7397260273972517,17651.408578380095,11259.765031223402
2023-02-16,2023,BTC Recovery | Normal MVRV | Realized Growth Leading,sma_340d_weight,False,sma_340d_weight,0.0038075054410412873,0.0027397260273972516,23551.069999999698,3.8075054410412874,2.7397260273972517,16167.01678964623,11633.127613298619
2023-02-17,2023,BTC Neutral | Normal MVRV | Realized Growth Leading,sma_340d_weight,False,sma_340d_weight,0.003976920344409236,0.0027397260273972516,24567.309999999772,3.9769203444092356,2.7397260273972517,16187.854284450646,11151.917028756005
2023-02-18,2023,BTC Neutral | Normal MVRV | Realized Growth Leading,sma_340d_weight,False,sma_340d_weight,0.0037338465117107734,0.0027397260273972516,24636.2299999996,3.7338465117107735,2.7397260273972517,15155.916760441163,11120.719474519015
2023-02-19,2023,BTC Recovery | Normal MVRV | Realized Growth Leading,sma_340d_weight,False,sma_340d_weight,0.003707989192883199,0.0027397260273972516,24334.4699999996,3.707989192883199,2.7397260273972517,15237.599967795722,11258.622141338177
2023-02-20,2023,BTC Neutral | Normal MVRV | Realized Growth Leading,sma_340d_weight,False,sma_340d_weight,0.003766056693486141,0.0027397260273972516,24807.549999999883,3.7660566934861412,2.7397260273972517,15181.090811007774,11043.920207345202
2023-02-21,2023,BTC Neutral | Normal MVRV | Realized Growth Leading,sma_340d_weight,False,sma_340d_weight,0.0036458876386691983,0.0027397260273972516,24431.719999999514,3.645887638669198,2.7397260273972517,14922.76286184219,11213.80740855456
2023-02-22,2023,BTC Recovery | Normal MVRV | Realized Growth Leading,sma_340d_weight,False,sma_340d_weight,0.0037208049090436796,0.0027397260273972516,24204.029999999744,3.7208049090436797,2.7397260273972517,15372.666903171574,11319.29694103536
2023-02-23,2023,BTC Recovery | Normal MVRV | Realized Growth Leading,sma_340d_weight,False,sma_340d_weight,0.0037612414108853516,0.0027397260273972516,23904.28999999985,3.7612414108853516,2.7397260273972517,15734.587435499547,11461.231550475955
2023-02-24,2023,BTC Neutral | Normal MVRV | Realized Growth Leading,sma_340d_weight,False,sma_340d_weight,0.0038190259263037687,0.0027397260273972516,23175.979999999527,3.8190259263037687,2.7397260273972517,16478.37945279486,11821.403139790886
2023-02-25,2023,BTC Neutral | Normal MVRV | Realized Growth Leading,sma_340d_weight,False,sma_340d_weight,0.003976505884393165,0.0027397260273972516,23170.679999999604,3.9765058843931644,2.7397260273972517,17161.80053582041,11824.107136248476
2023-02-26,2023,BTC Recovery | Normal MVRV | Realized Growth Leading,sma_340d_weight,False,sma_340d_weight,0.003965096535738845,0.0027397260273972516,23534.019999999913,3.9650965357388452,2.7397260273972517,16848.36052548124,11641.555617770622
2023-02-27,2023,BTC Recovery | Normal MVRV | Realized Growth Leading,sma_340d_weight,False,sma_340d_weight,0.0038672496345028497,0.0027397260273972516,23493.369999999613,3.8672496345028495,2.7397260273972517,16461.025534024764,11661.698714987662
2023-02-28,2023,BTC Neutral | Normal MVRV | Realized Growth Leading,sma_340d_weight,False,sma_340d_weight,0.0038629560691524996,0.0027397260273972516,23136.27999999993,3.8629560691524993,2.7397260273972517,16696.53059676193,11841.687719016454
2023-03-01,2023,BTC Recovery | Normal MVRV | Realized Growth Leading,sma_340d_weight,False,sma_340d_weight,0.003932519191718659,0.0027397260273972516,23641.75999999985,3.932519191718659,2.7397260273972517,16633.783574990543,11588.502833110855
2023-03-02,2023,BTC Recovery | Normal MVRV | Realized Growth Leading,sma_340d_weight,False,sma_340d_weight,0.003799320014999466,0.0027397260273972516,23464.239999999543,3.7993200149994664,2.7397260273972517,16191.958550541336,11676.176289525274
2023-03-03,2023,BTC Bear | Normal MVRV | Realized Growth Leading,sma_340d_weight,False,sma_340d_weight,0.0038251554476875327,0.0027397260273972516,22351.369999999777,3.8251554476875325,2.7397260273972517,17113.740444937248,12257.530645312921
2023-03-04,2023,BTC Bear | Normal MVRV | Realized Growth Leading,sma_340d_weight,False,sma_340d_weight,0.0040721221353328405,0.0027397260273972516,22338.839999999538,4.07212213533284,2.7397260273972517,18228.88805028786,12264.405973619529
2023-03-05,2023,BTC Recovery | Normal MVRV | Realized Growth Leading,sma_340d_weight,False,sma_340d_weight,0.004058501495004943,0.0027397260273972516,22404.5799999995,4.058501495004943,2.7397260273972517,18114.606455488272,12228.419490110116
2023-03-06,2023,BTC Recovery | Normal MVRV | Realized Growth Leading,sma_340d_weight,False,sma_340d_weight,0.004026410856635832,0.0027397260273972516,22400.05999999955,4.026410856635832,2.7397260273972517,17975.000319802326,12230.887003862072
2023-03-07,2023,BTC Bear | Normal MVRV | Realized Growth Leading,sma_340d_weight,False,sma_340d_weight,0.004012079383963794,0.0027397260273972516,22200.959999999497,4.012079383963794,2.7397260273972517,18071.648180816886,12340.574585050888
2023-03-08,2023,BTC Bear | Normal MVRV | Realized Growth Leading,sma_340d_weight,False,sma_340d_weight,0.004043660416351294,0.0027397260273972516,21682.12999999995,4.043660416351294,2.7397260273972517,18649.73790098714,12635.871233118047
2023-03-09,2023,BTC Bear | Normal MVRV | Realized Growth Leading,sma_340d_weight,False,sma_340d_weight,0.004152346820232094,0.0027397260273972516,20335.399999999554,4.152346820232094,2.7397260273972517,20419.302399914362,13472.693074133342
2023-03-10,2023,BTC Bear | Normal MVRV | Realized Growth Leading,sma_340d_weight,False,sma_340d_weight,0.004460470979839137,0.0027397260273972516,20235.429999999753,4.460470979839137,2.7397260273972517,22042.877170582447,13539.252822387687
2023-03-11,2023,BTC Bear | Normal MVRV | Realized Growth Leading,sma_340d_weight,False,sma_340d_weight,0.004468257952234036,0.0027397260273972516,20647.629999999826,4.468257952234036,2.7397260273972517,21640.536721328663,13268.96126769646
2023-03-12,2023,BTC Neutral | Normal MVRV | Realized Growth Leading,sma_340d_weight,False,sma_340d_weight,0.004352492387804894,0.0027397260273972516,21945.15999999996,4.352492387804894,2.7397260273972517,19833.495804108523,12484.420379697649
2023-03-13,2023,BTC Neutral | Normal MVRV | Realized Growth Leading,sma_340d_weight,False,sma_340d_weight,0.004022446954904316,0.0027397260273972516,24176.259999999733,4.022446954904316,2.7397260273972517,16638.003375643548,11332.298822883613
2023-03-14,2023,BTC Neutral | Normal MVRV | Realized Growth Leading,sma_340d_weight,False,sma_340d_weight,0.003463947075282021,0.0027397260273972516,24703.539999999633,3.4639470752820207,2.7397260273972517,14022.067587406793,11090.418731069687
2023-03-15,2023,BTC Neutral | Normal MVRV | Realized Growth Leading,sma_340d_weight,False,sma_340d_weight,0.0033214607395231576,0.0027397260273972516,24396.59999999967,3.3214607395231575,2.7397260273972517,13614.441108692203,11229.950187310069
2023-03-16,2023,BTC Neutral | Normal MVRV | Realized Growth Leading,sma_340d_weight,False,sma_340d_weight,0.0033826258606109542,0.0027397260273972516,25044.409999999803,3.382625860610954,2.7397260273972517,13506.510477232167,10939.471232890985
2023-03-17,2023,BTC Neutral | Normal MVRV | Realized Growth Leading,sma_340d_weight,False,sma_340d_weight,0.0032098750661814063,0.0027397260273972516,27417.609999999884,3.2098750661814064,2.7397260273972517,11707.34818308897,9992.57786290367
2023-03-18,2023,BTC Neutral | Normal MVRV | Realized Growth Leading,sma_340d_weight,False,sma_340d_weight,0.002615284415156959,0.0027397260273972516,26921.52999999975,2.615284415156959,2.7397260273972517,9714.471707800349,10176.709969296979
2023-03-19,2023,BTC Neutral | Normal MVRV | Realized Growth Leading,sma_340d_weight,False,sma_340d_weight,0.002726278592955036,0.0027397260273972516,28175.26999999997,2.726278592955036,2.7397260273972517,9676.14007942085,9723.867872063885
2023-03-20,2023,BTC Neutral | Normal MVRV | Realized Growth Leading,sma_340d_weight,False,sma_340d_weight,0.002405061974180147,0.0027397260273972516,27826.199999999826,2.405061974180147,2.7397260273972517,8643.156356887257,9845.850412191636
2023-03-21,2023,BTC Neutral | Normal MVRV | Realized Growth Leading,sma_340d_weight,False,sma_340d_weight,0.002480629371162198,0.0027397260273972516,28209.569999999487,2.480629371162198,2.7397260273972517,8793.573851576763,9712.044626689813
2023-03-22,2023,BTC Neutral | Normal MVRV | Realized Growth Leading,sma_340d_weight,False,sma_340d_weight,0.0023744624943541856,0.0027397260273972516,27319.759999999664,2.3744624943541854,2.7397260273972517,8691.373915269442,10028.367845827655
2023-03-23,2023,BTC Neutral | Normal MVRV | Realized Growth Leading,sma_340d_weight,False,sma_340d_weight,0.002583695148526533,0.0027397260273972516,28355.419999999816,2.583695148526533,2.7397260273972517,9111.821121064508,9662.089390307989
2023-03-24,2023,BTC Neutral | Normal MVRV | Realized Growth Leading,sma_340d_weight,False,sma_340d_weight,0.002315891927036761,0.0027397260273972516,27436.689999999875,2.3158919270367613,2.7397260273972517,8440.857578070722,9985.628832768327
2023-03-25,2023,BTC Neutral | Normal MVRV | Realized Growth Leading,sma_340d_weight,False,sma_340d_weight,0.0025326658079899617,0.0027397260273972516,27503.159999999814,2.5326658079899618,2.7397260273972517,9208.63569128049,9961.495433242108
2023-03-26,2023,BTC Neutral | Normal MVRV | Realized Growth Leading,sma_340d_weight,False,sma_340d_weight,0.002503552802501073,0.0027397260273972516,28011.50999999958,2.503552802501073,2.7397260273972517,8937.586022678215,9780.715239547217
2023-03-27,2023,BTC Neutral | Normal MVRV | Realized Growth Leading,sma_340d_weight,False,sma_340d_weight,0.0023642956921522745,0.0027397260273972516,27136.09999999985,2.3642956921522744,2.7397260273972517,8712.732088075618,10096.24090196184
2023-03-28,2023,BTC Neutral | Normal MVRV | Realized Growth Leading,sma_340d_weight,False,sma_340d_weight,0.002571449960037581,0.0027397260273972516,27291.439999999962,2.571449960037581,2.7397260273972517,9422.18497828471,10038.774162877648
2023-03-29,2023,BTC Neutral | Normal MVRV | Realized Growth Leading,sma_340d_weight,False,sma_340d_weight,0.0025213468901412353,0.0027397260273972516,28357.6799999999,2.5213468901412353,2.7397260273972517,8891.23119430519,9661.319358273531
2023-03-30,2023,BTC Neutral | Normal MVRV | Realized Growth Leading,sma_340d_weight,False,sma_340d_weight,0.002242949829205144,0.0027397260273972516,28036.13,2.242949829205144,2.7397260273972517,8000.211973639529,9772.126279187789
2023-03-31,2023,BTC Neutral | Normal MVRV | Realized Growth Leading,sma_340d_weight,False,sma_340d_weight,0.002313198873716344,0.0027397260273972516,28480.269999999822,2.313198873716344,2.7397260273972517,8122.110056247214,9619.73333608589
2023-04-01,2023,BTC Neutral | Normal MVRV | Realized Growth Leading,sma_340d_weight,False,sma_340d_weight,0.002190024114077938,0.0027397260273972516,28471.45999999998,2.190024114077938,2.7397260273972517,7691.997930832979,9622.709995895024
2023-04-02,2023,BTC Neutral | Normal MVRV | Realized Growth Leading,sma_340d_weight,False,sma_340d_weight,0.0021830910966052124,0.0027397260273972516,28210.799999999665,2.1830910966052124,2.7397260273972517,7738.494110784658,9711.621178404313
2023-04-03,2023,BTC Neutral | Normal MVRV | Realized Growth Leading,sma_340d_weight,False,sma_340d_weight,0.0022385199447624107,0.0027397260273972516,27793.369999999875,2.2385199447624107,2.7397260273972517,8054.150845192291,9857.480497677196
2023-04-04,2023,BTC Neutral | Normal MVRV | Realized Growth Leading,sma_340d_weight,False,sma_340d_weight,0.00233294791164325,0.0027397260273972516,28144.03999999986,2.33294791164325,2.7397260273972517,8289.314226540546,9734.657950305875
2023-04-05,2023,BTC Neutral | Normal MVRV | Realized Growth Leading,sma_340d_weight,False,sma_340d_weight,0.0022341898825028418,0.0027397260273972516,28182.949999999983,2.2341898825028417,2.7397260273972517,7927.452174108257,9721.218067651731
2023-04-06,2023,BTC Neutral | Normal MVRV | Realized Growth Leading,sma_340d_weight,False,sma_340d_weight,0.0022153194230422235,0.0027397260273972516,28057.649999999656,2.2153194230422235,2.7397260273972517,7895.598608729707,9764.631134101699
2023-04-07,2023,BTC Neutral | Normal MVRV | Realized Growth Leading,sma_340d_weight,False,sma_340d_weight,0.0022373398876391263,0.0027397260273972516,27929.829999999827,2.237339887639126,2.7397260273972517,8010.574671020698,9809.318665374149
2023-04-08,2023,BTC Neutral | Normal MVRV | Realized Growth Leading,sma_340d_weight,False,sma_340d_weight,0.002259836117708052,0.0027397260273972516,27952.279999999682,2.259836117708052,2.7397260273972517,8084.621782938915,9801.440266759215
2023-04-09,2023,BTC Neutral | Normal MVRV | Realized Growth Leading,sma_340d_weight,False,sma_340d_weight,0.0022448411671372997,0.0027397260273972516,28339.999999999945,2.2448411671372996,2.7397260273972517,7921.105035770303,9667.34660337776
2023-04-10,2023,BTC Neutral | Normal MVRV | Realized Growth Leading,sma_340d_weight,False,sma_340d_weight,0.002135036694728432,0.0027397260273972516,29624.239999999972,2.135036694728432,2.7397260273972517,7207.059808887701,9248.25760052327
2023-04-11,2023,BTC Neutral | Normal MVRV | Realized Growth Leading,sma_340d_weight,False,sma_340d_weight,0.0018000185432784479,0.0027397260273972516,30234.469999999594,1.800018543278448,2.7397260273972517,5953.530997164733,9061.597664511031
2023-04-12,2023,BTC Neutral | Normal MVRV | Realized Growth Leading,sma_340d_weight,False,sma_340d_weight,0.0016380575328920088,0.0027397260273972516,29909.96999999994,1.6380575328920088,2.7397260273972517,5476.627134336852,9159.908978167672
2023-04-13,2023,BTC Neutral | Normal MVRV | Realized Growth Leading,sma_340d_weight,False,sma_340d_weight,0.0017153681881064468,0.0027397260273972516,30395.879999999823,1.7153681881064466,2.7397260273972517,5643.423345882589,9013.478232567268
2023-04-14,2023,BTC Bull | Normal MVRV | Realized Growth Leading,sma_340d_weight,False,sma_340d_weight,0.0015871080759420938,0.0027397260273972516,30491.729999999767,1.587108075942094,2.7397260273972517,5205.044370857626,8985.144586408422
2023-04-15,2023,BTC Neutral | Normal MVRV | Realized Growth Leading,sma_340d_weight,False,sma_340d_weight,0.0015628131691302414,0.0027397260273972516,30325.029999999522,1.5628131691302414,2.7397260273972517,5153.542038145604,9034.536906961988
2023-04-16,2023,BTC Bull | Normal MVRV | Realized Growth Leading,sma_340d_weight,False,sma_340d_weight,0.0016048036379229986,0.0027397260273972516,30311.049999999846,1.6048036379229986,2.7397260273972517,5294.450828734098,9038.70379745098
2023-04-17,2023,BTC Bull | Normal MVRV | Realized Growth Leading,sma_340d_weight,False,sma_340d_weight,0.0016097772556163165,0.0027397260273972516,29502.169999999638,1.6097772556163166,2.7397260273972517,5456.470678652914,9286.523762141174
2023-04-18,2023,BTC Bull | Normal MVRV | Realized Growth Leading,sma_340d_weight,False,sma_340d_weight,0.0018174506406262066,0.0027397260273972516,30340.259999999842,1.8174506406262065,2.7397260273972517,5990.227640192325,9030.001810786282
2023-04-19,2023,BTC Neutral | Normal MVRV | Realized Growth Leading,sma_340d_weight,False,sma_340d_weight,0.0016039831917595679,0.0027397260273972516,28838.27999999981,1.603983191759568,2.7397260273972517,5561.993266448549,9500.310099621995
2023-04-20,2023,BTC Neutral | Normal MVRV | Realized Growth Leading,sma_340d_weight,False,sma_340d_weight,0.0019874055766429923,0.0027397260273972516,28246.349999999613,1.9874055766429923,2.7397260273972517,7035.973060742432,9699.398426335754
2023-04-21,2023,BTC Neutral | Normal MVRV | Realized Growth Leading,sma_340d_weight,False,sma_340d_weight,0.0021360229504521697,0.0027397260273972516,27295.319999999574,2.1360229504521695,2.7397260273972517,7825.6014234389,10037.347162067688
2023-04-22,2023,BTC Neutral | Normal MVRV | Realized Growth Leading,sma_340d_weight,False,sma_340d_weight,0.0023773001061542084,0.0027397260273972516,27838.689999999824,2.3773001061542085,2.7397260273972517,8539.554505453467,9841.433010667059
2023-04-23,2023,BTC Neutral | Normal MVRV | Realized Growth Leading,sma_340d_weight,False,sma_340d_weight,0.0022355705712462427,0.0027397260273972516,27592.97999999986,2.235570571246243,2.7397260273972517,8101.954088490094,9929.069014645265
2023-04-24,2023,BTC Neutral | Normal MVRV | Realized Growth Leading,sma_340d_weight,False,sma_340d_weight,0.0022974496594541692,0.0027397260273972516,27514.939999999657,2.2974496594541693,2.7397260273972517,8349.826165182254,9957.230607798112
2023-04-25,2023,BTC Neutral | Normal MVRV | Realized Growth Leading,sma_340d_weight,False,sma_340d_weight,0.0023147650330810248,0.0027397260273972516,28305.269999999982,2.314765033081025,2.7397260273972517,8177.85886897043,9679.20824425011
2023-04-26,2023,BTC Neutral | Normal MVRV | Realized Growth Leading,sma_340d_weight,False,sma_340d_weight,0.0021111654251435765,0.0027397260273972516,28429.21999999958,2.1111654251435765,2.7397260273972517,7426.040619980456,9637.007372686596
2023-04-27,2023,BTC Neutral | Normal MVRV | Realized Growth Leading,sma_340d_weight,False,sma_340d_weight,0.002078412264271644,0.0027397260273972516,29473.399999999685,2.078412264271644,2.7397260273972517,7051.823896366439,9295.588657559972
2023-04-28,2023,BTC Bull | Normal MVRV | Realized Growth Leading,sma_340d_weight,False,sma_340d_weight,0.001809686991270223,0.0027397260273972516,29329.00999999977,1.8096869912702231,2.7397260273972517,6170.296887860304,9341.351881285025
2023-04-29,2023,BTC Neutral | Normal MVRV | Realized Growth Leading,sma_340d_weight,False,sma_340d_weight,0.0018470072200875427,0.0027397260273972516,29228.73999999984,1.8470072200875427,2.7397260273972517,6319.147592703458,9373.39764696414
2023-04-30,2023,BTC Neutral | Normal MVRV | Realized Growth Leading,sma_340d_weight,False,sma_340d_weight,0.0018723176480341579,0.0027397260273972516,29317.159999999487,1.872317648034158,2.7397260273972517,6386.422313874164,9345.127656967114
2023-05-01,2023,BTC Neutral | Normal MVRV | Realized Growth Leading,sma_340d_weight,False,sma_340d_weight,0.0018494406130106032,0.0027397260273972516,28077.26999999991,1.8494406130106031,2.7397260273972517,6586.967369016322,9757.807747680812
2023-05-02,2023,BTC Bull | Normal MVRV | Realized Growth Leading,sma_340d_weight,False,sma_340d_weight,0.0021665269519336957,0.0027397260273972516,28654.319999999712,2.1665269519336956,2.7397260273972517,7560.908623669022,9561.301846972041
2023-05-03,2023,BTC Neutral | Normal MVRV | Realized Growth Leading,sma_340d_weight,False,sma_340d_weight,0.0020184907313252486,0.0027397260273972516,28984.64999999992,2.0184907313252487,2.7397260273972517,6963.99898334206,9452.334347308864
2023-05-04,2023,BTC Neutral | Normal MVRV | Realized Growth Leading,sma_340d_weight,False,sma_340d_weight,0.0019336160972630524,0.0027397260273972516,28857.229999999927,1.9336160972630525,2.7397260273972517,6700.629607426137,9494.071424725307
2023-05-05,2023,BTC Neutral | Normal MVRV | Realized Growth Leading,sma_340d_weight,False,sma_340d_weight,0.001965756493446007,0.0027397260273972516,29525.75999999973,1.965756493446007,2.7397260273972517,6657.767635603706,9279.104170044317
2023-05-06,2023,BTC Neutral | Normal MVRV | Realized Growth Leading,sma_340d_weight,False,sma_340d_weight,0.0017919116235275434,0.0027397260273972516,28873.68999999972,1.7919116235275434,2.7397260273972517,6206.036095585846,9488.659147470513
2023-05-07,2023,BTC Neutral | Normal MVRV | Realized Growth Leading,sma_340d_weight,False,sma_340d_weight,0.0019564493040888126,0.0027397260273972516,28482.849999999602,1.9564493040888127,2.7397260273972517,6868.8677716199045,9618.861972721445
2023-05-08,2023,BTC Neutral | Normal MVRV | Realized Growth Leading,sma_340d_weight,False,sma_340d_weight,0.002055569907872602,0.0027397260273972516,27696.499999999887,2.0555699078726017,2.7397260273972517,7421.7677608095255,9891.957566469637
2023-05-09,2023,BTC Neutral | Normal MVRV | Market Growth Leading,stacksats_mvrv_weight,False,sma_340d_weight,0.0022549753478728527,0.0027397260273972516,27606.25999999985,2.2549753478728527,2.7397260273972517,8168.347859771171,9924.292632892926
2023-05-10,2023,BTC Neutral | Normal MVRV | Market Growth Leading,stacksats_mvrv_weight,False,sma_340d_weight,0.0024233240689063517,0.0027397260273972516,27624.009999999656,2.4233240689063518,2.7397260273972517,8772.5282061018,9917.915709548633
2023-05-11,2023,BTC Neutral | Normal MVRV | Market Growth Leading,stacksats_mvrv_weight,False,sma_340d_weight,0.0024386978986155085,0.0027397260273972516,26995.269999999928,2.4386978986155086,2.7397260273972517,9033.797026721773,10148.911373723096
2023-05-12,2023,BTC Neutral | Normal MVRV | Market Growth Leading,stacksats_mvrv_weight,False,sma_340d_weight,0.0024413375635377065,0.0027397260273972516,26808.839999999826,2.4413375635377066,2.7397260273972517,9106.46474647065,10219.48740563661
2023-05-13,2023,BTC Neutral | Normal MVRV | Market Growth Leading,stacksats_mvrv_weight,False,sma_340d_weight,0.002520426734523905,0.0027397260273972516,26803.95999999989,2.520426734523905,2.7397260273972517,9403.187941348648,10221.347992599836
2023-05-14,2023,BTC Neutral | Normal MVRV | Market Growth Leading,stacksats_mvrv_weight,False,sma_340d_weight,0.0025465741874692075,0.0027397260273972516,26929.97999999995,2.5465741874692074,2.7397260273972517,9456.279534812918,10173.51675492242
2023-05-15,2023,BTC Neutral | Normal MVRV | Market Growth Leading,stacksats_mvrv_weight,False,sma_340d_weight,0.002550276159905037,0.0027397260273972516,27276.789999999986,2.550276159905037,2.7397260273972517,9349.619804621578,10044.165854549796
2023-05-16,2023,BTC Neutral | Normal MVRV | Market Growth Leading,stacksats_mvrv_weight,False,sma_340d_weight,0.0025379424014435694,0.0027397260273972516,27036.809999999936,2.5379424014435696,2.7397260273972517,9386.989076905062,10133.318344128831
2023-05-17,2023,BTC Neutral | Normal MVRV | Market Growth Leading,stacksats_mvrv_weight,False,sma_340d_weight,0.0024994024864348333,0.0027397260273972516,27407.769999999873,2.499402486434833,2.7397260273972517,9119.320858409294,9996.165420963707
2023-05-18,2023,BTC Neutral | Normal MVRV | Market Growth Leading,stacksats_mvrv_weight,False,sma_340d_weight,0.0025319457582141072,0.0027397260273972516,26824.29999999961,2.5319457582141074,2.7397260273972517,9439.000302763332,10213.597474667715
2023-05-19,2023,BTC Bull | Normal MVRV | Market Growth Leading,stacksats_mvrv_weight,False,sma_340d_weight,0.002490785364230802,0.0027397260273972516,26889.439999999853,2.4907853642308018,2.7397260273972517,9263.061500093774,10188.854908831372
2023-05-20,2023,BTC Bull | Normal MVRV | Market Growth Leading,stacksats_mvrv_weight,False,sma_340d_weight,0.002564986288535899,0.0027397260273972516,27113.60999999989,2.5649862885358994,2.7397260273972517,9460.143037153333,10104.615458425722
2023-05-21,2023,BTC Bull | Normal MVRV | Market Growth Leading,stacksats_mvrv_weight,False,sma_340d_weight,0.0025597686748968047,0.0027397260273972516,26780.869999999602,2.5597686748968047,2.7397260273972517,9558.198351647436,10230.160660939291
2023-05-22,2023,BTC Bull | Normal MVRV | Market Growth Leading,stacksats_mvrv_weight,False,sma_340d_weight,0.0025353230615235128,0.0027397260273972516,26854.729999999632,2.535323061523513,2.7397260273972517,9440.880848638388,10202.024103006395
2023-05-23,2023,BTC Bull | Normal MVRV | Market Growth Leading,stacksats_mvrv_weight,False,sma_340d_weight,0.0025791321690331855,0.0027397260273972516,27233.109999999782,2.5791321690331857,2.7397260273972517,9470.57522638144,10060.275992706209
2023-05-24,2023,BTC Bull | Normal MVRV | Market Growth Leading,stacksats_mvrv_weight,False,sma_340d_weight,0.002572571710149083,0.0027397260273972516,26338.869999999857,2.572571710149083,2.7397260273972517,9767.20607280835,10401.835869941522
2023-05-25,2023,BTC Bull | Normal MVRV | Market Growth Leading,stacksats_mvrv_weight,False,sma_340d_weight,0.0025291577924763655,0.0027397260273972516,26476.65999999968,2.5291577924763655,2.7397260273972517,9552.404995480534,10347.702570480133
2023-05-26,2023,BTC Bull | Normal MVRV | Market Growth Leading,stacksats_mvrv_weight,False,sma_340d_weight,0.002642963348258565,0.0027397260273972516,26705.91999999963,2.642963348258565,2.7397260273972517,9896.544841962388,10258.871543827321
2023-05-27,2023,BTC Bull | Normal MVRV | Market Growth Leading,stacksats_mvrv_weight,False,sma_340d_weight,0.002627162460162329,0.0027397260273972516,26852.13999999964,2.627162460162329,2.7397260273972517,9783.810378473985,10203.008130440585
2023-05-28,2023,BTC Bull | Normal MVRV | Market Growth Leading,stacksats_mvrv_weight,False,sma_340d_weight,0.0026002922843021154,0.0027397260273972516,28088.95999999973,2.6002922843021152,2.7397260273972517,9257.34624671807,9753.746765267486
2023-05-29,2023,BTC Bull | Normal MVRV | Market Growth Leading,stacksats_mvrv_weight,False,sma_340d_weight,0.002584370867392947,0.0027397260273972516,27736.399999999496,2.584370867392947,2.7397260273972517,9317.614641384585,9877.727561606054
2023-05-30,2023,BTC Bull | Normal MVRV | Market Growth Leading,stacksats_mvrv_weight,False,sma_340d_weight,0.0024396162129187364,0.0027397260273972516,27707.839999999993,2.4396162129187364,2.7397260273972517,8804.78670628507,9887.909080596874
2023-05-31,2023,BTC Bull | Normal MVRV | Market Growth Leading,stacksats_mvrv_weight,False,sma_340d_weight,0.0024847407151003154,0.0027397260273972516,27240.009999999533,2.4847407151003154,2.7397260273972517,9121.658601081122,10057.727685846292
2023-06-01,2023,BTC Bull | Normal MVRV | Market Growth Leading,stacksats_mvrv_weight,False,sma_340d_weight,0.0024917519252053355,0.0027397260273972516,26798.64999999983,2.4917519252053353,2.7397260273972517,9298.050182398558,10223.373294540093
2023-06-02,2023,BTC Bull | Normal MVRV | Market Growth Leading,stacksats_mvrv_weight,False,sma_340d_weight,0.0025511329166264763,0.0027397260273972516,27241.32999999998,2.5511329166264765,2.7397260273972517,9364.93525325848,10057.24033076672
2023-06-03,2023,BTC Bull | Normal MVRV | Market Growth Leading,stacksats_mvrv_weight,False,sma_340d_weight,0.002608099836293227,0.0027397260273972516,27074.09999999952,2.608099836293227,2.7397260273972517,9633.191265058758,10119.361409602907
2023-06-04,2023,BTC Bull | Normal MVRV | Market Growth Leading,stacksats_mvrv_weight,False,sma_340d_weight,0.002555798347778605,0.0027397260273972516,27115.209999999523,2.5557983477786053,2.7397260273972517,9425.699995606341,10104.019210610208
2023-06-05,2023,BTC Bull | Normal MVRV | Market Growth Leading,stacksats_mvrv_weight,False,sma_340d_weight,0.0025788914236592256,0.0027397260273972516,25738.079999999874,2.5788914236592255,2.7397260273972517,10019.750593903034,10644.64026608537
2023-06-06,2023,BTC Bull | Normal MVRV | Market Growth Leading,stacksats_mvrv_weight,False,sma_340d_weight,0.002576270188215755,0.0027397260273972516,27179.38999999965,2.576270188215755,2.7397260273972517,9478.763828826874,10080.160104392655
2023-06-07,2023,BTC Bull | Normal MVRV | Realized Growth Leading,sma_340d_weight,False,sma_340d_weight,0.0027543998011050168,0.0027397260273972516,26364.809999999536,2.754399801105017,2.7397260273972517,10447.258300382462,10391.601636413461
2023-06-08,2023,BTC Bull | Normal MVRV | Market Growth Leading,stacksats_mvrv_weight,False,sma_340d_weight,0.002688746804915347,0.0027397260273972516,26493.439999999668,2.6887468049153473,2.7397260273972517,10148.726646729836,10341.148704725721
2023-06-09,2023,BTC Bull | Normal MVRV | Market Growth Leading,stacksats_mvrv_weight,False,sma_340d_weight,0.0026753167288300194,0.0027397260273972516,26474.69999999995,2.6753167288300195,2.7397260273972517,10105.182415022737,10348.468641371788
2023-06-10,2023,BTC Bull | Normal MVRV | Market Growth Leading,stacksats_mvrv_weight,False,sma_340d_weight,0.002660061915030471,0.0027397260273972516,25841.209999999544,2.660061915030471,2.7397260273972517,10293.875228870933,10602.15844148668
2023-06-11,2023,BTC Bull | Normal MVRV | Market Growth Leading,stacksats_mvrv_weight,False,sma_340d_weight,0.002663795760757461,0.0027397260273972516,25920.869999999653,2.663795760757461,2.7397260273972517,10276.644884054806,10569.575895397371
2023-06-12,2023,BTC Bull | Normal MVRV | Market Growth Leading,stacksats_mvrv_weight,False,sma_340d_weight,0.0027473534815731964,0.0027397260273972516,25887.53999999991,2.7473534815731964,2.7397260273972517,10612.647944042601,10583.184139540726
2023-06-13,2023,BTC Bull | Normal MVRV | Market Growth Leading,stacksats_mvrv_weight,False,sma_340d_weight,0.0027370782926161605,0.0027397260273972516,25898.449999999517,2.7370782926161605,2.7397260273972517,10568.502333599932,10578.72585964528
2023-06-14,2023,BTC Bull | Normal MVRV | Market Growth Leading,stacksats_mvrv_weight,False,sma_340d_weight,0.002741842612769814,0.0027397260273972516,25130.889999999526,2.741842612769814,2.7397260273972517,10910.248752709775,10901.826506730575
2023-06-15,2023,BTC Bull | Normal MVRV | Market Growth Leading,stacksats_mvrv_weight,False,sma_340d_weight,0.0027407081209683466,0.0027397260273972516,25574.989999999856,2.7407081209683466,2.7397260273972517,10716.360479391633,10712.520424826234
2023-06-16,2023,BTC Bull | Normal MVRV | Market Growth Leading,stacksats_mvrv_weight,False,sma_340d_weight,0.0028446880473325985,0.0027397260273972516,26342.539999999735,2.8446880473325984,2.7397260273972517,10798.837345725306,10400.386703018308
2023-06-17,2023,BTC Bull | Normal MVRV | Market Growth Leading,stacksats_mvrv_weight,False,sma_340d_weight,0.0027831469166241635,0.0027397260273972516,26504.889999999526,2.7831469166241636,2.7397260273972517,10500.503554718443,10336.681372370535
2023-06-18,2023,BTC Bull | Normal MVRV | Market Growth Leading,stacksats_mvrv_weight,False,sma_340d_weight,0.0026820539500789194,0.0027397260273972516,26341.749999999654,2.6820539500789193,2.7397260273972517,10181.760703366157,10400.698614926068
2023-06-19,2023,BTC Bull | Normal MVRV | Market Growth Leading,stacksats_mvrv_weight,False,sma_340d_weight,0.00266231184531121,0.0027397260273972516,26825.989999999772,2.6623118453112102,2.7397260273972517,9924.375000927208,10212.95403225482
2023-06-20,2023,BTC Bull | Normal MVRV | Market Growth Leading,stacksats_mvrv_weight,False,sma_340d_weight,0.002684403024602668,0.0027397260273972516,28365.249999999556,2.684403024602668,2.7397260273972517,9463.703033122254,9658.740985527342
2023-06-21,2023,BTC Bull | Normal MVRV | Market Growth Leading,stacksats_mvrv_weight,False,sma_340d_weight,0.002624042718730189,0.0027397260273972516,29993.88999999994,2.624042718730189,2.7397260273972517,8748.590858772217,9134.280439773756
2023-06-22,2023,BTC Bull | Normal MVRV | Market Growth Leading,stacksats_mvrv_weight,False,sma_340d_weight,0.002442100582911157,0.0027397260273972516,29950.95999999965,2.442100582911157,2.7397260273972517,8153.663798793714,9147.372997050124
2023-06-23,2023,BTC Bull | Normal MVRV | Market Growth Leading,stacksats_mvrv_weight,False,sma_340d_weight,0.0022687662759670515,0.0027397260273972516,30577.98999999951,2.2687662759670513,2.7397260273972517,7419.605657425775,8959.797643328733
2023-06-24,2023,BTC Bull | Normal MVRV | Market Growth Leading,stacksats_mvrv_weight,False,sma_340d_weight,0.0022786962002502896,0.0027397260273972516,30501.739999999652,2.2786962002502897,2.7397260273972517,7470.708884969564,8982.195859637131
2023-06-25,2023,BTC Bull | Normal MVRV | Market Growth Leading,stacksats_mvrv_weight,False,sma_340d_weight,0.0022199081976308067,0.0027397260273972516,30458.6399999996,2.2199081976308066,2.7397260273972517,7288.270906484451,8994.905968872174
2023-06-26,2023,BTC Bull | Normal MVRV | Market Growth Leading,stacksats_mvrv_weight,False,sma_340d_weight,0.002233516010109553,0.0027397260273972516,30267.98999999951,2.233516010109553,2.7397260273972517,7379.1355491712175,9051.562483657804
2023-06-27,2023,BTC Bull | Normal MVRV | Market Growth Leading,stacksats_mvrv_weight,False,sma_340d_weight,0.0022436555242082135,0.0027397260273972516,30683.289999999608,2.2436555242082137,2.7397260273972517,7312.304267919908,8929.049092836156
2023-06-28,2023,BTC Bull | Normal MVRV | Market Growth Leading,stacksats_mvrv_weight,False,sma_340d_weight,0.002268812080023268,0.0027397260273972516,30084.009999999485,2.2688120800232676,2.7397260273972517,7541.587973223339,9106.91768616384
2023-06-29,2023,BTC Bull | Normal MVRV | Market Growth Leading,stacksats_mvrv_weight,False,sma_340d_weight,0.002231925648416907,0.0027397260273972516,30455.25999999965,2.231925648416907,2.7397260273972517,7328.539137137338,8995.904245760119
2023-06-30,2023,BTC Bull | Normal MVRV | Market Growth Leading,stacksats_mvrv_weight,False,sma_340d_weight,0.0022991175760844044,0.0027397260273972516,30491.22999999958,2.2991175760844045,2.7397260273972517,7540.258546750775,8985.29192622695
2023-07-01,2023,BTC Bull | Normal MVRV | Market Growth Leading,stacksats_mvrv_weight,False,sma_340d_weight,0.0022658004716102874,0.0027397260273972516,30584.769999999866,2.2658004716102873,2.7397260273972517,7408.26388954469,8957.811444706838
2023-07-02,2023,BTC Bull | Normal MVRV | Market Growth Leading,stacksats_mvrv_weight,False,sma_340d_weight,0.002267495889144187,0.0027397260273972516,30630.549999999886,2.267495889144187,2.7397260273972517,7402.726654089447,8944.423222558073
2023-07-03,2023,BTC Bull | Normal MVRV | Market Growth Leading,stacksats_mvrv_weight,False,sma_340d_weight,2.298675626532877e-05,0.0027397260273972516,31129.089999999724,0.02298675626532877,2.7397260273972517,73.84332874918275,8801.176094120567
2023-07-04,2023,BTC Bull | Normal MVRV | Market Growth Leading,stacksats_mvrv_weight,False,sma_340d_weight,2.2622447643176722e-05,0.0027397260273972516,30775.179999999986,0.02262244764317672,2.7397260273972517,73.50874192507317,8902.388312260897
2023-07-05,2023,BTC Bull | Normal MVRV | Market Growth Leading,stacksats_mvrv_weight,False,sma_340d_weight,1.9676310085762442e-05,0.0027397260273972516,30517.27999999965,0.01967631008576244,2.7397260273972517,64.47596275212818,8977.621948605129
2023-07-06,2023,BTC Bull | Normal MVRV | Market Growth Leading,stacksats_mvrv_weight,False,sma_340d_weight,2.102863556063515e-05,0.0027397260273972516,29965.839999999873,0.02102863556063515,2.7397260273972517,70.17535820999925,9142.830727913062
2023-07-07,2023,BTC Bull | Normal MVRV | Market Growth Leading,stacksats_mvrv_weight,False,sma_340d_weight,2.88496504518756e-05,0.0027397260273972516,30345.959999999835,0.0288496504518756,2.7397260273972517,95.06916390806472,9028.30567033393
2023-07-08,2023,BTC Bull | Normal MVRV | Market Growth Leading,stacksats_mvrv_weight,False,sma_340d_weight,5.287375292132359e-05,0.0027397260273972516,30226.829999999874,0.05287375292132359,2.7397260273972517,174.92324839000256,9063.888033899893
2023-07-09,2023,BTC Bull | Normal MVRV | Market Growth Leading,stacksats_mvrv_weight,False,sma_340d_weight,3.4972751843365326e-05,0.0027397260273972516,30159.98999999987,0.034972751843365325,2.7397260273972517,115.95743845858527,9083.97525130898
2023-07-10,2023,BTC Bull | Normal MVRV | Market Growth Leading,stacksats_mvrv_weight,False,sma_340d_weight,3.793863921967193e-05,0.0027397260273972516,30411.72999999995,0.03793863921967193,2.7397260273972517,124.75001987612013,9008.78058366708
2023-07-11,2023,BTC Bull | Normal MVRV | Market Growth Leading,stacksats_mvrv_weight,False,sma_340d_weight,4.410874049062853e-05,0.0027397260273972516,30613.98999999983,0.04410874049062853,2.7397260273972517,144.08033872954417,8949.261521929246
2023-07-12,2023,BTC Bull | Normal MVRV | Market Growth Leading,stacksats_mvrv_weight,False,sma_340d_weight,3.6020876466406726e-05,0.0027397260273972516,30391.989999999532,0.036020876466406726,2.7397260273972517,118.52095393031941,9014.63190596369
2023-07-13,2023,BTC Bull | Normal MVRV | Market Growth Leading,stacksats_mvrv_weight,False,sma_340d_weight,3.0394192709056646e-05,0.0027397260273972516,31454.22999999975,0.030394192709056647,2.7397260273972517,96.62990545009968,8710.19900152467
2023-07-14,2023,BTC Bull | Normal MVRV | Market Growth Leading,stacksats_mvrv_weight,False,sma_340d_weight,3.991890623713186e-05,0.0027397260273972516,30301.8599999998,0.03991890623713186,2.7397260273972517,131.73747828394733,9041.445071019632
2023-07-15,2023,BTC Bull | Normal MVRV | Market Growth Leading,stacksats_mvrv_weight,False,sma_340d_weight,2.0725841813859725e-05,0.0027397260273972516,30279.419999999573,0.020725841813859724,2.7397260273972517,68.44860903498157,9048.145662622634
2023-07-16,2023,BTC Bull | Normal MVRV | Market Growth Leading,stacksats_mvrv_weight,False,sma_340d_weight,4.641244376560141e-05,0.0027397260273972516,30235.99999999959,0.046412443765601406,2.7397260273972517,153.50060777087592,9061.139130166983
2023-07-17,2023,BTC Bull | Normal MVRV | Market Growth Leading,stacksats_mvrv_weight,False,sma_340d_weight,4.986237853009708e-05,0.0027397260273972516,30155.65999999991,0.04986237853009708,2.7397260273972517,165.3499824911716,9085.279603886169
2023-07-18,2023,BTC Bull | Normal MVRV | Market Growth Leading,stacksats_mvrv_weight,False,sma_340d_weight,5.372128990321181e-05,0.0027397260273972516,29850.539999999484,0.05372128990321181,2.7397260273972517,179.9675647516351,9178.145612767135
2023-07-19,2023,BTC Bull | Normal MVRV | Market Growth Leading,stacksats_mvrv_weight,False,sma_340d_weight,6.00160142017049e-05,0.0027397260273972516,29937.809999999627,0.060016014201704895,2.7397260273972517,200.46895281153047,9151.390924711211
2023-07-20,2023,BTC Bull | Normal MVRV | Market Growth Leading,stacksats_mvrv_weight,False,sma_340d_weight,8.384212615782693e-05,0.0027397260273972516,29799.999999999953,0.08384212615782694,2.7397260273972517,281.34941663700357,9193.711501333073
2023-07-21,2023,BTC Bull | Normal MVRV | Market Growth Leading,stacksats_mvrv_weight,False,sma_340d_weight,8.210976390306836e-05,0.0027397260273972516,29900.81999999969,0.08210976390306836,2.7397260273972517,274.60706396369466,9162.712017253307
2023-07-22,2023,BTC Bull | Normal MVRV | Market Growth Leading,stacksats_mvrv_weight,False,sma_340d_weight,9.527243731256598e-05,0.0027397260273972516,29735.70999999995,0.09527243731256597,2.7397260273972517,320.3973852064274,9213.588736900032
2023-07-23,2023,BTC Bull | Normal MVRV | Market Growth Leading,stacksats_mvrv_weight,False,sma_340d_weight,8.55588349586844e-05,0.0027397260273972516,30073.97999999986,0.0855588349586844,2.7397260273972517,284.4945529613466,9109.954942436167
2023-07-24,2023,BTC Bull | Normal MVRV | Market Growth Leading,stacksats_mvrv_weight,False,sma_340d_weight,0.00010252997152968311,0.0027397260273972516,29184.119999999773,0.10252997152968311,2.7397260273972517,351.3211004124295,9387.72876275616
2023-07-25,2023,BTC Bull | Normal MVRV | Market Growth Leading,stacksats_mvrv_weight,False,sma_340d_weight,7.619422382831281e-05,0.0027397260273972516,29232.079999999733,0.07619422382831281,2.7397260273972517,260.65276172038904,9372.326660974097
2023-07-26,2023,BTC Bull | Normal MVRV | Market Growth Leading,stacksats_mvrv_weight,False,sma_340d_weight,0.00019735357928431815,0.0027397260273972516,29329.51999999996,0.19735357928431815,2.7397260273972517,672.8837679045495,9341.189448027977
2023-07-27,2023,BTC Bull | Normal MVRV | Market Growth Leading,stacksats_mvrv_weight,False,sma_340d_weight,0.00019117346030629443,0.0027397260273972516,29222.779999999908,0.19117346030629442,2.7397260273972517,654.1932708191864,9375.309355910904
2023-07-28,2023,BTC Bull | Normal MVRV | Market Growth Leading,stacksats_mvrv_weight,False,sma_340d_weight,0.00017364527340674117,0.0027397260273972516,29305.99999999993,0.17364527340674116,2.7397260273972517,592.524648217913,9348.686369334806
2023-07-29,2023,BTC Bull | Normal MVRV | Market Growth Leading,stacksats_mvrv_weight,False,sma_340d_weight,0.00019697450514329535,0.0027397260273972516,29352.34999999958,0.19697450514329534,2.7397260273972517,671.0689438607068,9333.9239529281
2023-07-30,2023,BTC Bull | Normal MVRV | Market Growth Leading,stacksats_mvrv_weight,False,sma_340d_weight,0.0001645698577719155,0.0027397260273972516,29279.989999999652,0.1645698577719155,2.7397260273972517,562.0557171362334,9356.990994181639
2023-07-31,2023,BTC Bull | Normal MVRV | Market Growth Leading,stacksats_mvrv_weight,False,sma_340d_weight,0.00016007657226551966,0.0027397260273972516,29203.989999999885,0.16007657226551966,2.7397260273972517,548.1325403327431,9381.341479014554
2023-08-01,2023,BTC Bull | Normal MVRV | Market Growth Leading,stacksats_mvrv_weight,False,sma_340d_weight,0.00017782697491065079,0.0027397260273972516,29683.999999999673,0.17782697491065078,2.7397260273972517,599.0667528320063,9229.638954983433
2023-08-02,2023,BTC Bull | Normal MVRV | Market Growth Leading,stacksats_mvrv_weight,False,sma_340d_weight,0.00019088741456217302,0.0027397260273972516,29145.979999999578,0.190887414562173,2.7397260273972517,654.935653432054,9400.013406299227
2023-08-03,2023,BTC Bull | Normal MVRV | Market Growth Leading,stacksats_mvrv_weight,False,sma_340d_weight,0.00011926819062869164,0.0027397260273972516,29230.00999999988,0.11926819062869164,2.7397260273972517,408.03335554347103,9372.990386925161
2023-08-04,2023,BTC Bull | Normal MVRV | Market Growth Leading,stacksats_mvrv_weight,False,sma_340d_weight,0.0002098522509801034,0.0027397260273972516,29065.11999999954,0.2098522509801034,2.7397260273972517,722.0071721021855,9426.16451401988
2023-08-05,2023,BTC Bull | Normal MVRV | Market Growth Leading,stacksats_mvrv_weight,False,sma_340d_weight,0.00020208347509635344,0.0027397260273972516,29078.309999999838,0.20208347509635344,2.7397260273972517,694.9629297450731,9421.888780322057
2023-08-06,2023,BTC Bull | Normal MVRV | Market Growth Leading,stacksats_mvrv_weight,False,sma_340d_weight,0.00022984285116724044,0.0027397260273972516,29095.99999999971,0.22984285116724043,2.7397260273972517,789.9465602393549,9416.160391109703
2023-08-07,2023,BTC Bull | Normal MVRV | Market Growth Leading,stacksats_mvrv_weight,False,sma_340d_weight,0.00023804815960981084,0.0027397260273972516,29213.409999999873,0.23804815960981085,2.7397260273972517,814.8592020233581,9378.316421798289
2023-08-08,2023,BTC Bull | Normal MVRV | Market Growth Leading,stacksats_mvrv_weight,False,sma_340d_weight,0.00024667371231246567,0.0027397260273972516,29779.33999999967,0.24667371231246568,2.7397260273972517,828.3384128475259,9200.089818636954
2023-08-09,2023,BTC Bull | Normal MVRV | Market Growth Leading,stacksats_mvrv_weight,False,sma_340d_weight,0.00021727213263791128,0.0027397260273972516,29607.409999999807,0.21727213263791129,2.7397260273972517,733.8437662663256,9253.51466878484
2023-08-10,2023,BTC Bull | Normal MVRV | Market Growth Leading,stacksats_mvrv_weight,False,sma_340d_weight,0.00012443059506830038,0.0027397260273972516,29455.759999999602,0.12443059506830038,2.7397260273972517,422.43213235137057,9301.155452778297
2023-08-11,2023,BTC Bull | Normal MVRV | Market Growth Leading,stacksats_mvrv_weight,False,sma_340d_weight,0.00016019127693706146,0.0027397260273972516,29426.029999999835,0.16019127693706145,2.7397260273972517,544.3863033411654,9310.552688885544
2023-08-12,2023,BTC Bull | Normal MVRV | Market Growth Leading,stacksats_mvrv_weight,False,sma_340d_weight,0.00018611417170346942,0.0027397260273972516,29430.169999999693,0.18611417170346942,2.7397260273972517,632.3924452474157,9309.242955094314
2023-08-13,2023,BTC Bull | Normal MVRV | Market Growth Leading,stacksats_mvrv_weight,False,sma_340d_weight,0.00019545245460932592,0.0027397260273972516,29304.599999999784,0.19545245460932592,2.7397260273972517,666.9685121425557,9349.13299412813
2023-08-14,2023,BTC Bull | Normal MVRV | Market Growth Leading,stacksats_mvrv_weight,False,sma_340d_weight,0.0001969877813458957,0.0027397260273972516,29430.919999999962,0.1969877813458957,2.7397260273972517,669.3225401920699,9309.005723902805
2023-08-15,2023,BTC Bull | Normal MVRV | Market Growth Leading,stacksats_mvrv_weight,False,sma_340d_weight,0.000226455413355759,0.0027397260273972516,29199.99999999965,0.226455413355759,2.7397260273972517,775.5322375197319,9382.62338149755
2023-08-16,2023,BTC Bull | Normal MVRV | Market Growth Leading,stacksats_mvrv_weight,False,sma_340d_weight,0.0001935231331821071,0.0027397260273972516,28730.509999999533,0.1935231331821071,2.7397260273972517,673.5805705576067,9535.946376856158
2023-08-17,2023,BTC Bull | Normal MVRV | Market Growth Leading,stacksats_mvrv_weight,False,sma_340d_weight,0.00023494831017729416,0.0027397260273972516,26659.99999999974,0.23494831017729415,2.7397260273972517,881.2764822854328,10276.541738174337
2023-08-18,2023,BTC Bull | Normal MVRV | Market Growth Leading,stacksats_mvrv_weight,False,sma_340d_weight,0.00039316670217964925,0.0027397260273972516,26056.009999999602,0.3931667021796493,2.7397260273972517,1508.929042396189,10514.756585514411
2023-08-19,2023,BTC Bull | Normal MVRV | Market Growth Leading,stacksats_mvrv_weight,False,sma_340d_weight,0.0043572632593222825,0.0027397260273972516,26090.439999999904,4.357263259322282,2.7397260273972517,16700.61240562558,10500.880887395006
2023-08-20,2023,BTC Bull | Normal MVRV | Market Growth Leading,stacksats_mvrv_weight,False,sma_340d_weight,0.008487158490451844,0.0027397260273972516,26168.009999999507,8.487158490451844,2.7397260273972517,32433.33555150737,10469.753058781707
2023-08-21,2023,BTC Bull | Normal MVRV | Market Growth Leading,stacksats_mvrv_weight,False,sma_340d_weight,0.007911890001377073,0.0027397260273972516,26126.929999999782,7.911890001377073,2.7397260273972517,30282.509278270118,10486.21490315653
2023-08-22,2023,BTC Bull | Normal MVRV | Market Growth Leading,stacksats_mvrv_weight,False,sma_340d_weight,0.006817935669669527,0.0027397260273972516,26059.98999999965,6.817935669669527,2.7397260273972517,26162.464642809224,10513.150724145667
2023-08-23,2023,BTC Bull | Normal MVRV | Market Growth Leading,stacksats_mvrv_weight,False,sma_340d_weight,0.007082360363742448,0.0027397260273972516,26427.99999999951,7.082360363742448,2.7397260273972517,26798.699726587634,10366.755060531643
2023-08-24,2023,BTC Bull | Normal MVRV | Market Growth Leading,stacksats_mvrv_weight,False,sma_340d_weight,0.007376439586392697,0.0027397260273972516,26119.66999999999,7.376439586392697,2.7397260273972517,28240.93714198035,10489.129561733562
2023-08-25,2023,BTC Bull | Normal MVRV | Market Growth Leading,stacksats_mvrv_weight,False,sma_340d_weight,0.00475516745249947,0.0027397260273972516,26036.009999999587,4.75516745249947,2.7397260273972517,18263.8102093967,10522.833673044737
2023-08-26,2023,BTC Bull | Normal MVRV | Market Growth Leading,stacksats_mvrv_weight,False,sma_340d_weight,0.006145200804097006,0.0027397260273972516,26018.309999999605,6.145200804097006,2.7397260273972517,23618.75465430729,10529.992253137476
2023-08-27,2023,BTC Bull | Normal MVRV | Market Growth Leading,stacksats_mvrv_weight,False,sma_340d_weight,0.006795411384494003,0.0027397260273972516,26087.899999999852,6.7954113844940025,2.7397260273972517,26048.134899681616,10501.903286187342
2023-08-28,2023,BTC Bull | Normal MVRV | Market Growth Leading,stacksats_mvrv_weight,False,sma_340d_weight,0.007072848269679435,0.0027397260273972516,26111.979999999916,7.072848269679435,2.7397260273972517,27086.602661611483,10492.218619182691
2023-08-29,2023,BTC Bull | Normal MVRV | Market Growth Leading,stacksats_mvrv_weight,False,sma_340d_weight,0.006418322736498685,0.0027397260273972516,27648.289999999575,6.418322736498685,2.7397260273972517,23214.176126258746,9909.206057218344
2023-08-30,2023,BTC Bull | Normal MVRV | Market Growth Leading,stacksats_mvrv_weight,False,sma_340d_weight,0.006188727612314971,0.0027397260273972516,27296.939999999944,6.188727612314971,2.7397260273972517,22671.873156166897,10036.751472499325
2023-08-31,2023,BTC Bull | Normal MVRV | Market Growth Leading,stacksats_mvrv_weight,False,sma_340d_weight,0.001101511716758789,0.0027397260273972516,25941.679999999942,1.101511716758789,2.7397260273972517,4246.107872577224,10561.097150983505
2023-09-01,2023,BTC Bull | Normal MVRV | Market Growth Leading,stacksats_mvrv_weight,False,sma_340d_weight,0.0017136450865632379,0.0027397260273972516,25807.33999999965,1.7136450865632378,2.7397260273972517,6640.146123402337,10616.072897854985
2023-09-02,2023,BTC Bull | Normal MVRV | Market Growth Leading,stacksats_mvrv_weight,False,sma_340d_weight,0.00744169398345898,0.0027397260273972516,25861.339999999895,7.44169398345898,2.7397260273972517,28775.361150887813,10593.905912830747
2023-09-03,2023,BTC Bull | Normal MVRV | Market Growth Leading,stacksats_mvrv_weight,False,sma_340d_weight,0.008340617100094521,0.0027397260273972516,25967.27999999973,8.340617100094521,2.7397260273972517,32119.717968515022,10550.685429499279
2023-09-04,2023,BTC Bull | Normal MVRV | Market Growth Leading,stacksats_mvrv_weight,False,sma_340d_weight,0.007705906587520331,0.0027397260273972516,25819.41999999973,7.705906587520332,2.7397260273972517,29845.389972045894,10611.106010116728
2023-09-05,2023,BTC Bull | Normal MVRV | Market Growth Leading,stacksats_mvrv_weight,False,sma_340d_weight,0.006831133594365098,0.0027397260273972516,25799.799999999766,6.831133594365098,2.7397260273972517,26477.46724534748,10619.175448636332
2023-09-06,2023,BTC Bull | Normal MVRV | Market Growth Leading,stacksats_mvrv_weight,False,sma_340d_weight,0.00807529624821094,0.0027397260273972516,25774.929999999735,8.075296248210941,2.7397260273972517,31330.04143255103,10629.421796285304
2023-09-07,2023,BTC Bull | Normal MVRV | Market Growth Leading,stacksats_mvrv_weight,False,sma_340d_weight,0.008089705919476829,0.0027397260273972516,26246.879999999728,8.08970591947683,2.7397260273972517,30821.590678499357,10438.292198529045
2023-09-08,2023,BTC Bull | Normal MVRV | Market Growth Leading,stacksats_mvrv_weight,False,sma_340d_weight,0.008184626246969154,0.0027397260273972516,25910.499999999796,8.184626246969154,2.7397260273972517,31588.067567083686,10573.806091728346
2023-09-09,2023,BTC Bull | Normal MVRV | Market Growth Leading,stacksats_mvrv_weight,False,sma_340d_weight,0.004791786704317203,0.0027397260273972516,25903.539999999506,4.791786704317203,2.7397260273972517,18498.57858932522,10576.647158640493
2023-09-10,2023,BTC Bull | Normal MVRV | Market Growth Leading,stacksats_mvrv_weight,False,sma_340d_weight,0.006879931268770919,0.0027397260273972516,25840.69999999995,6.879931268770919,2.7397260273972517,26624.399759955933,10602.36768894518
2023-09-11,2023,BTC Neutral | Normal MVRV | Market Growth Leading,stacksats_mvrv_weight,False,sma_340d_weight,0.006908416872567342,0.0027397260273972516,25142.599999999882,6.908416872567342,2.7397260273972517,27476.93903004214,10896.749052990797
2023-09-12,2023,BTC Bull | Normal MVRV | Market Growth Leading,stacksats_mvrv_weight,False,sma_340d_weight,0.007329757877774472,0.0027397260273972516,25845.889999999963,7.3297578777744725,2.7397260273972517,28359.47176813986,10600.23867391394
2023-09-13,2023,BTC Bull | Normal MVRV | Market Growth Leading,stacksats_mvrv_weight,False,sma_340d_weight,0.014938002667479003,0.0027397260273972516,26221.999999999935,14.938002667479003,2.7397260273972517,56967.44210006499,10448.196275635948
2023-09-14,2023,BTC Bull | Normal MVRV | Market Growth Leading,stacksats_mvrv_weight,False,sma_340d_weight,0.006999296023184998,0.0027397260273972516,26506.899999999594,6.999296023184998,2.7397260273972517,26405.562412749532,10335.897548929877
2023-09-15,2023,BTC Bull | Normal MVRV | Market Growth Leading,stacksats_mvrv_weight,False,sma_340d_weight,0.004446123681636284,0.0027397260273972516,26610.159999999934,4.4461236816362835,2.7397260273972517,16708.368839707444,10295.789380436865
2023-09-16,2023,BTC Bull | Normal MVRV | Market Growth Leading,stacksats_mvrv_weight,False,sma_340d_weight,0.0031757812242377403,0.0027397260273972516,26548.239999999634,3.17578122423774,2.7397260273972517,11962.304183771821,10319.802847184179
2023-09-17,2023,BTC Bull | Normal MVRV | Market Growth Leading,stacksats_mvrv_weight,False,sma_340d_weight,0.0029307548161809915,0.0027397260273972516,26505.35999999999,2.9307548161809915,2.7397260273972517,11057.215658195146,10336.49807962334
2023-09-18,2023,BTC Bull | Normal MVRV | Market Growth Leading,stacksats_mvrv_weight,False,sma_340d_weight,0.0030718696440209903,0.0027397260273972516,26732.089999999833,3.0718696440209903,2.7397260273972517,11491.318651182939,10248.828383404623
2023-09-19,2023,BTC Bull | Normal MVRV | Market Growth Leading,stacksats_mvrv_weight,False,sma_340d_weight,0.0031766515828461316,0.0027397260273972516,27204.999999999698,3.1766515828461315,2.7397260273972517,11676.719657585616,10070.670933274332
2023-09-20,2023,BTC Bull | Normal MVRV | Market Growth Leading,stacksats_mvrv_weight,False,sma_340d_weight,0.0025213459695366414,0.0027397260273972516,27149.119999999602,2.5213459695366414,2.7397260273972517,9287.026502283235,10091.399011818034
2023-09-21,2023,BTC Bull | Normal MVRV | Market Growth Leading,stacksats_mvrv_weight,False,sma_340d_weight,0.0015326638560714,0.0027397260273972516,26556.96999999974,1.5326638560714,2.7397260273972517,5771.230136839463,10316.41044666345
2023-09-22,2023,BTC Bull | Normal MVRV | Market Growth Leading,stacksats_mvrv_weight,False,sma_340d_weight,0.0016975814172482389,0.0027397260273972516,26570.639999999603,1.6975814172482389,2.7397260273972517,6388.936876372809,10311.102884225946
2023-09-23,2023,BTC Bull | Normal MVRV | Market Growth Leading,stacksats_mvrv_weight,False,sma_340d_weight,0.0032102849695401278,0.0027397260273972516,26568.2999999999,3.210284969540128,2.7397260273972517,12083.140319629558,10312.011033439332
2023-09-24,2023,BTC Bull | Normal MVRV | Market Growth Leading,stacksats_mvrv_weight,False,sma_340d_weight,0.003145065603959958,0.0027397260273972516,26263.739999999696,3.145065603959958,2.7397260273972517,11974.934278057863,10431.591339989214
2023-09-25,2023,BTC Bull | Normal MVRV | Market Growth Leading,stacksats_mvrv_weight,False,sma_340d_weight,0.003155051422822059,0.0027397260273972516,26307.319999999836,3.155051422822059,2.7397260273972517,11993.055251626083,10414.310645847881
2023-09-26,2023,BTC Bull | Normal MVRV | Market Growth Leading,stacksats_mvrv_weight,False,sma_340d_weight,0.004628434832955604,0.0027397260273972516,26189.989999999558,4.6284348329556035,2.7397260273972517,17672.53379232173,10460.966298182237
2023-09-27,2023,BTC Bull | Normal MVRV | Market Growth Leading,stacksats_mvrv_weight,False,sma_340d_weight,0.0043774282027374545,0.0027397260273972516,26305.039999999895,4.3774282027374545,2.7397260273972517,16641.024696170287,10415.213310442648
2023-09-28,2023,BTC Bull | Normal MVRV | Market Growth Leading,stacksats_mvrv_weight,False,sma_340d_weight,0.004668859399444651,0.0027397260273972516,27033.219999999554,4.668859399444651,2.7397260273972517,17270.822341714113,10134.664044450854
2023-09-29,2023,BTC Bull | Normal MVRV | Market Growth Leading,stacksats_mvrv_weight,False,sma_340d_weight,0.003945299280948547,0.0027397260273972516,26920.129999999564,3.9452992809485465,2.7397260273972517,14655.572914947328,10177.2392161453
2023-09-30,2023,BTC Bull | Normal MVRV | Market Growth Leading,stacksats_mvrv_weight,False,sma_340d_weight,0.0019462459495326685,0.0027397260273972516,26973.22999999985,1.9462459495326685,2.7397260273972517,7215.472338806584,10157.204114587932
2023-10-01,2023,BTC Bull | Normal MVRV | Market Growth Leading,stacksats_mvrv_weight,False,sma_340d_weight,0.0021416815530715403,0.0027397260273972516,27971.299999999726,2.1416815530715403,2.7397260273972517,7656.710818129874,9794.775456976538
2023-10-02,2023,BTC Bull | Normal MVRV | Market Growth Leading,stacksats_mvrv_weight,False,sma_340d_weight,0.002027004148611344,0.0027397260273972516,27551.889999999737,2.027004148611344,2.7397260273972517,7357.042107134441,9943.876907890086
2023-10-03,2023,BTC Bull | Normal MVRV | Market Growth Leading,stacksats_mvrv_weight,False,sma_340d_weight,0.0006462049647161185,0.0027397260273972516,27433.49999999974,0.6462049647161184,2.7397260273972517,2355.532340810048,9986.789973562532
2023-10-04,2023,BTC Bull | Normal MVRV | Market Growth Leading,stacksats_mvrv_weight,False,sma_340d_weight,0.0011162658693776785,0.0027397260273972516,27778.55999999991,1.1162658693776786,2.7397260273972517,4018.44397037745,9862.735963985393
2023-10-05,2023,BTC Bull | Normal MVRV | Market Growth Leading,stacksats_mvrv_weight,False,sma_340d_weight,0.0012108688375383275,0.0027397260273972516,27436.36999999997,1.2108688375383274,2.7397260273972517,4413.371147634795,9985.745298657419
2023-10-06,2023,BTC Bull | Normal MVRV | Market Growth Leading,stacksats_mvrv_weight,False,sma_340d_weight,0.0007576662230057072,0.0027397260273972516,27939.99999999976,0.7576662230057072,2.7397260273972517,2711.7617144084243,9805.748129553598
2023-10-07,2023,BTC Bull | Normal MVRV | Market Growth Leading,stacksats_mvrv_weight,False,sma_340d_weight,0.0012031701914356986,0.0027397260273972516,27952.509999999795,1.2031701914356987,2.7397260273972517,4304.33686075314,9801.359618142598
2023-10-08,2023,BTC Bull | Normal MVRV | Market Growth Leading,stacksats_mvrv_weight,False,sma_340d_weight,0.00047122805683671694,0.0027397260273972516,27917.049999999683,0.4712280568367169,2.7397260273972517,1687.957921186953,9813.80922195319
2023-10-09,2023,BTC Bull | Normal MVRV | Market Growth Leading,stacksats_mvrv_weight,False,sma_340d_weight,0.00046252677866496193,0.0027397260273972516,27591.099999999846,0.46252677866496195,2.7397260273972517,1676.3622279103208,9929.745560696265
2023-10-10,2023,BTC Bull | Normal MVRV | Market Growth Leading,stacksats_mvrv_weight,False,sma_340d_weight,0.0004947714380654879,0.0027397260273972516,27389.169999999616,0.49477143806548796,2.7397260273972517,1806.4491843509493,10002.95382224905
2023-10-11,2023,BTC Bull | Normal MVRV | Market Growth Leading,stacksats_mvrv_weight,False,sma_340d_weight,0.000845879344392097,0.0027397260273972516,26875.519999999753,0.845879344392097,2.7397260273972517,3147.397127170394,10194.132159665289
2023-10-12,2023,BTC Bull | Normal MVRV | Market Growth Leading,stacksats_mvrv_weight,False,sma_340d_weight,0.0011306740311427534,0.0027397260273972516,26753.699999999855,1.1306740311427534,2.7397260273972517,4226.234244768983,10240.550007652275
2023-10-13,2023,BTC Bull | Normal MVRV | Market Growth Leading,stacksats_mvrv_weight,False,sma_340d_weight,0.002517666044531874,0.0027397260273972516,26847.459999999624,2.517666044531874,2.7397260273972517,9377.669412793273,10204.78670010977
2023-10-14,2023,BTC Bull | Normal MVRV | Market Growth Leading,stacksats_mvrv_weight,False,sma_340d_weight,0.0029466836520074856,0.0027397260273972516,26858.66999999977,2.9466836520074855,2.7397260273972517,10971.070615214792,10200.527529461717
2023-10-15,2023,BTC Bull | Normal MVRV | Market Growth Leading,stacksats_mvrv_weight,False,sma_340d_weight,0.0025007535053288626,0.0027397260273972516,27141.18999999965,2.5007535053288628,2.7397260273972517,9213.868313544452,10094.347474805958
2023-10-16,2023,BTC Bull | Normal MVRV | Market Growth Leading,stacksats_mvrv_weight,False,sma_340d_weight,0.002586971331320592,0.0027397260273972516,28502.07999999971,2.586971331320592,2.7397260273972517,9076.429970446432,9612.372245805496
2023-10-17,2023,BTC Bull | Normal MVRV | Market Growth Leading,stacksats_mvrv_weight,False,sma_340d_weight,0.0016123623543246146,0.0027397260273972516,28403.309999999547,1.6123623543246146,2.7397260273972517,5676.670621574177,9645.798420667505
2023-10-18,2023,BTC Bull | Normal MVRV | Market Growth Leading,stacksats_mvrv_weight,False,sma_340d_weight,0.00021631097390635248,0.0027397260273972516,28311.78999999957,0.21631097390635248,2.7397260273972517,764.0314296847913,9676.979192757835
2023-10-19,2023,BTC Bull | Normal MVRV | Market Growth Leading,stacksats_mvrv_weight,False,sma_340d_weight,0.0002565272067942981,0.0027397260273972516,28659.469999999947,0.2565272067942981,2.7397260273972517,895.0870577658922,9559.583716646739
2023-10-20,2023,BTC Bull | Normal MVRV | Market Growth Leading,stacksats_mvrv_weight,False,sma_340d_weight,0.0002962590712933774,0.0027397260273972516,29677.28,0.2962590712933774,2.7397260273972517,998.268949490578,9231.728876087202
2023-10-21,2023,BTC Bull | Normal MVRV | Market Growth Leading,stacksats_mvrv_weight,False,sma_340d_weight,0.0001637865179978081,0.0027397260273972516,29913.219999999717,0.1637865179978081,2.7397260273972517,547.5389075392407,9158.913775906698
2023-10-22,2023,BTC Bull | Normal MVRV | Market Growth Leading,stacksats_mvrv_weight,False,sma_340d_weight,4.162717833034788e-05,0.0027397260273972516,29992.459999999963,0.041627178330347875,2.7397260273972517,138.79214419340036,9134.715949932934
2023-10-23,2023,BTC Bull | Normal MVRV | Market Growth Leading,stacksats_mvrv_weight,False,sma_340d_weight,3.0161173513963995e-05,0.0027397260273972516,32845.199999999604,0.030161173513963996,2.7397260273972517,91.8282534859412,8341.328496697493
2023-10-24,2023,BTC Bull | Normal MVRV | Market Growth Leading,stacksats_mvrv_weight,False,sma_340d_weight,2.806283614199161e-05,0.0027397260273972516,33811.90999999953,0.02806283614199161,2.7397260273972517,82.9968970755926,8102.84313248583
2023-10-25,2023,BTC Bull | Normal MVRV | Market Growth Leading,stacksats_mvrv_weight,False,sma_340d_weight,2.1153046447970835e-05,0.0027397260273972516,34484.08999999979,0.021153046447970836,2.7397260273972517,61.34146630510175,7944.898726912232
2023-10-26,2023,BTC Bull | Normal MVRV | Market Growth Leading,stacksats_mvrv_weight,False,sma_340d_weight,2.122370633041275e-05,0.0027397260273972516,34159.06999999985,0.02122370633041275,2.7397260273972517,62.13197938472226,8020.4936123766365
2023-10-27,2023,BTC Bull | Normal MVRV | Market Growth Leading,stacksats_mvrv_weight,False,sma_340d_weight,2.1294362467626954e-05,0.0027397260273972516,33909.99999999954,0.021294362467626955,2.7397260273972517,62.79670441647668,8079.4043863087245
2023-10-28,2023,BTC Bull | Normal MVRV | Market Growth Leading,stacksats_mvrv_weight,False,sma_340d_weight,2.136501485991119e-05,0.0027397260273972516,34081.969999999674,0.02136501485991119,2.7397260273972517,62.687147661685614,8038.637518304481
2023-10-29,2023,BTC Bull | Normal MVRV | Market Growth Leading,stacksats_mvrv_weight,False,sma_340d_weight,2.1435663507563197e-05,0.0027397260273972516,34513.559999999925,0.021435663507563197,2.7397260273972517,62.10794686947172,7938.1148377543705
2023-10-30,2023,BTC Bull | Normal MVRV | Market Growth Leading,stacksats_mvrv_weight,False,sma_340d_weight,2.150630841088066e-05,0.0027397260273972516,34473.1399999996,0.021506308410880658,2.7397260273972517,62.38569625766875,7947.422333437811
2023-10-31,2023,BTC Bull | Normal MVRV | Market Growth Leading,stacksats_mvrv_weight,False,sma_340d_weight,2.1576949570161252e-05,0.0027397260273972516,34639.769999999946,0.021576949570161253,2.7397260273972517,62.289528972511334,7909.192316800186
2023-11-01,2023,BTC Bull | Normal MVRV | Market Growth Leading,stacksats_mvrv_weight,False,sma_340d_weight,2.1647586985702596e-05,0.0027397260273972516,35430.009999999864,0.021647586985702596,2.7397260273972517,61.09957910173516,7732.783669542464
2023-11-02,2023,BTC Bull | Normal MVRV | Market Growth Leading,stacksats_mvrv_weight,False,sma_340d_weight,2.1718220657802293e-05,0.0027397260273972516,34921.35999999984,0.02171822065780229,2.7397260273972517,62.191795101343104,7845.4161790871385
2023-11-03,2023,BTC Bull | Normal MVRV | Market Growth Leading,stacksats_mvrv_weight,False,sma_340d_weight,2.1788850586757917e-05,0.0027397260273972516,34707.29999999961,0.02178885058675792,2.7397260273972517,62.778869536835664,7893.803399853295
2023-11-04,2023,BTC Bull | Normal MVRV | Market Growth Leading,stacksats_mvrv_weight,False,sma_340d_weight,2.1859476772866994e-05,0.0027397260273972516,35056.789999999695,0.021859476772866995,2.7397260273972517,62.35447333559971,7815.108078626924
2023-11-05,2023,BTC Bull | Normal MVRV | Market Growth Leading,stacksats_mvrv_weight,False,sma_340d_weight,2.1930099216427048e-05,0.0027397260273972516,35090.64999999972,0.021930099216427048,2.7397260273972517,62.49556282493264,7807.5670510442915
2023-11-06,2023,BTC Bull | Normal MVRV | Market Growth Leading,stacksats_mvrv_weight,False,sma_340d_weight,2.200071791773553e-05,0.0027397260273972516,35011.99999999962,0.02200071791773553,2.7397260273972517,62.83764971362895,7825.105756304356
2023-11-07,2023,BTC Bull | Normal MVRV | Market Growth Leading,stacksats_mvrv_weight,False,sma_340d_weight,2.2071332877089905e-05,0.0027397260273972516,35394.48999999981,0.022071332877089907,2.7397260273972517,62.358103979150506,7740.543873911636
2023-11-08,2023,BTC Bull | Normal MVRV | Market Growth Leading,stacksats_mvrv_weight,False,sma_340d_weight,2.2141944094787567e-05,0.0027397260273972516,35787.25999999982,0.022141944094787567,2.7397260273972517,61.87102364022191,7655.590362037399
2023-11-09,2023,BTC Bull | Normal MVRV | Market Growth Leading,stacksats_mvrv_weight,False,sma_340d_weight,2.2212551571125908e-05,0.0027397260273972516,36707.779999999875,0.022212551571125908,2.7397260273972517,60.51183583187538,7463.611330887515
2023-11-10,2023,BTC Bull | Normal MVRV | Market Growth Leading,stacksats_mvrv_weight,False,sma_340d_weight,2.2283155306402267e-05,0.0027397260273972516,37317.83999999964,0.022283155306402267,2.7397260273972517,59.71180354061887,7341.598622528201
2023-11-11,2023,BTC Bull | Normal MVRV | Market Growth Leading,stacksats_mvrv_weight,False,sma_340d_weight,2.235375530091396e-05,0.0027397260273972516,36935.10999999999,0.02235375530091396,2.7397260273972517,60.52169683781628,7417.673935172393
2023-11-12,2023,BTC Bull | Normal MVRV | Market Growth Leading,stacksats_mvrv_weight,False,sma_340d_weight,2.242435155495828e-05,0.0027397260273972516,37049.39999999989,0.022424351554958283,2.7397260273972517,60.52554577120911,7394.791892438904
2023-11-13,2023,BTC Bull | Normal MVRV | Market Growth Leading,stacksats_mvrv_weight,False,sma_340d_weight,2.2494944068832473e-05,0.0027397260273972516,36568.61999999966,0.022494944068832474,2.7397260273972517,61.514336797048074,7492.013719405537
2023-11-14,2023,BTC Bull | Normal MVRV | Market Growth Leading,stacksats_mvrv_weight,False,sma_340d_weight,2.2565532842833768e-05,0.0027397260273972516,35535.99999999959,0.022565532842833767,2.7397260273972517,63.50048638798409,7709.719797943727
2023-11-15,2023,BTC Bull | Normal MVRV | Market Growth Leading,stacksats_mvrv_weight,False,sma_340d_weight,2.2636117877259347e-05,0.0027397260273972516,37772.91999999954,0.022636117877259346,2.7397260273972517,59.926841444240004,7253.1486244571115
2023-11-16,2023,BTC Bull | Normal MVRV | Market Growth Leading,stacksats_mvrv_weight,False,sma_340d_weight,2.2706699172406368e-05,0.0027397260273972516,36233.779999999664,0.022706699172406367,2.7397260273972517,62.667210466052886,7561.248170622212
2023-11-17,2023,BTC Bull | Normal MVRV | Market Growth Leading,stacksats_mvrv_weight,False,sma_340d_weight,2.277727672857197e-05,0.0027397260273972516,36539.99999999995,0.022777276728571973,2.7397260273972517,62.33518535460318,7497.8818483778205
2023-11-18,2023,BTC Bull | Normal MVRV | Market Growth Leading,stacksats_mvrv_weight,False,sma_340d_weight,2.2847850546053246e-05,0.0027397260273972516,36557.99999999958,0.022847850546053247,2.7397260273972517,62.49753965220611,7494.190129102476
2023-11-19,2023,BTC Bull | Normal MVRV | Market Growth Leading,stacksats_mvrv_weight,False,sma_340d_weight,2.291842062514725e-05,0.0027397260273972516,37475.18999999949,0.022918420625147252,2.7397260273972517,61.15624930826918,7310.772880397108
2023-11-20,2023,BTC Bull | Normal MVRV | Market Growth Leading,stacksats_mvrv_weight,False,sma_340d_weight,2.2988986966151023e-05,0.0027397260273972516,37465.87999999965,0.022988986966151023,2.7397260273972517,61.35979447473605,7312.589554542098
2023-11-21,2023,BTC Bull | Normal MVRV | Market Growth Leading,stacksats_mvrv_weight,False,sma_340d_weight,2.3059549569361563e-05,0.0027397260273972516,35802.569999999796,0.023059549569361563,2.7397260273972517,64.40752596632503,7652.316656031306
2023-11-22,2023,BTC Bull | Normal MVRV | Market Growth Leading,stacksats_mvrv_weight,False,sma_340d_weight,2.3130108435075843e-05,0.0027397260273972516,37453.08999999961,0.023130108435075843,2.7397260273972517,61.75754373023984,7315.086758922374
2023-11-23,2023,BTC Bull | Normal MVRV | Market Growth Leading,stacksats_mvrv_weight,False,sma_340d_weight,2.3200663563590805e-05,0.0027397260273972516,37310.969999999645,0.023200663563590806,2.7397260273972517,62.18188260340331,7342.950417524063
2023-11-24,2023,BTC Bull | Normal MVRV | Market Growth Leading,stacksats_mvrv_weight,False,sma_340d_weight,2.3271214955203347e-05,0.0027397260273972516,37713.56999999996,0.02327121495520335,2.7397260273972517,61.70515004334878,7264.562934236283
2023-11-25,2023,BTC Bull | Normal MVRV | Market Growth Leading,stacksats_mvrv_weight,False,sma_340d_weight,2.3341762610210355e-05,0.0027397260273972516,37785.84999999952,0.023341762610210356,2.7397260273972517,61.77381906245501,7250.666658014274
2023-11-26,2023,BTC Bull | Normal MVRV | Market Growth Leading,stacksats_mvrv_weight,False,sma_340d_weight,2.3412306528908666e-05,0.0027397260273972516,37505.909999999785,0.023412306528908664,2.7397260273972517,62.42297954884656,7304.784838968759
2023-11-27,2023,BTC Bull | Normal MVRV | Market Growth Leading,stacksats_mvrv_weight,False,sma_340d_weight,2.3482846711595097e-05,0.0027397260273972516,37104.039999999804,0.023482846711595097,2.7397260273972517,63.28919091181235,7383.902204173093
2023-11-28,2023,BTC Bull | Normal MVRV | Market Growth Leading,stacksats_mvrv_weight,False,sma_340d_weight,2.3553383158566425e-05,0.0027397260273972516,37842.079999999536,0.023553383158566425,2.7397260273972517,62.24124878591957,7239.892805567996
2023-11-29,2023,BTC Bull | Normal MVRV | Market Growth Leading,stacksats_mvrv_weight,False,sma_340d_weight,2.3623915870119403e-05,0.0027397260273972516,37815.15999999956,0.023623915870119402,2.7397260273972517,62.47207699271847,7245.046768008608
2023-11-30,2023,BTC Bull | Normal MVRV | Market Growth Leading,stacksats_mvrv_weight,False,sma_340d_weight,2.369444484655075e-05,0.0027397260273972516,37705.46999999977,0.02369444484655075,2.7397260273972517,62.84086857039813,7266.123529019181
2023-12-01,2023,BTC Bull | Normal MVRV | Market Growth Leading,stacksats_mvrv_weight,False,sma_340d_weight,2.376497008815715e-05,0.0027397260273972516,38676.76999999996,0.02376497008815715,2.7397260273972517,61.4450743641653,7083.647438494099
2023-12-02,2023,BTC Bull | Normal MVRV | Market Growth Leading,stacksats_mvrv_weight,False,sma_340d_weight,2.3835491595235257e-05,0.0027397260273972516,39450.34999999965,0.023835491595235257,2.7397260273972517,60.418961036430524,6944.744539395154
2023-12-03,2023,BTC Bull | Normal MVRV | Market Growth Leading,stacksats_mvrv_weight,False,sma_340d_weight,2.39060093680817e-05,0.0027397260273972516,39965.44999999971,0.0239060093680817,2.7397260273972517,59.81669008626669,6855.236278829017
2023-12-04,2023,BTC Bull | Normal MVRV | Market Growth Leading,stacksats_mvrv_weight,False,sma_340d_weight,2.397652340699308e-05,0.0027397260273972516,41888.48999999965,0.02397652340699308,2.7397260273972517,57.238929851597135,6540.522294781394
2023-12-05,2023,BTC Bull | Normal MVRV | Market Growth Leading,stacksats_mvrv_weight,False,sma_340d_weight,2.404703371226594e-05,0.0027397260273972516,44000.00999999986,0.02404703371226594,2.7397260273972517,54.65233692507347,6226.648647119082
2023-12-06,2023,BTC Bull | Normal MVRV | Market Growth Leading,stacksats_mvrv_weight,False,sma_340d_weight,2.4117540284196827e-05,0.0027397260273972516,43803.49999999995,0.024117540284196826,2.7397260273972517,55.05847771113462,6254.582458929663
2023-12-07,2023,BTC Bull | Normal MVRV | Market Growth Leading,stacksats_mvrv_weight,False,sma_340d_weight,2.4188043123082226e-05,0.0027397260273972516,43329.7299999995,0.024188043123082224,2.7397260273972517,55.82320296729867,6322.970457921809
2023-12-08,2023,BTC Bull | Normal MVRV | Market Growth Leading,stacksats_mvrv_weight,False,sma_340d_weight,2.425854222921861e-05,0.0027397260273972516,44170.989999999714,0.02425854222921861,2.7397260273972517,54.919625367732905,6202.546122233776
2023-12-09,2023,BTC Bull | Normal MVRV | Market Growth Leading,stacksats_mvrv_weight,False,sma_340d_weight,2.4329037602902417e-05,0.0027397260273972516,43713.59999999966,0.024329037602902417,2.7397260273972517,55.655534211098164,6267.445434366588
2023-12-10,2023,BTC Bull | Normal MVRV | Market Growth Leading,stacksats_mvrv_weight,False,sma_340d_weight,2.4399529244430048e-05,0.0027397260273972516,43776.24999999954,0.02439952924443005,2.7397260273972517,55.73691041245037,6258.475834264654
2023-12-11,2023,BTC Bull | Normal MVRV | Market Growth Leading,stacksats_mvrv_weight,False,sma_340d_weight,2.4470017154097886e-05,0.0027397260273972516,41230.03999999972,0.024470017154097887,2.7397260273972517,59.34997189936769,6644.975429073731
2023-12-12,2023,BTC Bull | Normal MVRV | Market Growth Leading,stacksats_mvrv_weight,False,sma_340d_weight,2.4540501332202255e-05,0.0027397260273972516,41525.56999999998,0.024540501332202255,2.7397260273972517,59.09732565309102,6597.684336174683
2023-12-13,2023,BTC Bull | Normal MVRV | Market Growth Leading,stacksats_mvrv_weight,False,sma_340d_weight,2.4610981779039478e-05,0.0027397260273972516,42917.12999999952,0.02461098177903948,2.7397260273972517,57.34535785370493,6383.758716851016
2023-12-14,2023,BTC Bull | Normal MVRV | Market Growth Leading,stacksats_mvrv_weight,False,sma_340d_weight,2.468145849490583e-05,0.0027397260273972516,43163.68999999965,0.024681458494905828,2.7397260273972517,57.181066991506114,6347.293355589556
2023-12-15,2023,BTC Bull | Normal MVRV | Market Growth Leading,stacksats_mvrv_weight,False,sma_340d_weight,2.4751931480097557e-05,0.0027397260273972516,41928.449999999946,0.024751931480097557,2.7397260273972517,59.03373838073573,6534.2888358555
2023-12-16,2023,BTC Bull | Normal MVRV | Market Growth Leading,stacksats_mvrv_weight,False,sma_340d_weight,2.4822400734910882e-05,0.0027397260273972516,42273.98999999996,0.024822400734910884,2.7397260273972517,58.71790369187036,6480.878732755659
2023-12-17,2023,BTC Bull | Normal MVRV | Market Growth Leading,stacksats_mvrv_weight,False,sma_340d_weight,2.4892866259641986e-05,0.0027397260273972516,41369.29999999969,0.024892866259641985,2.7397260273972517,60.17231681377778,6622.606685143988
2023-12-18,2023,BTC Bull | Normal MVRV | Market Growth Leading,stacksats_mvrv_weight,False,sma_340d_weight,2.4963328054587017e-05,0.0027397260273972516,42626.82999999992,0.024963328054587015,2.7397260273972517,58.56247826682646,6427.233804149304
2023-12-19,2023,BTC Bull | Normal MVRV | Market Growth Leading,stacksats_mvrv_weight,False,sma_340d_weight,2.50337861200421e-05,0.0027397260273972516,42259.40999999988,0.0250337861200421,2.7397260273972517,59.23837109898641,6483.1147131426105
2023-12-20,2023,BTC Bull | Normal MVRV | Market Growth Leading,stacksats_mvrv_weight,False,sma_340d_weight,2.5104240456303336e-05,0.0027397260273972516,43627.08999999993,0.025104240456303335,2.7397260273972517,57.54278008527127,6279.873416717128
2023-12-21,2023,BTC Bull | Normal MVRV | Market Growth Leading,stacksats_mvrv_weight,False,sma_340d_weight,2.517469106366677e-05,0.0027397260273972516,43835.97999999968,0.025174691063666772,2.7397260273972517,57.4292876848355,6249.948164492437
2023-12-22,2023,BTC Bull | Normal MVRV | Market Growth Leading,stacksats_mvrv_weight,False,sma_340d_weight,2.524513794242844e-05,0.0027397260273972516,43987.01999999956,0.02524513794242844,2.7397260273972517,57.39224421756394,6228.487466069034
2023-12-23,2023,BTC Bull | Normal MVRV | Market Growth Leading,stacksats_mvrv_weight,False,sma_340d_weight,2.5315581092884335e-05,0.0027397260273972516,43734.65999999969,0.025315581092884336,2.7397260273972517,57.884481308153575,6264.427406997725
2023-12-24,2023,BTC Bull | Normal MVRV | Market Growth Leading,stacksats_mvrv_weight,False,sma_340d_weight,2.5386020515330432e-05,0.0027397260273972516,43023.47999999985,0.025386020515330433,2.7397260273972517,59.00503751749166,6367.978665131833
2023-12-25,2023,BTC Bull | Normal MVRV | Market Growth Leading,stacksats_mvrv_weight,False,sma_340d_weight,2.5456456210062652e-05,0.0027397260273972516,43598.44999999982,0.025456456210062654,2.7397260273972517,58.38844319021148,6283.998691231599
2023-12-26,2023,BTC Bull | Normal MVRV | Market Growth Leading,stacksats_mvrv_weight,False,sma_340d_weight,2.5526888177376904e-05,0.0027397260273972516,42497.05999999991,0.025526888177376902,2.7397260273972517,60.067421551930785,6446.860153142964
2023-12-27,2023,BTC Bull | Normal MVRV | Market Growth Leading,stacksats_mvrv_weight,False,sma_340d_weight,2.5597316417569062e-05,0.0027397260273972516,43337.179999999564,0.02559731641756906,2.7397260273972517,59.06548699654505,6321.883489874697
2023-12-28,2023,BTC Bull | Normal MVRV | Market Growth Leading,stacksats_mvrv_weight,False,sma_340d_weight,2.5667740930934963e-05,0.0027397260273972516,42577.14999999949,0.025667740930934962,2.7397260273972517,60.285249085331614,6434.733248696271
2023-12-29,2023,BTC Bull | Normal MVRV | Market Growth Leading,stacksats_mvrv_weight,False,sma_340d_weight,2.5738161717770417e-05,0.0027397260273972516,41965.029999999606,0.02573816171777042,2.7397260273972517,61.33240395102937,6528.593039007186
2023-12-30,2023,BTC Bull | Normal MVRV | Market Growth Leading,stacksats_mvrv_weight,False,sma_340d_weight,0.048532494145020345,0.0027397260273972516,42205.00999999956,48.532494145020344,2.7397260273972517,114992.25837174509,6491.471101173251
2023-12-31,2023,BTC Bull | Normal MVRV | Market Growth Leading,stacksats_mvrv_weight,False,sma_340d_weight,0.0980868969642794,0.00273972602740076,42244.68999999977,98.0868969642794,2.73972602740076,232187.51744723404,6485.373729575895
